#
# A fatal error has been detected by the Java Runtime Environment:
#
#  SIGILL (0x4) at pc=0x0000000156725ba4, pid=16778, tid=33795
#
# JRE version: OpenJDK Runtime Environment (16.0.1+9) (build 16.0.1+9-24)
# Java VM: OpenJDK 64-Bit Server VM (16.0.1+9-24, mixed mode, sharing, tiered, compressed oops, compressed class ptrs, g1 gc, bsd-amd64)
# Problematic frame:
# C  [libtensorflow_framework.1.dylib+0x7ba4]  tensorflow::monitoring::MetricDef<(tensorflow::monitoring::MetricKind)1, long long, 2>::MetricDef<char [11], char [7]>(absl::string_view, absl::string_view, char const (&) [11], char const (&) [7])+0x44
#
# No core dump will be written. Core dumps have been disabled. To enable core dumping, try "ulimit -c unlimited" before starting Java again
#
# If you would like to submit a bug report, please visit:
#   https://bugreport.java.com/bugreport/crash.jsp
# The crash happened outside the Java Virtual Machine in native code.
# See problematic frame for where to report the bug.
#

---------------  S U M M A R Y ------------

Command Line: -XX:TieredStopAtLevel=1 -Xverify:none -Dspring.output.ansi.enabled=always -javaagent:/Applications/IntelliJ IDEA.app/Contents/lib/idea_rt.jar=61989:/Applications/IntelliJ IDEA.app/Contents/bin -Dcom.sun.management.jmxremote -Dspring.jmx.enabled=true -Dspring.liveBeansView.mbeanDomain -Dspring.application.admin.enabled=true -Dfile.encoding=UTF-8 com.miyagi.shashin.ShashinApplicationKt

Host: Macmini9,1 x86_64 2400 MHz, 8 cores, 8G, Darwin 20.6.0, macOS 10.16 (20G165)
Time: Thu Oct 21 22:40:45 2021 PDT elapsed time: 18.276146 seconds (0d 0h 0m 18s)

---------------  T H R E A D  ---------------

Current thread (0x00007f9faf412400):  JavaThread "restartedMain" [_thread_in_native, id=33795, stack(0x000000030e925000,0x000000030ea25000)]

Stack: [0x000000030e925000,0x000000030ea25000],  sp=0x000000030ea1dd60,  free space=995k
Native frames: (J=compiled Java code, A=aot compiled Java code, j=interpreted, Vv=VM code, C=native code)
C  [libtensorflow_framework.1.dylib+0x7ba4]  tensorflow::monitoring::MetricDef<(tensorflow::monitoring::MetricKind)1, long long, 2>::MetricDef<char [11], char [7]>(absl::string_view, absl::string_view, char const (&) [11], char const (&) [7])+0x44
C  [libtensorflow_framework.1.dylib+0x2c5b]  tensorflow::monitoring::Counter<2>* tensorflow::monitoring::Counter<2>::New<char const (&) [46], char const (&) [58], char const (&) [11], char const (&) [7]>(char const (&) [46], char const (&) [58], char const (&) [11], char const (&) [7])+0x5b
C  [libtensorflow_framework.1.dylib+0xbc71]  _GLOBAL__sub_I_loader.cc+0x31
C  0x000000020483ab47
C  0x000000020483af52
C  0x0000000204835ae6
C  0x0000000204835a51
C  0x000000020483389f
C  0x0000000204833940
C  0x0000000204823a12
C  0x000000020482f11a
C  [libdyld.dylib+0x17c94]  dlopen_internal(char const*, int, void*)+0xb9
C  [libdyld.dylib+0x607e]  dlopen+0x1c
V  [libjvm.dylib+0x892d1f]  os::dll_load(char const*, char*, int)+0x3f
V  [libjvm.dylib+0x5ba908]  JVM_LoadLibrary+0x118
C  [libjava.dylib+0x39d7]  Java_jdk_internal_loader_NativeLibraries_load+0x1e7
j  jdk.internal.loader.NativeLibraries.load(Ljdk/internal/loader/NativeLibraries$NativeLibraryImpl;Ljava/lang/String;ZZ)Z+0 java.base@16.0.1
j  jdk.internal.loader.NativeLibraries$NativeLibraryImpl.open()Z+57 java.base@16.0.1
j  jdk.internal.loader.NativeLibraries.loadLibrary(Ljava/lang/Class;Ljava/lang/String;Z)Ljdk/internal/loader/NativeLibrary;+256 java.base@16.0.1
j  jdk.internal.loader.NativeLibraries.loadLibrary(Ljava/lang/Class;Ljava/io/File;)Ljdk/internal/loader/NativeLibrary;+51 java.base@16.0.1
j  java.lang.ClassLoader.loadLibrary(Ljava/lang/Class;Ljava/io/File;)Ljdk/internal/loader/NativeLibrary;+31 java.base@16.0.1
j  java.lang.Runtime.load0(Ljava/lang/Class;Ljava/lang/String;)V+61 java.base@16.0.1
j  java.lang.System.load(Ljava/lang/String;)V+7 java.base@16.0.1
j  org.tensorflow.NativeLibrary.load()V+212
j  org.tensorflow.TensorFlow.init()V+0
j  org.tensorflow.TensorFlow.<clinit>()V+0
v  ~StubRoutines::call_stub
V  [libjvm.dylib+0x508bf2]  JavaCalls::call_helper(JavaValue*, methodHandle const&, JavaCallArguments*, Thread*)+0x2d2
V  [libjvm.dylib+0x4e7224]  InstanceKlass::call_class_initializer(Thread*)+0x254
V  [libjvm.dylib+0x4e68a1]  InstanceKlass::initialize_impl(Thread*)+0x5b1
V  [libjvm.dylib+0x723723]  LinkResolver::resolve_static_call(CallInfo&, LinkInfo const&, bool, Thread*)+0x73
V  [libjvm.dylib+0x725c50]  LinkResolver::resolve_invoke(CallInfo&, Handle, constantPoolHandle const&, int, Bytecodes::Code, Thread*)+0x80
V  [libjvm.dylib+0x501c32]  InterpreterRuntime::resolve_invoke(JavaThread*, Bytecodes::Code)+0x342
V  [libjvm.dylib+0x502316]  InterpreterRuntime::resolve_from_cache(JavaThread*, Bytecodes::Code)+0x56
j  org.tensorflow.Graph.<clinit>()V+0
v  ~StubRoutines::call_stub
V  [libjvm.dylib+0x508bf2]  JavaCalls::call_helper(JavaValue*, methodHandle const&, JavaCallArguments*, Thread*)+0x2d2
V  [libjvm.dylib+0x4e7224]  InstanceKlass::call_class_initializer(Thread*)+0x254
V  [libjvm.dylib+0x4e68a1]  InstanceKlass::initialize_impl(Thread*)+0x5b1
V  [libjvm.dylib+0x4fe76d]  InterpreterRuntime::_new(JavaThread*, ConstantPool*, int)+0xad
j  com.miyagi.shashin.component.FaceRecognizer.<init>()V+55
v  ~StubRoutines::call_stub
V  [libjvm.dylib+0x508bf2]  JavaCalls::call_helper(JavaValue*, methodHandle const&, JavaCallArguments*, Thread*)+0x2d2
V  [libjvm.dylib+0x907485]  invoke(InstanceKlass*, methodHandle const&, Handle, bool, objArrayHandle, BasicType, objArrayHandle, bool, Thread*)+0xa65
V  [libjvm.dylib+0x907b62]  Reflection::invoke_constructor(oopDesc*, objArrayHandle, Thread*)+0x1b2
V  [libjvm.dylib+0x5bb4de]  JVM_NewInstanceFromConstructor+0x19e
J 1716  jdk.internal.reflect.NativeConstructorAccessorImpl.newInstance0(Ljava/lang/reflect/Constructor;[Ljava/lang/Object;)Ljava/lang/Object; java.base@16.0.1 (0 bytes) @ 0x000000011b85fc25 [0x000000011b85fb40+0x00000000000000e5]
J 1715 c1 jdk.internal.reflect.NativeConstructorAccessorImpl.newInstance([Ljava/lang/Object;)Ljava/lang/Object; java.base@16.0.1 (135 bytes) @ 0x000000011b86098c [0x000000011b860620+0x000000000000036c]
J 1656 c1 jdk.internal.reflect.DelegatingConstructorAccessorImpl.newInstance([Ljava/lang/Object;)Ljava/lang/Object; java.base@16.0.1 (9 bytes) @ 0x000000011b84bf84 [0x000000011b84bf40+0x0000000000000044]
J 1650 c1 java.lang.reflect.Constructor.newInstanceWithCaller([Ljava/lang/Object;ZLjava/lang/Class;)Ljava/lang/Object; java.base@16.0.1 (75 bytes) @ 0x000000011b8478ac [0x000000011b8477e0+0x00000000000000cc]
J 1659 c1 java.lang.reflect.Constructor.newInstance([Ljava/lang/Object;)Ljava/lang/Object; java.base@16.0.1 (34 bytes) @ 0x000000011b84c8cc [0x000000011b84c840+0x000000000000008c]
j  kotlin.reflect.jvm.internal.calls.CallerImpl$Constructor.call([Ljava/lang/Object;)Ljava/lang/Object;+24
j  kotlin.reflect.jvm.internal.KCallableImpl.call([Ljava/lang/Object;)Ljava/lang/Object;+16
j  kotlin.reflect.jvm.internal.KCallableImpl.callDefaultMethod$kotlin_reflection(Ljava/util/Map;Lkotlin/coroutines/Continuation;)Ljava/lang/Object;+336
j  kotlin.reflect.jvm.internal.KCallableImpl.callBy(Ljava/util/Map;)Ljava/lang/Object;+24
j  org.springframework.beans.BeanUtils$KotlinDelegate.instantiateClass(Ljava/lang/reflect/Constructor;[Ljava/lang/Object;)Ljava/lang/Object;+147
J 3270 c1 org.springframework.beans.BeanUtils.instantiateClass(Ljava/lang/reflect/Constructor;[Ljava/lang/Object;)Ljava/lang/Object; (187 bytes) @ 0x000000011badc44c [0x000000011badbf60+0x00000000000004ec]
j  org.springframework.beans.factory.support.SimpleInstantiationStrategy.instantiate(Lorg/springframework/beans/factory/support/RootBeanDefinition;Ljava/lang/String;Lorg/springframework/beans/factory/BeanFactory;)Ljava/lang/Object;+140
j  org.springframework.beans.factory.support.AbstractAutowireCapableBeanFactory.instantiateBean(Ljava/lang/String;Lorg/springframework/beans/factory/support/RootBeanDefinition;)Lorg/springframework/beans/BeanWrapper;+32
j  org.springframework.beans.factory.support.AbstractAutowireCapableBeanFactory.createBeanInstance(Ljava/lang/String;Lorg/springframework/beans/factory/support/RootBeanDefinition;[Ljava/lang/Object;)Lorg/springframework/beans/BeanWrapper;+250
j  org.springframework.beans.factory.support.AbstractAutowireCapableBeanFactory.doCreateBean(Ljava/lang/String;Lorg/springframework/beans/factory/support/RootBeanDefinition;[Ljava/lang/Object;)Ljava/lang/Object;+34
j  org.springframework.beans.factory.support.AbstractAutowireCapableBeanFactory.createBean(Ljava/lang/String;Lorg/springframework/beans/factory/support/RootBeanDefinition;[Ljava/lang/Object;)Ljava/lang/Object;+169
j  org.springframework.beans.factory.support.AbstractBeanFactory.lambda$doGetBean$0(Ljava/lang/String;Lorg/springframework/beans/factory/support/RootBeanDefinition;[Ljava/lang/Object;)Ljava/lang/Object;+4
j  org.springframework.beans.factory.support.AbstractBeanFactory$$Lambda$376+0x0000000800e78000.getObject()Ljava/lang/Object;+16
j  org.springframework.beans.factory.support.DefaultSingletonBeanRegistry.getSingleton(Ljava/lang/String;Lorg/springframework/beans/factory/ObjectFactory;)Ljava/lang/Object;+132
J 3953 c1 org.springframework.beans.factory.support.AbstractBeanFactory.doGetBean(Ljava/lang/String;Ljava/lang/Class;[Ljava/lang/Object;Z)Ljava/lang/Object; (832 bytes) @ 0x000000011bc0c30c [0x000000011bc0bcc0+0x000000000000064c]
j  org.springframework.beans.factory.support.AbstractBeanFactory.getBean(Ljava/lang/String;)Ljava/lang/Object;+5
j  org.springframework.beans.factory.support.DefaultListableBeanFactory.preInstantiateSingletons()V+248
j  org.springframework.context.support.AbstractApplicationContext.finishBeanFactoryInitialization(Lorg/springframework/beans/factory/config/ConfigurableListableBeanFactory;)V+124
j  org.springframework.context.support.AbstractApplicationContext.refresh()V+86
j  org.springframework.boot.web.servlet.context.ServletWebServerApplicationContext.refresh()V+1
j  org.springframework.boot.SpringApplication.refresh(Lorg/springframework/context/ConfigurableApplicationContext;)V+1
j  org.springframework.boot.SpringApplication.refreshContext(Lorg/springframework/context/ConfigurableApplicationContext;)V+16
j  org.springframework.boot.SpringApplication.run([Ljava/lang/String;)Lorg/springframework/context/ConfigurableApplicationContext;+111
j  org.springframework.boot.SpringApplication.run([Ljava/lang/Class;[Ljava/lang/String;)Lorg/springframework/context/ConfigurableApplicationContext;+9
j  org.springframework.boot.SpringApplication.run(Ljava/lang/Class;[Ljava/lang/String;)Lorg/springframework/context/ConfigurableApplicationContext;+9
j  com.miyagi.shashin.ShashinApplicationKt.main([Ljava/lang/String;)V+29
v  ~StubRoutines::call_stub
V  [libjvm.dylib+0x508bf2]  JavaCalls::call_helper(JavaValue*, methodHandle const&, JavaCallArguments*, Thread*)+0x2d2
V  [libjvm.dylib+0x907485]  invoke(InstanceKlass*, methodHandle const&, Handle, bool, objArrayHandle, BasicType, objArrayHandle, bool, Thread*)+0xa65
V  [libjvm.dylib+0x9069b8]  Reflection::invoke_method(oopDesc*, Handle, objArrayHandle, Thread*)+0x158
V  [libjvm.dylib+0x5bb207]  JVM_InvokeMethod+0x337
j  jdk.internal.reflect.NativeMethodAccessorImpl.invoke0(Ljava/lang/reflect/Method;Ljava/lang/Object;[Ljava/lang/Object;)Ljava/lang/Object;+0 java.base@16.0.1
j  jdk.internal.reflect.NativeMethodAccessorImpl.invoke(Ljava/lang/Object;[Ljava/lang/Object;)Ljava/lang/Object;+146 java.base@16.0.1
j  jdk.internal.reflect.DelegatingMethodAccessorImpl.invoke(Ljava/lang/Object;[Ljava/lang/Object;)Ljava/lang/Object;+6 java.base@16.0.1
j  java.lang.reflect.Method.invoke(Ljava/lang/Object;[Ljava/lang/Object;)Ljava/lang/Object;+59 java.base@16.0.1
j  org.springframework.boot.devtools.restart.RestartLauncher.run()V+42
v  ~StubRoutines::call_stub
V  [libjvm.dylib+0x508bf2]  JavaCalls::call_helper(JavaValue*, methodHandle const&, JavaCallArguments*, Thread*)+0x2d2
V  [libjvm.dylib+0x507c37]  JavaCalls::call_virtual(JavaValue*, Klass*, Symbol*, Symbol*, JavaCallArguments*, Thread*)+0x147
V  [libjvm.dylib+0x507d03]  JavaCalls::call_virtual(JavaValue*, Handle, Klass*, Symbol*, Symbol*, Thread*)+0x63
V  [libjvm.dylib+0x5b6844]  thread_entry(JavaThread*, Thread*)+0xb4
V  [libjvm.dylib+0xa06020]  JavaThread::thread_main_inner()+0xd0
V  [libjvm.dylib+0xa03851]  Thread::call_run()+0x71
V  [libjvm.dylib+0x892027]  thread_native_entry(Thread*)+0x157
C  [libsystem_pthread.dylib+0x68fc]  _pthread_start+0xe0
C  [libsystem_pthread.dylib+0x2443]  thread_start+0xf

Java frames: (J=compiled Java code, j=interpreted, Vv=VM code)
j  jdk.internal.loader.NativeLibraries.load(Ljdk/internal/loader/NativeLibraries$NativeLibraryImpl;Ljava/lang/String;ZZ)Z+0 java.base@16.0.1
j  jdk.internal.loader.NativeLibraries$NativeLibraryImpl.open()Z+57 java.base@16.0.1
j  jdk.internal.loader.NativeLibraries.loadLibrary(Ljava/lang/Class;Ljava/lang/String;Z)Ljdk/internal/loader/NativeLibrary;+256 java.base@16.0.1
j  jdk.internal.loader.NativeLibraries.loadLibrary(Ljava/lang/Class;Ljava/io/File;)Ljdk/internal/loader/NativeLibrary;+51 java.base@16.0.1
j  java.lang.ClassLoader.loadLibrary(Ljava/lang/Class;Ljava/io/File;)Ljdk/internal/loader/NativeLibrary;+31 java.base@16.0.1
j  java.lang.Runtime.load0(Ljava/lang/Class;Ljava/lang/String;)V+61 java.base@16.0.1
j  java.lang.System.load(Ljava/lang/String;)V+7 java.base@16.0.1
j  org.tensorflow.NativeLibrary.load()V+212
j  org.tensorflow.TensorFlow.init()V+0
j  org.tensorflow.TensorFlow.<clinit>()V+0
v  ~StubRoutines::call_stub
j  org.tensorflow.Graph.<clinit>()V+0
v  ~StubRoutines::call_stub
j  com.miyagi.shashin.component.FaceRecognizer.<init>()V+55
v  ~StubRoutines::call_stub
J 1716  jdk.internal.reflect.NativeConstructorAccessorImpl.newInstance0(Ljava/lang/reflect/Constructor;[Ljava/lang/Object;)Ljava/lang/Object; java.base@16.0.1 (0 bytes) @ 0x000000011b85fbb3 [0x000000011b85fb40+0x0000000000000073]
J 1715 c1 jdk.internal.reflect.NativeConstructorAccessorImpl.newInstance([Ljava/lang/Object;)Ljava/lang/Object; java.base@16.0.1 (135 bytes) @ 0x000000011b86098c [0x000000011b860620+0x000000000000036c]
J 1656 c1 jdk.internal.reflect.DelegatingConstructorAccessorImpl.newInstance([Ljava/lang/Object;)Ljava/lang/Object; java.base@16.0.1 (9 bytes) @ 0x000000011b84bf84 [0x000000011b84bf40+0x0000000000000044]
J 1650 c1 java.lang.reflect.Constructor.newInstanceWithCaller([Ljava/lang/Object;ZLjava/lang/Class;)Ljava/lang/Object; java.base@16.0.1 (75 bytes) @ 0x000000011b8478ac [0x000000011b8477e0+0x00000000000000cc]
J 1659 c1 java.lang.reflect.Constructor.newInstance([Ljava/lang/Object;)Ljava/lang/Object; java.base@16.0.1 (34 bytes) @ 0x000000011b84c8cc [0x000000011b84c840+0x000000000000008c]
j  kotlin.reflect.jvm.internal.calls.CallerImpl$Constructor.call([Ljava/lang/Object;)Ljava/lang/Object;+24
j  kotlin.reflect.jvm.internal.KCallableImpl.call([Ljava/lang/Object;)Ljava/lang/Object;+16
j  kotlin.reflect.jvm.internal.KCallableImpl.callDefaultMethod$kotlin_reflection(Ljava/util/Map;Lkotlin/coroutines/Continuation;)Ljava/lang/Object;+336
j  kotlin.reflect.jvm.internal.KCallableImpl.callBy(Ljava/util/Map;)Ljava/lang/Object;+24
j  org.springframework.beans.BeanUtils$KotlinDelegate.instantiateClass(Ljava/lang/reflect/Constructor;[Ljava/lang/Object;)Ljava/lang/Object;+147
J 3270 c1 org.springframework.beans.BeanUtils.instantiateClass(Ljava/lang/reflect/Constructor;[Ljava/lang/Object;)Ljava/lang/Object; (187 bytes) @ 0x000000011badc44c [0x000000011badbf60+0x00000000000004ec]
j  org.springframework.beans.factory.support.SimpleInstantiationStrategy.instantiate(Lorg/springframework/beans/factory/support/RootBeanDefinition;Ljava/lang/String;Lorg/springframework/beans/factory/BeanFactory;)Ljava/lang/Object;+140
j  org.springframework.beans.factory.support.AbstractAutowireCapableBeanFactory.instantiateBean(Ljava/lang/String;Lorg/springframework/beans/factory/support/RootBeanDefinition;)Lorg/springframework/beans/BeanWrapper;+32
j  org.springframework.beans.factory.support.AbstractAutowireCapableBeanFactory.createBeanInstance(Ljava/lang/String;Lorg/springframework/beans/factory/support/RootBeanDefinition;[Ljava/lang/Object;)Lorg/springframework/beans/BeanWrapper;+250
j  org.springframework.beans.factory.support.AbstractAutowireCapableBeanFactory.doCreateBean(Ljava/lang/String;Lorg/springframework/beans/factory/support/RootBeanDefinition;[Ljava/lang/Object;)Ljava/lang/Object;+34
j  org.springframework.beans.factory.support.AbstractAutowireCapableBeanFactory.createBean(Ljava/lang/String;Lorg/springframework/beans/factory/support/RootBeanDefinition;[Ljava/lang/Object;)Ljava/lang/Object;+169
j  org.springframework.beans.factory.support.AbstractBeanFactory.lambda$doGetBean$0(Ljava/lang/String;Lorg/springframework/beans/factory/support/RootBeanDefinition;[Ljava/lang/Object;)Ljava/lang/Object;+4
j  org.springframework.beans.factory.support.AbstractBeanFactory$$Lambda$376+0x0000000800e78000.getObject()Ljava/lang/Object;+16
j  org.springframework.beans.factory.support.DefaultSingletonBeanRegistry.getSingleton(Ljava/lang/String;Lorg/springframework/beans/factory/ObjectFactory;)Ljava/lang/Object;+132
J 3953 c1 org.springframework.beans.factory.support.AbstractBeanFactory.doGetBean(Ljava/lang/String;Ljava/lang/Class;[Ljava/lang/Object;Z)Ljava/lang/Object; (832 bytes) @ 0x000000011bc0c30c [0x000000011bc0bcc0+0x000000000000064c]
j  org.springframework.beans.factory.support.AbstractBeanFactory.getBean(Ljava/lang/String;)Ljava/lang/Object;+5
j  org.springframework.beans.factory.support.DefaultListableBeanFactory.preInstantiateSingletons()V+248
j  org.springframework.context.support.AbstractApplicationContext.finishBeanFactoryInitialization(Lorg/springframework/beans/factory/config/ConfigurableListableBeanFactory;)V+124
j  org.springframework.context.support.AbstractApplicationContext.refresh()V+86
j  org.springframework.boot.web.servlet.context.ServletWebServerApplicationContext.refresh()V+1
j  org.springframework.boot.SpringApplication.refresh(Lorg/springframework/context/ConfigurableApplicationContext;)V+1
j  org.springframework.boot.SpringApplication.refreshContext(Lorg/springframework/context/ConfigurableApplicationContext;)V+16
j  org.springframework.boot.SpringApplication.run([Ljava/lang/String;)Lorg/springframework/context/ConfigurableApplicationContext;+111
j  org.springframework.boot.SpringApplication.run([Ljava/lang/Class;[Ljava/lang/String;)Lorg/springframework/context/ConfigurableApplicationContext;+9
j  org.springframework.boot.SpringApplication.run(Ljava/lang/Class;[Ljava/lang/String;)Lorg/springframework/context/ConfigurableApplicationContext;+9
j  com.miyagi.shashin.ShashinApplicationKt.main([Ljava/lang/String;)V+29
v  ~StubRoutines::call_stub
j  jdk.internal.reflect.NativeMethodAccessorImpl.invoke0(Ljava/lang/reflect/Method;Ljava/lang/Object;[Ljava/lang/Object;)Ljava/lang/Object;+0 java.base@16.0.1
j  jdk.internal.reflect.NativeMethodAccessorImpl.invoke(Ljava/lang/Object;[Ljava/lang/Object;)Ljava/lang/Object;+146 java.base@16.0.1
j  jdk.internal.reflect.DelegatingMethodAccessorImpl.invoke(Ljava/lang/Object;[Ljava/lang/Object;)Ljava/lang/Object;+6 java.base@16.0.1
j  java.lang.reflect.Method.invoke(Ljava/lang/Object;[Ljava/lang/Object;)Ljava/lang/Object;+59 java.base@16.0.1
j  org.springframework.boot.devtools.restart.RestartLauncher.run()V+42
v  ~StubRoutines::call_stub

siginfo: si_signo: 4 (SIGILL), si_code: 1 (ILL_ILLOPC), si_addr: 0x0000000156725ba4

Register to memory mapping:

RAX=0x40450664256d000d is an unknown value
RBX=0x00000001577b5d80: base_dist+0x80 in /private/var/folders/sg/h668g8j13ql3ndcd2dwd33_r0000gn/T/tensorflow_native_libraries-1634881235709-0/libtensorflow_framework.1.dylib at 0x000000015671e000
RCX=0x00000001577b5dae: base_dist+0xae in /private/var/folders/sg/h668g8j13ql3ndcd2dwd33_r0000gn/T/tensorflow_native_libraries-1634881235709-0/libtensorflow_framework.1.dylib at 0x000000015671e000
RDX=0x000000000000002d is an unknown value
RSP=0x000000030ea1dd60 is pointing into the stack for thread: 0x00007f9faf412400
RBP=0x000000030ea1de10 is pointing into the stack for thread: 0x00007f9faf412400
RSI=0x00000001577b5d80: base_dist+0x80 in /private/var/folders/sg/h668g8j13ql3ndcd2dwd33_r0000gn/T/tensorflow_native_libraries-1634881235709-0/libtensorflow_framework.1.dylib at 0x000000015671e000
RDI=0x000000030ea1de30 is pointing into the stack for thread: 0x00007f9faf412400
R8 =0x0000000000000039 is an unknown value
R9 =0x00000001577b5de8: base_dist+0xe8 in /private/var/folders/sg/h668g8j13ql3ndcd2dwd33_r0000gn/T/tensorflow_native_libraries-1634881235709-0/libtensorflow_framework.1.dylib at 0x000000015671e000
R10=0x0000000000000005 is an unknown value
R11=0x00007fff20475540: _platform_strlen+0 in /usr/lib/system/libsystem_platform.dylib at 0x00007fff20474000
R12=0x000000030ea1de30 is pointing into the stack for thread: 0x00007f9faf412400
R13=0x00000001577b5de8: base_dist+0xe8 in /private/var/folders/sg/h668g8j13ql3ndcd2dwd33_r0000gn/T/tensorflow_native_libraries-1634881235709-0/libtensorflow_framework.1.dylib at 0x000000015671e000
R14=0x00007f9f6ff57b00 points into unknown readable memory: 0xd000000000000000 | 00 00 00 00 00 00 00 d0
R15=0x000000000000002d is an unknown value


Registers:
RAX=0x40450664256d000d, RBX=0x00000001577b5d80, RCX=0x00000001577b5dae, RDX=0x000000000000002d
RSP=0x000000030ea1dd60, RBP=0x000000030ea1de10, RSI=0x00000001577b5d80, RDI=0x000000030ea1de30
R8 =0x0000000000000039, R9 =0x00000001577b5de8, R10=0x0000000000000005, R11=0x00007fff20475540
R12=0x000000030ea1de30, R13=0x00000001577b5de8, R14=0x00007f9f6ff57b00, R15=0x000000000000002d
RIP=0x0000000156725ba4, EFLAGS=0x0000000000000206, ERR=0x0000000000000000
  TRAPNO=0x0000000000000006

Top of Stack: (sp=0x000000030ea1dd60)
0x000000030ea1dd60:   0000000000000088 00000001577b5d00
0x000000030ea1dd70:   00000001577b5dae 0000000000000039
0x000000030ea1dd80:   000000000000002d 00000001577b5d80
0x000000030ea1dd90:   0000000000000088 0000000000000088
0x000000030ea1dda0:   0000000000000001 00007fff80740000
0x000000030ea1ddb0:   000000030ea1ddf0 00007fff20273f3b
0x000000030ea1ddc0:   00000000000053b1 00000000000053a9
0x000000030ea1ddd0:   00007f9f6ff57b00 00000001577b5d80
0x000000030ea1dde0:   40450664256d000d 00000001577b5d80
0x000000030ea1ddf0:   00000001577b5df3 00000001577b5dae
0x000000030ea1de00:   00007f9f6ff57b00 000000000000002d
0x000000030ea1de10:   000000030ea1deb0 0000000156720c5b
0x000000030ea1de20:   00000001577b5df3 0000000334528480
0x000000030ea1de30:   000000033462f7d8 000000030ea214b4
0x000000030ea1de40:   000000033744a7c8 000000030ea21374
0x000000030ea1de50:   000000030ea21620 000000030ea21624
0x000000030ea1de60:   00000003313712e8 0000000330c2fe90
0x000000030ea1de70:   000000033744a978 000000030ea215b4
0x000000030ea1de80:   00000001577b5de8 00000001577b5de8
0x000000030ea1de90:   0000000000000000 000000030ea1df50
0x000000030ea1dea0:   00007fff8076ad78 0000000000000000
0x000000030ea1deb0:   000000030ea1df40 0000000156729c71
0x000000030ea1dec0:   000000030ea1df10 00000002048311ee
0x000000030ea1ded0:   000000030ea1df00 00000002048389cd
0x000000030ea1dee0:   0000000000000000 000000030ea1df50
0x000000030ea1def0:   0000000000000000 0000000156729c40
0x000000030ea1df00:   0000000000000000 000000030ea1df50
0x000000030ea1df10:   00007fff8076ad78 0000000000000000
0x000000030ea1df20:   000000030ea1df40 0000000156729c40
0x000000030ea1df30:   00007fff8076ad78 0000000000000000
0x000000030ea1df40:   000000030ea1e0a0 000000020483ab47
0x000000030ea1df50:   000000031f070000 000000015671e000 

Instructions: (pc=0x0000000156725ba4)
0x0000000156725aa4:   c4 c1 78 11 07 4d 89 67 10 4d 89 7d 00 48 8b 5d
0x0000000156725ab4:   b0 48 8b 03 48 8b 00 48 85 c0 74 09 48 89 03 49
0x0000000156725ac4:   8b 75 00 eb 03 4c 89 fe 48 8b 7b 08 e8 fb f9 ff
0x0000000156725ad4:   ff 48 ff 43 10 b2 01 4c 89 fb 48 89 d8 48 83 c4
0x0000000156725ae4:   38 5b 41 5c 41 5d 41 5e 41 5f 5d c3 4d 89 fe 49
0x0000000156725af4:   89 c7 48 8b 45 b8 f6 00 01 74 14 49 8b 7e 30 e8
0x0000000156725b04:   54 21 e7 00 4c 89 f7 eb 39 4d 89 fe 49 89 c7 4c
0x0000000156725b14:   89 f7 eb 2e 49 89 c7 48 8b 45 a8 f6 00 01 48 8b
0x0000000156725b24:   5d c0 74 09 48 8b 7b 48 e8 2b 21 e7 00 48 8b 45
0x0000000156725b34:   b8 f6 00 01 74 09 48 8b 7b 30 e8 19 21 e7 00 48
0x0000000156725b44:   89 df e8 11 21 e7 00 4c 89 ff e8 57 1b e7 00 0f
0x0000000156725b54:   0b 66 66 2e 0f 1f 84 00 00 00 00 00 55 48 89 e5
0x0000000156725b64:   41 57 41 56 41 55 41 54 53 48 81 ec 88 00 00 00
0x0000000156725b74:   4d 89 cd 48 89 95 70 ff ff ff 48 89 b5 78 ff ff
0x0000000156725b84:   ff 49 89 fc 48 8b 05 89 8c 12 01 48 8b 00 48 89
0x0000000156725b94:   45 d0 48 89 8d 60 ff ff ff 4c 89 85 68 ff ff ff
0x0000000156725ba4:   c5 f8 57 c0 c5 f8 29 45 a0 48 c7 45 b0 00 00 00
0x0000000156725bb4:   00 4c 89 ef e8 9d 25 e7 00 49 89 c6 49 83 fe f0
0x0000000156725bc4:   0f 83 d8 01 00 00 49 83 fe 17 73 13 44 89 f0 00
0x0000000156725bd4:   c0 88 45 a0 4c 8d 7d a1 4d 85 f6 75 28 eb 34 4c
0x0000000156725be4:   89 f3 48 83 c3 10 48 83 e3 f0 48 89 df e8 72 20
0x0000000156725bf4:   e7 00 49 89 c7 4c 89 7d b0 48 83 cb 01 48 89 5d
0x0000000156725c04:   a0 4c 89 75 a8 4c 89 ff 4c 89 ee 4c 89 f2 e8 3f
0x0000000156725c14:   23 e7 00 4c 8b 6d 10 43 c6 04 37 00 4c 8d 75 b8
0x0000000156725c24:   c5 f8 57 c0 c5 f8 11 45 b8 48 c7 45 c8 00 00 00
0x0000000156725c34:   00 4c 89 ef e8 1d 25 e7 00 49 89 c7 49 83 ff f0
0x0000000156725c44:   0f 83 63 01 00 00 49 83 ff 17 73 12 44 89 f8 00
0x0000000156725c54:   c0 88 45 b8 49 ff c6 4d 85 ff 75 28 eb 34 4c 89
0x0000000156725c64:   fb 48 83 c3 10 48 83 e3 f0 48 89 df e8 f3 1f e7
0x0000000156725c74:   00 49 89 c6 4c 89 75 c8 48 83 cb 01 48 89 5d b8
0x0000000156725c84:   4c 89 7d c0 4c 89 f7 4c 89 ee 4c 89 fa e8 c0 22
0x0000000156725c94:   e7 00 43 c6 04 3e 00 c5 f8 57 c0 c5 f8 29 45 80 


Stack slot to memory mapping:
stack at sp + 0 slots: 0x0000000000000088 is an unknown value
stack at sp + 1 slots: 0x00000001577b5d00: base_dist+0 in /private/var/folders/sg/h668g8j13ql3ndcd2dwd33_r0000gn/T/tensorflow_native_libraries-1634881235709-0/libtensorflow_framework.1.dylib at 0x000000015671e000
stack at sp + 2 slots: 0x00000001577b5dae: base_dist+0xae in /private/var/folders/sg/h668g8j13ql3ndcd2dwd33_r0000gn/T/tensorflow_native_libraries-1634881235709-0/libtensorflow_framework.1.dylib at 0x000000015671e000
stack at sp + 3 slots: 0x0000000000000039 is an unknown value
stack at sp + 4 slots: 0x000000000000002d is an unknown value
stack at sp + 5 slots: 0x00000001577b5d80: base_dist+0x80 in /private/var/folders/sg/h668g8j13ql3ndcd2dwd33_r0000gn/T/tensorflow_native_libraries-1634881235709-0/libtensorflow_framework.1.dylib at 0x000000015671e000
stack at sp + 6 slots: 0x0000000000000088 is an unknown value
stack at sp + 7 slots: 0x0000000000000088 is an unknown value


---------------  P R O C E S S  ---------------

Threads class SMR info:
_java_thread_list=0x00007f9f7ed08b30, length=21, elements={
0x00007f9f9f008800, 0x00007f9f9f0c3000, 0x00007f9f9f0c5800, 0x00007f9f9f810400,
0x00007f9f9f809200, 0x00007f9f9f0c6e00, 0x00007f9f9f80a600, 0x00007f9f8f008200,
0x00007f9f9f80c000, 0x00007f9f9fc36e00, 0x00007f9f9f0c4a00, 0x00007f9faf40a200,
0x00007f9f8f00e600, 0x00007f9faf412400, 0x00007f9f7f008200, 0x00007f9f9fd18400,
0x00007f9f9fd18a00, 0x00007f9f9f117600, 0x00007f9f9f6ca200, 0x00007f9faf7f6a00,
0x00007f9faf7f4a00
}

Java Threads: ( => current thread )
  0x00007f9f9f008800 JavaThread "main" [_thread_blocked, id=9219, stack(0x000000030d0d0000,0x000000030d1d0000)]
  0x00007f9f9f0c3000 JavaThread "Reference Handler" daemon [_thread_blocked, id=43355, stack(0x000000030d7e5000,0x000000030d8e5000)]
  0x00007f9f9f0c5800 JavaThread "Finalizer" daemon [_thread_blocked, id=42755, stack(0x000000030d8e8000,0x000000030d9e8000)]
  0x00007f9f9f810400 JavaThread "Signal Dispatcher" daemon [_thread_blocked, id=23811, stack(0x000000030dafb000,0x000000030dbfb000)]
  0x00007f9f9f809200 JavaThread "Service Thread" daemon [_thread_blocked, id=24067, stack(0x000000030dbfe000,0x000000030dcfe000)]
  0x00007f9f9f0c6e00 JavaThread "Monitor Deflation Thread" daemon [_thread_blocked, id=39427, stack(0x000000030dd01000,0x000000030de01000)]
  0x00007f9f9f80a600 JavaThread "C1 CompilerThread0" daemon [_thread_blocked, id=24323, stack(0x000000030de04000,0x000000030df04000)]
  0x00007f9f8f008200 JavaThread "Sweeper thread" daemon [_thread_blocked, id=38659, stack(0x000000030df07000,0x000000030e007000)]
  0x00007f9f9f80c000 JavaThread "Common-Cleaner" daemon [_thread_blocked, id=24979, stack(0x000000030e00a000,0x000000030e10a000)]
  0x00007f9f9fc36e00 JavaThread "Monitor Ctrl-Break" daemon [_thread_in_native, id=37783, stack(0x000000030e10d000,0x000000030e20d000)]
  0x00007f9f9f0c4a00 JavaThread "Notification Thread" daemon [_thread_blocked, id=37379, stack(0x000000030e210000,0x000000030e310000)]
  0x00007f9faf40a200 JavaThread "RMI TCP Accept-0" daemon [_thread_in_native, id=26807, stack(0x000000030e519000,0x000000030e619000)]
  0x00007f9f8f00e600 JavaThread "Thread-0" [_thread_blocked, id=34383, stack(0x000000030e822000,0x000000030e922000)]
=>0x00007f9faf412400 JavaThread "restartedMain" [_thread_in_native, id=33795, stack(0x000000030e925000,0x000000030ea25000)]
  0x00007f9f7f008200 JavaThread "Attach Listener" daemon [_thread_blocked, id=31819, stack(0x000000030ec2e000,0x000000030ed2e000)]
  0x00007f9f9fd18400 JavaThread "RMI TCP Connection(1)-127.0.0.1" daemon [_thread_in_native, id=29227, stack(0x000000030ed31000,0x000000030ee31000)]
  0x00007f9f9fd18a00 JavaThread "RMI Scheduler(0)" daemon [_thread_blocked, id=44559, stack(0x000000030f13d000,0x000000030f23d000)]
  0x00007f9f9f117600 JavaThread "HikariPool-1 housekeeper" daemon [_thread_blocked, id=45039, stack(0x000000030f240000,0x000000030f340000)]
  0x00007f9f9f6ca200 JavaThread "Catalina-utility-1" [_thread_blocked, id=46287, stack(0x000000030f446000,0x000000030f546000)]
  0x00007f9faf7f6a00 JavaThread "Catalina-utility-2" [_thread_blocked, id=46339, stack(0x000000030f549000,0x000000030f649000)]
  0x00007f9faf7f4a00 JavaThread "container-0" [_thread_blocked, id=23095, stack(0x000000030f64c000,0x000000030f74c000)]

Other Threads:
  0x00007f9faed41500 VMThread "VM Thread" [stack: 0x000000030d6e2000,0x000000030d7e2000] [id=17155]
  0x00007f9faec6f030 WatcherThread [stack: 0x000000030e61c000,0x000000030e71c000] [id=26899]
  0x00007f9faed15870 GCTaskThread "GC Thread#0" [stack: 0x000000030d1d3000,0x000000030d2d3000] [id=18947]
  0x00007f9faec579c0 GCTaskThread "GC Thread#1" [stack: 0x000000030e313000,0x000000030e413000] [id=36875]
  0x00007f9faec583d0 GCTaskThread "GC Thread#2" [stack: 0x000000030e416000,0x000000030e516000] [id=26371]
  0x00007f9f9ec62120 GCTaskThread "GC Thread#3" [stack: 0x000000030e71f000,0x000000030e81f000] [id=27687]
  0x00007f9faedbc470 GCTaskThread "GC Thread#4" [stack: 0x000000030ea28000,0x000000030eb28000] [id=33187]
  0x00007f9faedbce80 GCTaskThread "GC Thread#5" [stack: 0x000000030eb2b000,0x000000030ec2b000] [id=28419]
  0x00007f9f889d0f70 GCTaskThread "GC Thread#6" [stack: 0x000000030ee34000,0x000000030ef34000] [id=30703]
  0x00007f9f889d1910 GCTaskThread "GC Thread#7" [stack: 0x000000030ef37000,0x000000030f037000] [id=31491]
  0x00007f9faed167c0 ConcurrentGCThread "G1 Main Marker" [stack: 0x000000030d2d6000,0x000000030d3d6000] [id=14339]
  0x00007f9f9ec06ba0 ConcurrentGCThread "G1 Conc#0" [stack: 0x000000030d3d9000,0x000000030d4d9000] [id=15107]
  0x00007f9f6ec2b680 ConcurrentGCThread "G1 Conc#1" [stack: 0x000000030f03a000,0x000000030f13a000] [id=43787]
  0x00007f9faed33300 ConcurrentGCThread "G1 Refine#0" [stack: 0x000000030d4dc000,0x000000030d5dc000] [id=15619]
  0x00007f9f9ec07970 ConcurrentGCThread "G1 Service" [stack: 0x000000030d5df000,0x000000030d6df000] [id=16131]

Threads with active compile tasks:

VM state: not at safepoint (normal execution)

VM Mutex/Monitor currently owned by a thread: None

Heap address: 0x0000000780000000, size: 2048 MB, Compressed Oops mode: Zero based, Oop shift amount: 3

CDS archive(s) mapped at: [0x0000000800000000-0x0000000800bb9000-0x0000000800bb9000), size 12292096, SharedBaseAddress: 0x0000000800000000, ArchiveRelocationMode: 0.
Compressed class space mapped at: 0x0000000800c00000-0x0000000840c00000, reserved size: 1073741824
Narrow klass base: 0x0000000800000000, Narrow klass shift: 3, Narrow klass range: 0x100000000

GC Precious Log:
 CPUs: 8 total, 8 available
 Memory: 8192M
 Large Page Support: Disabled
 NUMA Support: Disabled
 Compressed Oops: Enabled (Zero based)
 Heap Region Size: 1M
 Heap Min Capacity: 8M
 Heap Initial Capacity: 128M
 Heap Max Capacity: 2G
 Pre-touch: Disabled
 Parallel Workers: 8
 Concurrent Workers: 2
 Concurrent Refinement Workers: 8
 Periodic GC: Disabled

Heap:
 garbage-first heap   total 145408K, used 51697K [0x0000000780000000, 0x0000000800000000)
  region size 1024K, 11 young (11264K), 5 survivors (5120K)
 Metaspace       used 54161K, committed 54592K, reserved 1097728K
  class space    used 7407K, committed 7616K, reserved 1048576K

Heap Regions: E=young(eden), S=young(survivor), O=old, HS=humongous(starts), HC=humongous(continues), CS=collection set, F=free, OA=open archive, CA=closed archive, TAMS=top-at-mark-start (previous, next)
|   0|0x0000000780000000, 0x0000000780100000, 0x0000000780100000|100%| O|  |TAMS 0x0000000780100000, 0x0000000780100000| Untracked 
|   1|0x0000000780100000, 0x0000000780200000, 0x0000000780200000|100%| O|  |TAMS 0x0000000780200000, 0x0000000780200000| Untracked 
|   2|0x0000000780200000, 0x00000007802ffff8, 0x0000000780300000| 99%| O|  |TAMS 0x00000007802ffff8, 0x00000007802ffff8| Untracked 
|   3|0x0000000780300000, 0x0000000780400000, 0x0000000780400000|100%| O|  |TAMS 0x0000000780400000, 0x0000000780400000| Untracked 
|   4|0x0000000780400000, 0x0000000780500000, 0x0000000780500000|100%| O|  |TAMS 0x0000000780500000, 0x0000000780500000| Untracked 
|   5|0x0000000780500000, 0x0000000780600000, 0x0000000780600000|100%| O|  |TAMS 0x0000000780600000, 0x0000000780600000| Untracked 
|   6|0x0000000780600000, 0x0000000780700000, 0x0000000780700000|100%| O|  |TAMS 0x0000000780700000, 0x0000000780700000| Untracked 
|   7|0x0000000780700000, 0x0000000780800000, 0x0000000780800000|100%| O|  |TAMS 0x0000000780800000, 0x0000000780800000| Untracked 
|   8|0x0000000780800000, 0x0000000780900000, 0x0000000780900000|100%| O|  |TAMS 0x0000000780900000, 0x0000000780900000| Untracked 
|   9|0x0000000780900000, 0x0000000780a00000, 0x0000000780a00000|100%| O|  |TAMS 0x0000000780a00000, 0x0000000780a00000| Untracked 
|  10|0x0000000780a00000, 0x0000000780b00000, 0x0000000780b00000|100%| O|  |TAMS 0x0000000780b00000, 0x0000000780b00000| Untracked 
|  11|0x0000000780b00000, 0x0000000780c00000, 0x0000000780c00000|100%| O|  |TAMS 0x0000000780c00000, 0x0000000780c00000| Untracked 
|  12|0x0000000780c00000, 0x0000000780c89600, 0x0000000780d00000| 53%| O|  |TAMS 0x0000000780c89600, 0x0000000780c89600| Untracked 
|  13|0x0000000780d00000, 0x0000000780e00000, 0x0000000780e00000|100%| O|  |TAMS 0x0000000780e00000, 0x0000000780e00000| Untracked 
|  14|0x0000000780e00000, 0x0000000780f00000, 0x0000000780f00000|100%| O|  |TAMS 0x0000000780f00000, 0x0000000780f00000| Untracked 
|  15|0x0000000780f00000, 0x0000000781000000, 0x0000000781000000|100%| O|  |TAMS 0x0000000781000000, 0x0000000781000000| Untracked 
|  16|0x0000000781000000, 0x0000000781100000, 0x0000000781100000|100%| O|  |TAMS 0x0000000781100000, 0x0000000781100000| Untracked 
|  17|0x0000000781100000, 0x0000000781200000, 0x0000000781200000|100%| O|  |TAMS 0x0000000781200000, 0x0000000781200000| Untracked 
|  18|0x0000000781200000, 0x0000000781300000, 0x0000000781300000|100%| O|  |TAMS 0x0000000781300000, 0x0000000781300000| Untracked 
|  19|0x0000000781300000, 0x0000000781400000, 0x0000000781400000|100%| O|  |TAMS 0x0000000781400000, 0x0000000781400000| Untracked 
|  20|0x0000000781400000, 0x0000000781500000, 0x0000000781500000|100%| O|  |TAMS 0x0000000781500000, 0x0000000781500000| Untracked 
|  21|0x0000000781500000, 0x0000000781600000, 0x0000000781600000|100%| O|  |TAMS 0x0000000781600000, 0x0000000781600000| Untracked 
|  22|0x0000000781600000, 0x0000000781700000, 0x0000000781700000|100%| O|  |TAMS 0x0000000781666400, 0x0000000781700000| Untracked 
|  23|0x0000000781700000, 0x0000000781800000, 0x0000000781800000|100%| O|  |TAMS 0x0000000781700000, 0x0000000781800000| Untracked 
|  24|0x0000000781800000, 0x0000000781900000, 0x0000000781900000|100%| O|  |TAMS 0x0000000781800000, 0x0000000781900000| Untracked 
|  25|0x0000000781900000, 0x0000000781a00000, 0x0000000781a00000|100%| O|  |TAMS 0x0000000781900000, 0x0000000781a00000| Untracked 
|  26|0x0000000781a00000, 0x0000000781b00000, 0x0000000781b00000|100%| O|  |TAMS 0x0000000781a00000, 0x0000000781b00000| Untracked 
|  27|0x0000000781b00000, 0x0000000781c00000, 0x0000000781c00000|100%| O|  |TAMS 0x0000000781b00000, 0x0000000781c00000| Untracked 
|  28|0x0000000781c00000, 0x0000000781d00000, 0x0000000781d00000|100%| O|  |TAMS 0x0000000781c00000, 0x0000000781d00000| Untracked 
|  29|0x0000000781d00000, 0x0000000781e00000, 0x0000000781e00000|100%|HS|  |TAMS 0x0000000781d00000, 0x0000000781d00000| Complete 
|  30|0x0000000781e00000, 0x0000000781e00000, 0x0000000781f00000|  0%| F|  |TAMS 0x0000000781e00000, 0x0000000781e00000| Untracked 
|  31|0x0000000781f00000, 0x0000000782000000, 0x0000000782000000|100%| O|  |TAMS 0x0000000781f00000, 0x0000000782000000| Untracked 
|  32|0x0000000782000000, 0x0000000782100000, 0x0000000782100000|100%| O|  |TAMS 0x0000000782000000, 0x00000007820cc000| Untracked 
|  33|0x0000000782100000, 0x0000000782200000, 0x0000000782200000|100%|HS|  |TAMS 0x0000000782100000, 0x0000000782200000| Complete 
|  34|0x0000000782200000, 0x0000000782300000, 0x0000000782300000|100%|HS|  |TAMS 0x0000000782200000, 0x0000000782300000| Complete 
|  35|0x0000000782300000, 0x0000000782300000, 0x0000000782400000|  0%| F|  |TAMS 0x0000000782300000, 0x0000000782300000| Untracked 
|  36|0x0000000782400000, 0x0000000782500000, 0x0000000782500000|100%| O|  |TAMS 0x0000000782400000, 0x0000000782400000| Untracked 
|  37|0x0000000782500000, 0x0000000782600000, 0x0000000782600000|100%| O|  |TAMS 0x0000000782500000, 0x0000000782500000| Untracked 
|  38|0x0000000782600000, 0x0000000782700000, 0x0000000782700000|100%| O|  |TAMS 0x0000000782600000, 0x0000000782600000| Untracked 
|  39|0x0000000782700000, 0x0000000782800000, 0x0000000782800000|100%| O|  |TAMS 0x0000000782700000, 0x0000000782700000| Untracked 
|  40|0x0000000782800000, 0x00000007828c7000, 0x0000000782900000| 77%| O|  |TAMS 0x0000000782800000, 0x0000000782800000| Untracked 
|  41|0x0000000782900000, 0x0000000782900000, 0x0000000782a00000|  0%| F|  |TAMS 0x0000000782900000, 0x0000000782900000| Untracked 
|  42|0x0000000782a00000, 0x0000000782a00000, 0x0000000782b00000|  0%| F|  |TAMS 0x0000000782a00000, 0x0000000782a00000| Untracked 
|  43|0x0000000782b00000, 0x0000000782c00000, 0x0000000782c00000|100%|HS|  |TAMS 0x0000000782b00000, 0x0000000782b00000| Complete 
|  44|0x0000000782c00000, 0x0000000782d00000, 0x0000000782d00000|100%|HC|  |TAMS 0x0000000782c00000, 0x0000000782c00000| Complete 
|  45|0x0000000782d00000, 0x0000000782d00000, 0x0000000782e00000|  0%| F|  |TAMS 0x0000000782d00000, 0x0000000782d00000| Untracked 
|  46|0x0000000782e00000, 0x0000000782e00000, 0x0000000782f00000|  0%| F|  |TAMS 0x0000000782e00000, 0x0000000782e00000| Untracked 
|  47|0x0000000782f00000, 0x0000000782f00000, 0x0000000783000000|  0%| F|  |TAMS 0x0000000782f00000, 0x0000000782f00000| Untracked 
|  48|0x0000000783000000, 0x0000000783000000, 0x0000000783100000|  0%| F|  |TAMS 0x0000000783000000, 0x0000000783000000| Untracked 
|  49|0x0000000783100000, 0x0000000783100000, 0x0000000783200000|  0%| F|  |TAMS 0x0000000783100000, 0x0000000783100000| Untracked 
|  50|0x0000000783200000, 0x0000000783200000, 0x0000000783300000|  0%| F|  |TAMS 0x0000000783200000, 0x0000000783200000| Untracked 
|  51|0x0000000783300000, 0x0000000783300000, 0x0000000783400000|  0%| F|  |TAMS 0x0000000783300000, 0x0000000783300000| Untracked 
|  52|0x0000000783400000, 0x0000000783400000, 0x0000000783500000|  0%| F|  |TAMS 0x0000000783400000, 0x0000000783400000| Untracked 
|  53|0x0000000783500000, 0x0000000783539fc0, 0x0000000783600000| 22%| S|CS|TAMS 0x0000000783500000, 0x0000000783500000| Complete 
|  54|0x0000000783600000, 0x0000000783700000, 0x0000000783700000|100%| S|CS|TAMS 0x0000000783600000, 0x0000000783600000| Complete 
|  55|0x0000000783700000, 0x0000000783800000, 0x0000000783800000|100%| S|CS|TAMS 0x0000000783700000, 0x0000000783700000| Complete 
|  56|0x0000000783800000, 0x0000000783900000, 0x0000000783900000|100%| S|CS|TAMS 0x0000000783800000, 0x0000000783800000| Complete 
|  57|0x0000000783900000, 0x0000000783900000, 0x0000000783a00000|  0%| F|  |TAMS 0x0000000783900000, 0x0000000783900000| Untracked 
|  58|0x0000000783a00000, 0x0000000783a00000, 0x0000000783b00000|  0%| F|  |TAMS 0x0000000783a00000, 0x0000000783a00000| Untracked 
|  59|0x0000000783b00000, 0x0000000783c00000, 0x0000000783c00000|100%| S|CS|TAMS 0x0000000783b00000, 0x0000000783b00000| Complete 
|  60|0x0000000783c00000, 0x0000000783c00000, 0x0000000783d00000|  0%| F|  |TAMS 0x0000000783c00000, 0x0000000783c00000| Untracked 
|  61|0x0000000783d00000, 0x0000000783d00000, 0x0000000783e00000|  0%| F|  |TAMS 0x0000000783d00000, 0x0000000783d00000| Untracked 
|  62|0x0000000783e00000, 0x0000000783e00000, 0x0000000783f00000|  0%| F|  |TAMS 0x0000000783e00000, 0x0000000783e00000| Untracked 
|  63|0x0000000783f00000, 0x0000000783f00000, 0x0000000784000000|  0%| F|  |TAMS 0x0000000783f00000, 0x0000000783f00000| Untracked 
|  64|0x0000000784000000, 0x0000000784000000, 0x0000000784100000|  0%| F|  |TAMS 0x0000000784000000, 0x0000000784000000| Untracked 
|  65|0x0000000784100000, 0x0000000784100000, 0x0000000784200000|  0%| F|  |TAMS 0x0000000784100000, 0x0000000784100000| Untracked 
|  66|0x0000000784200000, 0x0000000784200000, 0x0000000784300000|  0%| F|  |TAMS 0x0000000784200000, 0x0000000784200000| Untracked 
|  67|0x0000000784300000, 0x0000000784300000, 0x0000000784400000|  0%| F|  |TAMS 0x0000000784300000, 0x0000000784300000| Untracked 
|  68|0x0000000784400000, 0x0000000784400000, 0x0000000784500000|  0%| F|  |TAMS 0x0000000784400000, 0x0000000784400000| Untracked 
|  69|0x0000000784500000, 0x0000000784500000, 0x0000000784600000|  0%| F|  |TAMS 0x0000000784500000, 0x0000000784500000| Untracked 
|  70|0x0000000784600000, 0x0000000784600000, 0x0000000784700000|  0%| F|  |TAMS 0x0000000784600000, 0x0000000784600000| Untracked 
|  71|0x0000000784700000, 0x0000000784700000, 0x0000000784800000|  0%| F|  |TAMS 0x0000000784700000, 0x0000000784700000| Untracked 
|  72|0x0000000784800000, 0x0000000784800000, 0x0000000784900000|  0%| F|  |TAMS 0x0000000784800000, 0x0000000784800000| Untracked 
|  73|0x0000000784900000, 0x0000000784900000, 0x0000000784a00000|  0%| F|  |TAMS 0x0000000784900000, 0x0000000784900000| Untracked 
|  74|0x0000000784a00000, 0x0000000784a00000, 0x0000000784b00000|  0%| F|  |TAMS 0x0000000784a00000, 0x0000000784a00000| Untracked 
|  75|0x0000000784b00000, 0x0000000784b00000, 0x0000000784c00000|  0%| F|  |TAMS 0x0000000784b00000, 0x0000000784b00000| Untracked 
|  76|0x0000000784c00000, 0x0000000784c00000, 0x0000000784d00000|  0%| F|  |TAMS 0x0000000784c00000, 0x0000000784c00000| Untracked 
|  77|0x0000000784d00000, 0x0000000784d00000, 0x0000000784e00000|  0%| F|  |TAMS 0x0000000784d00000, 0x0000000784d00000| Untracked 
|  78|0x0000000784e00000, 0x0000000784e00000, 0x0000000784f00000|  0%| F|  |TAMS 0x0000000784e00000, 0x0000000784e00000| Untracked 
|  79|0x0000000784f00000, 0x0000000784f00000, 0x0000000785000000|  0%| F|  |TAMS 0x0000000784f00000, 0x0000000784f00000| Untracked 
|  80|0x0000000785000000, 0x0000000785000000, 0x0000000785100000|  0%| F|  |TAMS 0x0000000785000000, 0x0000000785000000| Untracked 
|  81|0x0000000785100000, 0x0000000785100000, 0x0000000785200000|  0%| F|  |TAMS 0x0000000785100000, 0x0000000785100000| Untracked 
|  82|0x0000000785200000, 0x0000000785200000, 0x0000000785300000|  0%| F|  |TAMS 0x0000000785200000, 0x0000000785200000| Untracked 
|  83|0x0000000785300000, 0x0000000785300000, 0x0000000785400000|  0%| F|  |TAMS 0x0000000785300000, 0x0000000785300000| Untracked 
|  84|0x0000000785400000, 0x0000000785400000, 0x0000000785500000|  0%| F|  |TAMS 0x0000000785400000, 0x0000000785400000| Untracked 
|  85|0x0000000785500000, 0x0000000785500000, 0x0000000785600000|  0%| F|  |TAMS 0x0000000785500000, 0x0000000785500000| Untracked 
|  86|0x0000000785600000, 0x0000000785600000, 0x0000000785700000|  0%| F|  |TAMS 0x0000000785600000, 0x0000000785600000| Untracked 
|  87|0x0000000785700000, 0x0000000785700000, 0x0000000785800000|  0%| F|  |TAMS 0x0000000785700000, 0x0000000785700000| Untracked 
|  88|0x0000000785800000, 0x0000000785800000, 0x0000000785900000|  0%| F|  |TAMS 0x0000000785800000, 0x0000000785800000| Untracked 
|  89|0x0000000785900000, 0x0000000785900000, 0x0000000785a00000|  0%| F|  |TAMS 0x0000000785900000, 0x0000000785900000| Untracked 
|  90|0x0000000785a00000, 0x0000000785a00000, 0x0000000785b00000|  0%| F|  |TAMS 0x0000000785a00000, 0x0000000785a00000| Untracked 
|  91|0x0000000785b00000, 0x0000000785b00000, 0x0000000785c00000|  0%| F|  |TAMS 0x0000000785b00000, 0x0000000785b00000| Untracked 
|  92|0x0000000785c00000, 0x0000000785c00000, 0x0000000785d00000|  0%| F|  |TAMS 0x0000000785c00000, 0x0000000785c00000| Untracked 
|  93|0x0000000785d00000, 0x0000000785d00000, 0x0000000785e00000|  0%| F|  |TAMS 0x0000000785d00000, 0x0000000785d00000| Untracked 
|  94|0x0000000785e00000, 0x0000000785e00000, 0x0000000785f00000|  0%| F|  |TAMS 0x0000000785e00000, 0x0000000785e00000| Untracked 
|  95|0x0000000785f00000, 0x0000000785f00000, 0x0000000786000000|  0%| F|  |TAMS 0x0000000785f00000, 0x0000000785f00000| Untracked 
|  96|0x0000000786000000, 0x0000000786000000, 0x0000000786100000|  0%| F|  |TAMS 0x0000000786000000, 0x0000000786000000| Untracked 
|  97|0x0000000786100000, 0x0000000786100000, 0x0000000786200000|  0%| F|  |TAMS 0x0000000786100000, 0x0000000786100000| Untracked 
|  98|0x0000000786200000, 0x0000000786200000, 0x0000000786300000|  0%| F|  |TAMS 0x0000000786200000, 0x0000000786200000| Untracked 
|  99|0x0000000786300000, 0x0000000786300000, 0x0000000786400000|  0%| F|  |TAMS 0x0000000786300000, 0x0000000786300000| Untracked 
| 100|0x0000000786400000, 0x0000000786400000, 0x0000000786500000|  0%| F|  |TAMS 0x0000000786400000, 0x0000000786400000| Untracked 
| 101|0x0000000786500000, 0x0000000786500000, 0x0000000786600000|  0%| F|  |TAMS 0x0000000786500000, 0x0000000786500000| Untracked 
| 102|0x0000000786600000, 0x0000000786600000, 0x0000000786700000|  0%| F|  |TAMS 0x0000000786600000, 0x0000000786600000| Untracked 
| 103|0x0000000786700000, 0x0000000786700000, 0x0000000786800000|  0%| F|  |TAMS 0x0000000786700000, 0x0000000786700000| Untracked 
| 104|0x0000000786800000, 0x0000000786800000, 0x0000000786900000|  0%| F|  |TAMS 0x0000000786800000, 0x0000000786800000| Untracked 
| 105|0x0000000786900000, 0x0000000786900000, 0x0000000786a00000|  0%| F|  |TAMS 0x0000000786900000, 0x0000000786900000| Untracked 
| 106|0x0000000786a00000, 0x0000000786a00000, 0x0000000786b00000|  0%| F|  |TAMS 0x0000000786a00000, 0x0000000786a00000| Untracked 
| 107|0x0000000786b00000, 0x0000000786b00000, 0x0000000786c00000|  0%| F|  |TAMS 0x0000000786b00000, 0x0000000786b00000| Untracked 
| 108|0x0000000786c00000, 0x0000000786c00000, 0x0000000786d00000|  0%| F|  |TAMS 0x0000000786c00000, 0x0000000786c00000| Untracked 
| 109|0x0000000786d00000, 0x0000000786d00000, 0x0000000786e00000|  0%| F|  |TAMS 0x0000000786d00000, 0x0000000786d00000| Untracked 
| 110|0x0000000786e00000, 0x0000000786e00000, 0x0000000786f00000|  0%| F|  |TAMS 0x0000000786e00000, 0x0000000786e00000| Untracked 
| 111|0x0000000786f00000, 0x0000000786f00000, 0x0000000787000000|  0%| F|  |TAMS 0x0000000786f00000, 0x0000000786f00000| Untracked 
| 112|0x0000000787000000, 0x0000000787000000, 0x0000000787100000|  0%| F|  |TAMS 0x0000000787000000, 0x0000000787000000| Untracked 
| 113|0x0000000787100000, 0x0000000787100000, 0x0000000787200000|  0%| F|  |TAMS 0x0000000787100000, 0x0000000787100000| Untracked 
| 114|0x0000000787200000, 0x0000000787200000, 0x0000000787300000|  0%| F|  |TAMS 0x0000000787200000, 0x0000000787200000| Untracked 
| 115|0x0000000787300000, 0x0000000787300000, 0x0000000787400000|  0%| F|  |TAMS 0x0000000787300000, 0x0000000787300000| Untracked 
| 116|0x0000000787400000, 0x0000000787400000, 0x0000000787500000|  0%| F|  |TAMS 0x0000000787400000, 0x0000000787400000| Untracked 
| 117|0x0000000787500000, 0x0000000787500000, 0x0000000787600000|  0%| F|  |TAMS 0x0000000787500000, 0x0000000787500000| Untracked 
| 118|0x0000000787600000, 0x0000000787600000, 0x0000000787700000|  0%| F|  |TAMS 0x0000000787600000, 0x0000000787600000| Untracked 
| 119|0x0000000787700000, 0x0000000787700000, 0x0000000787800000|  0%| F|  |TAMS 0x0000000787700000, 0x0000000787700000| Untracked 
| 120|0x0000000787800000, 0x0000000787800000, 0x0000000787900000|  0%| F|  |TAMS 0x0000000787800000, 0x0000000787800000| Untracked 
| 121|0x0000000787900000, 0x0000000787900000, 0x0000000787a00000|  0%| F|  |TAMS 0x0000000787900000, 0x0000000787900000| Untracked 
| 122|0x0000000787a00000, 0x0000000787a00000, 0x0000000787b00000|  0%| F|  |TAMS 0x0000000787a00000, 0x0000000787a00000| Untracked 
| 123|0x0000000787b00000, 0x0000000787b00000, 0x0000000787c00000|  0%| F|  |TAMS 0x0000000787b00000, 0x0000000787b00000| Untracked 
| 124|0x0000000787c00000, 0x0000000787c00000, 0x0000000787d00000|  0%| F|  |TAMS 0x0000000787c00000, 0x0000000787c00000| Untracked 
| 125|0x0000000787d00000, 0x0000000787d00000, 0x0000000787e00000|  0%| F|  |TAMS 0x0000000787d00000, 0x0000000787d00000| Untracked 
| 126|0x0000000787e00000, 0x0000000787e00000, 0x0000000787f00000|  0%| F|  |TAMS 0x0000000787e00000, 0x0000000787e00000| Untracked 
| 127|0x0000000787f00000, 0x0000000787f00000, 0x0000000788000000|  0%| F|  |TAMS 0x0000000787f00000, 0x0000000787f00000| Untracked 
| 128|0x0000000788000000, 0x0000000788000000, 0x0000000788100000|  0%| F|  |TAMS 0x0000000788000000, 0x0000000788000000| Untracked 
| 129|0x0000000788100000, 0x0000000788100000, 0x0000000788200000|  0%| F|  |TAMS 0x0000000788100000, 0x0000000788100000| Untracked 
| 130|0x0000000788200000, 0x0000000788200000, 0x0000000788300000|  0%| F|  |TAMS 0x0000000788200000, 0x0000000788200000| Untracked 
| 131|0x0000000788300000, 0x0000000788300000, 0x0000000788400000|  0%| F|  |TAMS 0x0000000788300000, 0x0000000788300000| Untracked 
| 132|0x0000000788400000, 0x0000000788400000, 0x0000000788500000|  0%| F|  |TAMS 0x0000000788400000, 0x0000000788400000| Untracked 
| 133|0x0000000788500000, 0x0000000788500000, 0x0000000788600000|  0%| F|  |TAMS 0x0000000788500000, 0x0000000788500000| Untracked 
| 134|0x0000000788600000, 0x0000000788700000, 0x0000000788700000|100%| E|  |TAMS 0x0000000788600000, 0x0000000788600000| Complete 
| 135|0x0000000788700000, 0x0000000788800000, 0x0000000788800000|100%| E|CS|TAMS 0x0000000788700000, 0x0000000788700000| Complete 
| 136|0x0000000788800000, 0x0000000788900000, 0x0000000788900000|100%| E|CS|TAMS 0x0000000788800000, 0x0000000788800000| Complete 
| 137|0x0000000788900000, 0x0000000788a00000, 0x0000000788a00000|100%| E|CS|TAMS 0x0000000788900000, 0x0000000788900000| Complete 
| 138|0x0000000788a00000, 0x0000000788b00000, 0x0000000788b00000|100%| E|CS|TAMS 0x0000000788a00000, 0x0000000788a00000| Complete 
| 139|0x0000000788b00000, 0x0000000788c00000, 0x0000000788c00000|100%| E|CS|TAMS 0x0000000788b00000, 0x0000000788b00000| Complete 
|1022|0x00000007bfe00000, 0x00000007bfe75000, 0x00000007bff00000| 45%|OA|  |TAMS 0x00000007bfe75000, 0x00000007bfe75000| Untracked 
|1023|0x00000007bff00000, 0x00000007bff7d000, 0x00000007c0000000| 48%|CA|  |TAMS 0x00000007bff7d000, 0x00000007bff7d000| Untracked 

Card table byte_map: [0x000000012a2ac000,0x000000012a6ac000] _byte_map_base: 0x00000001266ac000

Marking Bits (Prev, Next): (CMBitMap*) 0x00007f9f9f02b610, (CMBitMap*) 0x00007f9f9f02b650
 Prev Bits: [0x000000012aaac000, 0x000000012caac000)
 Next Bits: [0x000000012caac000, 0x000000012eaac000)

Polling page: 0x000000010472b000

Metaspace:

Usage:
  Non-class:     45.66 MB used.
      Class:      7.23 MB used.
       Both:     52.89 MB used.

Virtual space:
  Non-class space:       48.00 MB reserved,      45.88 MB ( 96%) committed,  6 nodes.
      Class space:        1.00 GB reserved,       7.44 MB ( <1%) committed,  1 nodes.
              Both:        1.05 GB reserved,      53.31 MB (  5%) committed. 

Chunk freelists:
   Non-Class:  1.45 MB
       Class:  536.00 KB
        Both:  1.97 MB

MaxMetaspaceSize: 17179869184.00 GB
CompressedClassSpaceSize: 1.00 GB
 - commit_granule_bytes: 65536.
 - commit_granule_words: 8192.
 - virtual_space_node_default_size: 1048576.
 - enlarge_chunks_in_place: 1.
 - new_chunks_are_fully_committed: 0.
 - uncommit_free_chunks: 1.
 - use_allocation_guard: 0.
 - handle_deallocations: 1.


Internal statistics:

num_allocs_failed_limit: 8.
num_arena_births: 602.
num_arena_deaths: 0.
num_vsnodes_births: 7.
num_vsnodes_deaths: 0.
num_space_committed: 853.
num_space_uncommitted: 0.
num_chunks_returned_to_freelist: 8.
num_chunks_taken_from_freelist: 2613.
num_chunk_merges: 5.
num_chunk_splits: 1813.
num_chunks_enlarged: 1342.
num_purges: 0.

CodeHeap 'non-profiled nmethods': size=238384Kb used=11123Kb max_used=11123Kb free=227260Kb
 bounds [0x000000011b5e0000, 0x000000011c0c0000, 0x0000000129eac000]
CodeHeap 'non-nmethods': size=7376Kb used=1305Kb max_used=1305Kb free=6070Kb
 bounds [0x000000011aeac000, 0x000000011b11c000, 0x000000011b5e0000]
 total_blobs=7450 nmethods=6812 adapters=566
 compilation: enabled
              stopped_count=0, restarted_count=0
 full_count=0

Compilation events (20 events):
Event: 16.593 Thread 0x00007f9f9f80a600 6804       1       java.io.ObjectStreamClass::getFields (22 bytes)
Event: 16.594 Thread 0x00007f9f9f80a600 nmethod 6804 0x000000011c0b8d10 code [0x000000011c0b8ec0, 0x000000011c0b9020]
Event: 16.595 Thread 0x00007f9f9f80a600 6805       1       java.io.ObjectInputStream::readShort (8 bytes)
Event: 16.596 Thread 0x00007f9f9f80a600 nmethod 6805 0x000000011c0b9110 code [0x000000011c0b92c0, 0x000000011c0b93a0]
Event: 16.596 Thread 0x00007f9f9f80a600 6806       1       javax.management.ObjectName::getDomainLength (9 bytes)
Event: 16.597 Thread 0x00007f9f9f80a600 nmethod 6806 0x000000011c0b9490 code [0x000000011c0b9620, 0x000000011c0b96f0]
Event: 16.598 Thread 0x00007f9f9f80a600 6807       1       sun.rmi.transport.StreamRemoteCall::getInputStream (60 bytes)
Event: 16.598 Thread 0x00007f9f9f80a600 nmethod 6807 0x000000011c0b9790 code [0x000000011c0b9a00, 0x000000011c0ba0e0]
Event: 17.617 Thread 0x00007f9f9f80a600 6808   !   1       java.io.ObjectInputStream::filterCheck (226 bytes)
Event: 17.618 Thread 0x00007f9f9f80a600 nmethod 6808 0x000000011c0ba410 code [0x000000011c0ba640, 0x000000011c0bac40]
Event: 17.618 Thread 0x00007f9f9f80a600 6809       1       java.io.ObjectInputStream$BlockDataInputStream::read (138 bytes)
Event: 17.618 Thread 0x00007f9f9f80a600 nmethod 6809 0x000000011c0baf90 code [0x000000011c0bb180, 0x000000011c0bb580]
Event: 17.619 Thread 0x00007f9f9f80a600 6810       1       java.util.EventObject::<init> (24 bytes)
Event: 17.620 Thread 0x00007f9f9f80a600 nmethod 6810 0x000000011c0bb710 code [0x000000011c0bb8c0, 0x000000011c0bbaa0]
Event: 18.127 Thread 0x00007f9f9f80a600 6811       1       java.util.Vector::add (23 bytes)
Event: 18.127 Thread 0x00007f9f9f80a600 nmethod 6811 0x000000011c0bbb90 code [0x000000011c0bbd40, 0x000000011c0bbf60]
Event: 18.128 Thread 0x00007f9f9f80a600 6812       1       java.lang.Thread::setContextClassLoader (28 bytes)
Event: 18.128 Thread 0x00007f9f9f80a600 nmethod 6812 0x000000011c0bc090 code [0x000000011c0bc260, 0x000000011c0bc510]
Event: 18.130 Thread 0x00007f9f9f80a600 6813       1       java.io.DataInputStream::<init> (30 bytes)
Event: 18.130 Thread 0x00007f9f9f80a600 nmethod 6813 0x000000011c0bc610 code [0x000000011c0bc7c0, 0x000000011c0bcc10]

GC Heap History (20 events):
Event: 6.095 GC heap before
{Heap before GC invocations=12 (full 0):
 garbage-first heap   total 86016K, used 50424K [0x0000000780000000, 0x0000000800000000)
  region size 1024K, 28 young (28672K), 5 survivors (5120K)
 Metaspace       used 35200K, committed 35520K, reserved 1081344K
  class space    used 4833K, committed 4992K, reserved 1048576K
}
Event: 6.098 GC heap after
{Heap after GC invocations=13 (full 0):
 garbage-first heap   total 86016K, used 29165K [0x0000000780000000, 0x0000000800000000)
  region size 1024K, 4 young (4096K), 4 survivors (4096K)
 Metaspace       used 35200K, committed 35520K, reserved 1081344K
  class space    used 4833K, committed 4992K, reserved 1048576K
}
Event: 6.840 GC heap before
{Heap before GC invocations=14 (full 0):
 garbage-first heap   total 86016K, used 66029K [0x0000000780000000, 0x0000000800000000)
  region size 1024K, 40 young (40960K), 4 survivors (4096K)
 Metaspace       used 40912K, committed 41344K, reserved 1089536K
  class space    used 5615K, committed 5824K, reserved 1048576K
}
Event: 6.843 GC heap after
{Heap after GC invocations=15 (full 0):
 garbage-first heap   total 86016K, used 30531K [0x0000000780000000, 0x0000000800000000)
  region size 1024K, 3 young (3072K), 3 survivors (3072K)
 Metaspace       used 40912K, committed 41344K, reserved 1089536K
  class space    used 5615K, committed 5824K, reserved 1048576K
}
Event: 7.151 GC heap before
{Heap before GC invocations=15 (full 0):
 garbage-first heap   total 86016K, used 66371K [0x0000000780000000, 0x0000000800000000)
  region size 1024K, 38 young (38912K), 3 survivors (3072K)
 Metaspace       used 44610K, committed 44992K, reserved 1089536K
  class space    used 6088K, committed 6272K, reserved 1048576K
}
Event: 7.154 GC heap after
{Heap after GC invocations=16 (full 0):
 garbage-first heap   total 86016K, used 32080K [0x0000000780000000, 0x0000000800000000)
  region size 1024K, 5 young (5120K), 5 survivors (5120K)
 Metaspace       used 44610K, committed 44992K, reserved 1089536K
  class space    used 6088K, committed 6272K, reserved 1048576K
}
Event: 7.572 GC heap before
{Heap before GC invocations=16 (full 0):
 garbage-first heap   total 86016K, used 66896K [0x0000000780000000, 0x0000000800000000)
  region size 1024K, 39 young (39936K), 5 survivors (5120K)
 Metaspace       used 48725K, committed 49152K, reserved 1097728K
  class space    used 6739K, committed 6912K, reserved 1048576K
}
Event: 7.579 GC heap after
{Heap after GC invocations=17 (full 0):
 garbage-first heap   total 86016K, used 34084K [0x0000000780000000, 0x0000000800000000)
  region size 1024K, 4 young (4096K), 4 survivors (4096K)
 Metaspace       used 48725K, committed 49152K, reserved 1097728K
  class space    used 6739K, committed 6912K, reserved 1048576K
}
Event: 7.905 GC heap before
{Heap before GC invocations=17 (full 0):
 garbage-first heap   total 86016K, used 68900K [0x0000000780000000, 0x0000000800000000)
  region size 1024K, 37 young (37888K), 4 survivors (4096K)
 Metaspace       used 52169K, committed 52672K, reserved 1097728K
  class space    used 7119K, committed 7360K, reserved 1048576K
}
Event: 7.909 GC heap after
{Heap after GC invocations=18 (full 0):
 garbage-first heap   total 86016K, used 38173K [0x0000000780000000, 0x0000000800000000)
  region size 1024K, 5 young (5120K), 5 survivors (5120K)
 Metaspace       used 52169K, committed 52672K, reserved 1097728K
  class space    used 7119K, committed 7360K, reserved 1048576K
}
Event: 7.942 GC heap before
{Heap before GC invocations=18 (full 0):
 garbage-first heap   total 86016K, used 49437K [0x0000000780000000, 0x0000000800000000)
  region size 1024K, 13 young (13312K), 5 survivors (5120K)
 Metaspace       used 52173K, committed 52672K, reserved 1097728K
  class space    used 7120K, committed 7360K, reserved 1048576K
}
Event: 7.945 GC heap after
{Heap after GC invocations=19 (full 0):
 garbage-first heap   total 103424K, used 43572K [0x0000000780000000, 0x0000000800000000)
  region size 1024K, 3 young (3072K), 3 survivors (3072K)
 Metaspace       used 52173K, committed 52672K, reserved 1097728K
  class space    used 7120K, committed 7360K, reserved 1048576K
}
Event: 7.986 GC heap before
{Heap before GC invocations=19 (full 0):
 garbage-first heap   total 103424K, used 76340K [0x0000000780000000, 0x0000000800000000)
  region size 1024K, 35 young (35840K), 3 survivors (3072K)
 Metaspace       used 52178K, committed 52672K, reserved 1097728K
  class space    used 7120K, committed 7360K, reserved 1048576K
}
Event: 7.987 GC heap after
{Heap after GC invocations=20 (full 0):
 garbage-first heap   total 103424K, used 41403K [0x0000000780000000, 0x0000000800000000)
  region size 1024K, 2 young (2048K), 2 survivors (2048K)
 Metaspace       used 52178K, committed 52672K, reserved 1097728K
  class space    used 7120K, committed 7360K, reserved 1048576K
}
Event: 8.051 GC heap before
{Heap before GC invocations=20 (full 0):
 garbage-first heap   total 103424K, used 81339K [0x0000000780000000, 0x0000000800000000)
  region size 1024K, 38 young (38912K), 2 survivors (2048K)
 Metaspace       used 52646K, committed 53056K, reserved 1097728K
  class space    used 7157K, committed 7360K, reserved 1048576K
}
Event: 8.052 GC heap after
{Heap after GC invocations=21 (full 0):
 garbage-first heap   total 103424K, used 41852K [0x0000000780000000, 0x0000000800000000)
  region size 1024K, 2 young (2048K), 2 survivors (2048K)
 Metaspace       used 52646K, committed 53056K, reserved 1097728K
  class space    used 7157K, committed 7360K, reserved 1048576K
}
Event: 8.113 GC heap before
{Heap before GC invocations=21 (full 0):
 garbage-first heap   total 103424K, used 80764K [0x0000000780000000, 0x0000000800000000)
  region size 1024K, 40 young (40960K), 2 survivors (2048K)
 Metaspace       used 52930K, committed 53376K, reserved 1097728K
  class space    used 7197K, committed 7424K, reserved 1048576K
}
Event: 8.115 GC heap after
{Heap after GC invocations=22 (full 0):
 garbage-first heap   total 103424K, used 42047K [0x0000000780000000, 0x0000000800000000)
  region size 1024K, 2 young (2048K), 2 survivors (2048K)
 Metaspace       used 52930K, committed 53376K, reserved 1097728K
  class space    used 7197K, committed 7424K, reserved 1048576K
}
Event: 8.774 GC heap before
{Heap before GC invocations=22 (full 0):
 garbage-first heap   total 103424K, used 86079K [0x0000000780000000, 0x0000000800000000)
  region size 1024K, 41 young (41984K), 2 survivors (2048K)
 Metaspace       used 54138K, committed 54592K, reserved 1097728K
  class space    used 7403K, committed 7616K, reserved 1048576K
}
Event: 8.777 GC heap after
{Heap after GC invocations=23 (full 0):
 garbage-first heap   total 145408K, used 46577K [0x0000000780000000, 0x0000000800000000)
  region size 1024K, 5 young (5120K), 5 survivors (5120K)
 Metaspace       used 54138K, committed 54592K, reserved 1097728K
  class space    used 7403K, committed 7616K, reserved 1048576K
}

Deoptimization events (6 events):
Event: 5.180 Thread 0x00007f9faf412400 DEOPT PACKING pc=0x000000011b93d4b4 sp=0x000000030ea22e80
Event: 5.180 Thread 0x00007f9faf412400 DEOPT UNPACKING pc=0x000000011aef9b9b sp=0x000000030ea223f8 mode 0
Event: 7.639 Thread 0x00007f9faf412400 DEOPT PACKING pc=0x000000011b944c40 sp=0x000000030ea22f50
Event: 7.639 Thread 0x00007f9faf412400 DEOPT UNPACKING pc=0x000000011aef9b9b sp=0x000000030ea22488 mode 3
Event: 7.640 Thread 0x00007f9faf412400 DEOPT PACKING pc=0x000000011b922112 sp=0x000000030ea22f20
Event: 7.640 Thread 0x00007f9faf412400 DEOPT UNPACKING pc=0x000000011aef9b9b sp=0x000000030ea22488 mode 3

Classes unloaded (0 events):
No events

Classes redefined (0 events):
No events

Internal exceptions (20 events):
Event: 8.434 Thread 0x00007f9faf412400 Exception <a 'java/lang/reflect/InvocationTargetException'{0x00000007845875f8}> (0x00000007845875f8) 
thrown [./open/src/hotspot/share/runtime/reflection.cpp, line 1157]
Event: 8.438 Thread 0x00007f9faf412400 Exception <a 'java/lang/reflect/InvocationTargetException'{0x00000007845a0ff8}> (0x00000007845a0ff8) 
thrown [./open/src/hotspot/share/runtime/reflection.cpp, line 1157]
Event: 8.442 Thread 0x00007f9faf412400 Exception <a 'java/lang/reflect/InvocationTargetException'{0x00000007845b18f0}> (0x00000007845b18f0) 
thrown [./open/src/hotspot/share/runtime/reflection.cpp, line 1157]
Event: 8.444 Thread 0x00007f9faf412400 Exception <a 'java/lang/reflect/InvocationTargetException'{0x00000007845bf450}> (0x00000007845bf450) 
thrown [./open/src/hotspot/share/runtime/reflection.cpp, line 1157]
Event: 8.447 Thread 0x00007f9faf412400 Exception <a 'java/lang/reflect/InvocationTargetException'{0x00000007845d0310}> (0x00000007845d0310) 
thrown [./open/src/hotspot/share/runtime/reflection.cpp, line 1157]
Event: 8.450 Thread 0x00007f9faf412400 Exception <a 'java/lang/reflect/InvocationTargetException'{0x00000007845e0650}> (0x00000007845e0650) 
thrown [./open/src/hotspot/share/runtime/reflection.cpp, line 1157]
Event: 8.454 Thread 0x00007f9faf412400 Exception <a 'java/lang/reflect/InvocationTargetException'{0x00000007845f8fe8}> (0x00000007845f8fe8) 
thrown [./open/src/hotspot/share/runtime/reflection.cpp, line 1157]
Event: 8.571 Thread 0x00007f9faf412400 Exception <a 'java/io/FileNotFoundException'{0x0000000783e60c10}> (0x0000000783e60c10) 
thrown [./open/src/hotspot/share/prims/jni.cpp, line 579]
Event: 8.592 Thread 0x00007f9faf412400 Exception <a 'java/lang/UnsatisfiedLinkError'{0x0000000783ca58f0}: 'java.lang.String org.tensorflow.TensorFlow.version()'> (0x0000000783ca58f0) 
thrown [./open/src/hotspot/share/prims/nativeLookup.cpp, line 541]
Event: 8.783 Thread 0x00007f9f9fd18400 Exception <a 'java/lang/reflect/InvocationTargetException'{0x0000000788b7cab0}> (0x0000000788b7cab0) 
thrown [./open/src/hotspot/share/runtime/reflection.cpp, line 1157]
Event: 9.293 Thread 0x00007f9f9fd18400 Exception <a 'java/lang/reflect/InvocationTargetException'{0x0000000788bdf8e0}> (0x0000000788bdf8e0) 
thrown [./open/src/hotspot/share/runtime/reflection.cpp, line 1157]
Event: 9.817 Thread 0x00007f9f9fd18400 Exception <a 'java/lang/reflect/InvocationTargetException'{0x0000000788a00f88}> (0x0000000788a00f88) 
thrown [./open/src/hotspot/share/runtime/reflection.cpp, line 1157]
Event: 10.331 Thread 0x00007f9f9fd18400 Exception <a 'java/lang/reflect/InvocationTargetException'{0x0000000788a0db20}> (0x0000000788a0db20) 
thrown [./open/src/hotspot/share/runtime/reflection.cpp, line 1157]
Event: 10.845 Thread 0x00007f9f9fd18400 Exception <a 'java/lang/reflect/InvocationTargetException'{0x0000000788a706d0}> (0x0000000788a706d0) 
thrown [./open/src/hotspot/share/runtime/reflection.cpp, line 1157]
Event: 11.355 Thread 0x00007f9f9fd18400 Exception <a 'java/lang/reflect/InvocationTargetException'{0x0000000788906ac8}> (0x0000000788906ac8) 
thrown [./open/src/hotspot/share/runtime/reflection.cpp, line 1157]
Event: 11.866 Thread 0x00007f9f9fd18400 Exception <a 'java/lang/reflect/InvocationTargetException'{0x0000000788969700}> (0x0000000788969700) 
thrown [./open/src/hotspot/share/runtime/reflection.cpp, line 1157]
Event: 12.376 Thread 0x00007f9f9fd18400 Exception <a 'java/lang/reflect/InvocationTargetException'{0x00000007889762e8}> (0x00000007889762e8) 
thrown [./open/src/hotspot/share/runtime/reflection.cpp, line 1157]
Event: 12.890 Thread 0x00007f9f9fd18400 Exception <a 'java/lang/reflect/InvocationTargetException'{0x00000007889d98b0}> (0x00000007889d98b0) 
thrown [./open/src/hotspot/share/runtime/reflection.cpp, line 1157]
Event: 13.401 Thread 0x00007f9f9fd18400 Exception <a 'java/lang/reflect/InvocationTargetException'{0x000000078880b290}> (0x000000078880b290) 
thrown [./open/src/hotspot/share/runtime/reflection.cpp, line 1157]
Event: 13.958 Thread 0x00007f9f9fd18400 Exception <a 'java/lang/reflect/InvocationTargetException'{0x00000007888cf8f0}> (0x00000007888cf8f0) 
thrown [./open/src/hotspot/share/runtime/reflection.cpp, line 1157]

Events (20 events):
Event: 16.077 Thread 0x00007f9f9f712200 Thread added: 0x00007f9f9f712200
Event: 16.077 Protecting memory [0x000000030f343000,0x000000030f347000] with protection modes 0
Event: 16.086 Protecting memory [0x000000030f343000,0x000000030f347000] with protection modes 3
Event: 16.086 Thread 0x00007f9f9f712200 Thread exited: 0x00007f9f9f712200
Event: 16.592 Thread 0x00007f9f9fd20c00 Thread added: 0x00007f9f9fd20c00
Event: 16.592 Protecting memory [0x000000030f343000,0x000000030f347000] with protection modes 0
Event: 16.598 Protecting memory [0x000000030f343000,0x000000030f347000] with protection modes 3
Event: 16.598 Thread 0x00007f9f9fd20c00 Thread exited: 0x00007f9f9fd20c00
Event: 17.105 Thread 0x00007f9f9f712200 Thread added: 0x00007f9f9f712200
Event: 17.105 Protecting memory [0x000000030f343000,0x000000030f347000] with protection modes 0
Event: 17.112 Protecting memory [0x000000030f343000,0x000000030f347000] with protection modes 3
Event: 17.112 Thread 0x00007f9f9f712200 Thread exited: 0x00007f9f9f712200
Event: 17.616 Thread 0x00007f9faf7ff400 Thread added: 0x00007f9faf7ff400
Event: 17.616 Protecting memory [0x000000030f343000,0x000000030f347000] with protection modes 0
Event: 17.619 Protecting memory [0x000000030f343000,0x000000030f347000] with protection modes 3
Event: 17.619 Thread 0x00007f9faf7ff400 Thread exited: 0x00007f9faf7ff400
Event: 18.126 Thread 0x00007f9f9fd20c00 Thread added: 0x00007f9f9fd20c00
Event: 18.126 Protecting memory [0x000000030f343000,0x000000030f347000] with protection modes 0
Event: 18.130 Protecting memory [0x000000030f343000,0x000000030f347000] with protection modes 3
Event: 18.130 Thread 0x00007f9f9fd20c00 Thread exited: 0x00007f9f9fd20c00


Dynamic libraries:
0x00007ffdffc7c000 	/usr/libexec/rosetta/runtime
0x000000010c731000 	/Library/Apple/usr/libexec/oah/libRosettaRuntime
0x00007fff2a6b8000 	/usr/lib/libz.1.dylib
0x000000010cc31000 	/Users/michaelyagi/Library/Java/JavaVirtualMachines/openjdk-16.0.1/Contents/Home/lib/libjli.dylib
0x00007fff35245000 	/System/Library/Frameworks/Cocoa.framework/Versions/A/Cocoa
0x00007fff221ec000 	/System/Library/Frameworks/Security.framework/Versions/A/Security
0x00007fff3344d000 	/System/Library/Frameworks/ApplicationServices.framework/Versions/A/ApplicationServices
0x00007fff2a784000 	/usr/lib/libSystem.B.dylib
0x00007fff2a77e000 	/usr/lib/system/libcache.dylib
0x00007fff2a73a000 	/usr/lib/system/libcommonCrypto.dylib
0x00007fff2a764000 	/usr/lib/system/libcompiler_rt.dylib
0x00007fff2a759000 	/usr/lib/system/libcopyfile.dylib
0x00007fff201ba000 	/usr/lib/system/libcorecrypto.dylib
0x00007fff20285000 	/usr/lib/system/libdispatch.dylib
0x00007fff20438000 	/usr/lib/system/libdyld.dylib
0x00007fff2a775000 	/usr/lib/system/libkeymgr.dylib
0x00007fff2dcdd000 	/usr/lib/system/liblaunch.dylib
0x00007fff2a718000 	/usr/lib/system/libmacho.dylib
0x00007fff29f0c000 	/usr/lib/system/libquarantine.dylib
0x00007fff2a772000 	/usr/lib/system/libremovefile.dylib
0x00007fff24bc8000 	/usr/lib/system/libsystem_asl.dylib
0x00007fff2016a000 	/usr/lib/system/libsystem_blocks.dylib
0x00007fff20307000 	/usr/lib/system/libsystem_c.dylib
0x00007fff2a76c000 	/usr/lib/system/libsystem_collections.dylib
0x00007fff29304000 	/usr/lib/system/libsystem_configuration.dylib
0x00007fff285ec000 	/usr/lib/system/libsystem_containermanager.dylib
0x00007fff2a4b7000 	/usr/lib/system/libsystem_coreservices.dylib
0x00007fff227a4000 	/usr/lib/system/libsystem_darwin.dylib
0x00007fff2a776000 	/usr/lib/system/libsystem_dnssd.dylib
0x00007fff20304000 	/usr/lib/system/libsystem_featureflags.dylib
0x00007fff2047e000 	/usr/lib/system/libsystem_info.dylib
0x00007fff2a6cb000 	/usr/lib/system/libsystem_m.dylib
0x00007fff20258000 	/usr/lib/system/libsystem_malloc.dylib
0x00007fff24b5b000 	/usr/lib/system/libsystem_networkextension.dylib
0x00007fff22bc3000 	/usr/lib/system/libsystem_notify.dylib
0x00007fff30174000 	/usr/lib/system/libsystem_product_info_filter.dylib
0x00007fff29308000 	/usr/lib/system/libsystem_sandbox.dylib
0x00007fff2a76f000 	/usr/lib/system/libsystem_secinit.dylib
0x00007fff203fc000 	/usr/lib/system/libsystem_kernel.dylib
0x00007fff20474000 	/usr/lib/system/libsystem_platform.dylib
0x00007fff2042c000 	/usr/lib/system/libsystem_pthread.dylib
0x00007fff262d9000 	/usr/lib/system/libsystem_symptoms.dylib
0x00007fff201a2000 	/usr/lib/system/libsystem_trace.dylib
0x00007fff2a746000 	/usr/lib/system/libunwind.dylib
0x00007fff2016c000 	/usr/lib/system/libxpc.dylib
0x00007fff203e6000 	/usr/lib/libc++abi.dylib
0x00007fff202ca000 	/usr/lib/libobjc.A.dylib
0x00007fff2a751000 	/usr/lib/liboah.dylib
0x00007fff20390000 	/usr/lib/libc++.1.dylib
0x00007fff204aa000 	/System/Library/Frameworks/CoreFoundation.framework/Versions/A/CoreFoundation
0x00007fff21184000 	/System/Library/Frameworks/Foundation.framework/Versions/C/Foundation
0x00007fff22c1d000 	/System/Library/Frameworks/AppKit.framework/Versions/C/AppKit
0x00007fff25b09000 	/System/Library/Frameworks/CoreData.framework/Versions/A/CoreData
0x00007fff23969000 	/System/Library/PrivateFrameworks/UIFoundation.framework/Versions/A/UIFoundation
0x00007fff2ff07000 	/System/Library/PrivateFrameworks/RemoteViewServices.framework/Versions/A/RemoteViewServices
0x00007fff28cb2000 	/System/Library/PrivateFrameworks/XCTTargetBootstrap.framework/Versions/A/XCTTargetBootstrap
0x00007fff2ba05000 	/usr/lib/libspindump.dylib
0x00007fff23bb8000 	/System/Library/Frameworks/UniformTypeIdentifiers.framework/Versions/A/UniformTypeIdentifiers
0x00007fff274b6000 	/usr/lib/libapp_launch_measurement.dylib
0x00007fff274b9000 	/System/Library/PrivateFrameworks/CoreAutoLayout.framework/Versions/A/CoreAutoLayout
0x00007fff28619000 	/System/Library/Frameworks/Metal.framework/Versions/A/Metal
0x00007fff29313000 	/usr/lib/liblangid.dylib
0x00007fff28cb6000 	/System/Library/PrivateFrameworks/CoreSVG.framework/Versions/A/CoreSVG
0x00007fff24bf8000 	/System/Library/PrivateFrameworks/SkyLight.framework/Versions/A/SkyLight
0x00007fff24f5e000 	/System/Library/Frameworks/CoreGraphics.framework/Versions/A/CoreGraphics
0x00007fff3042e000 	/System/Library/Frameworks/Accelerate.framework/Versions/A/Accelerate
0x00007fff2b443000 	/System/Library/PrivateFrameworks/IconServices.framework/Versions/A/IconServices
0x00007fff285fd000 	/System/Library/Frameworks/IOSurface.framework/Versions/A/IOSurface
0x00007fff2649d000 	/usr/lib/libDiagnosticMessagesClient.dylib
0x00007fff28c9e000 	/System/Library/PrivateFrameworks/DFRFoundation.framework/Versions/A/DFRFoundation
0x00007fff22544000 	/usr/lib/libicucore.A.dylib
0x00007fff2cf46000 	/System/Library/Frameworks/AudioToolbox.framework/Versions/A/AudioToolbox
0x00007fff2c1ce000 	/System/Library/PrivateFrameworks/DataDetectorsCore.framework/Versions/A/DataDetectorsCore
0x00007fff24b6b000 	/usr/lib/libMobileGestalt.dylib
0x00007fff289a2000 	/System/Library/Frameworks/Carbon.framework/Versions/A/Frameworks/HIToolbox.framework/Versions/A/HIToolbox
0x00007fff26efb000 	/System/Library/Frameworks/QuartzCore.framework/Versions/A/QuartzCore
0x00007fff2ff3f000 	/System/Library/Frameworks/Carbon.framework/Versions/A/Frameworks/SpeechRecognition.framework/Versions/A/SpeechRecognition
0x00007fff2721b000 	/System/Library/PrivateFrameworks/CoreUI.framework/Versions/A/CoreUI
0x00007fff21b5a000 	/System/Library/Frameworks/CoreAudio.framework/Versions/A/CoreAudio
0x00007fff26588000 	/System/Library/Frameworks/DiskArbitration.framework/Versions/A/DiskArbitration
0x00007fff2bdd2000 	/System/Library/PrivateFrameworks/MultitouchSupport.framework/Versions/A/MultitouchSupport
0x00007fff2c1c5000 	/System/Library/PrivateFrameworks/InternationalSupport.framework/Versions/A/InternationalSupport
0x00007fff24b6a000 	/usr/lib/libenergytrace.dylib
0x00007fff22b14000 	/System/Library/Frameworks/IOKit.framework/Versions/A/IOKit
0x00007fff30272000 	/System/Library/Frameworks/CoreServices.framework/Versions/A/CoreServices
0x00007fff27448000 	/System/Library/PrivateFrameworks/PerformanceAnalysis.framework/Versions/A/PerformanceAnalysis
0x00007fff6bded000 	/System/Library/Frameworks/OpenGL.framework/Versions/A/OpenGL
0x00007fff2c249000 	/System/Library/PrivateFrameworks/UserActivity.framework/Versions/A/UserActivity
0x00007fff25610000 	/System/Library/Frameworks/ColorSync.framework/Versions/A/ColorSync
0x00007fff28f21000 	/System/Library/Frameworks/CoreImage.framework/Versions/A/CoreImage
0x00007fff21974000 	/System/Library/Frameworks/CoreText.framework/Versions/A/CoreText
0x00007fff28ce0000 	/System/Library/Frameworks/ImageIO.framework/Versions/A/ImageIO
0x00007fff2a78a000 	/System/Library/PrivateFrameworks/SoftLinking.framework/Versions/A/SoftLinking
0x00007fff27501000 	/usr/lib/libxml2.2.dylib
0x00007fff2a9f7000 	/usr/lib/libcompression.dylib
0x00007fff2c0f7000 	/System/Library/PrivateFrameworks/TextureIO.framework/Versions/A/TextureIO
0x00007fff2b0e7000 	/usr/lib/libate.dylib
0x00007fff2ae13000 	/usr/lib/liblzma.5.dylib
0x00007fff20e98000 	/System/Library/Frameworks/SystemConfiguration.framework/Versions/A/SystemConfiguration
0x00007fff2a786000 	/usr/lib/libfakelink.dylib
0x00007fff246bc000 	/System/Library/Frameworks/CFNetwork.framework/Versions/A/CFNetwork
0x00007fff2a8c6000 	/usr/lib/libarchive.2.dylib
0x00007fff20f16000 	/usr/lib/libCRFSuite.dylib
0x00007fff29f33000 	/usr/lib/libbsm.0.dylib
0x00007fff24035000 	/usr/lib/libnetwork.dylib
0x00007fff2a78b000 	/usr/lib/libpcap.A.dylib
0x00007fff262d2000 	/usr/lib/libdns_services.dylib
0x00007fff2ae2c000 	/usr/lib/libcoretls_cfhelpers.dylib
0x00007fff2a9c5000 	/usr/lib/libapple_nghttp2.dylib
0x00007fff2a71e000 	/usr/lib/system/libkxld.dylib
0x00007fff25f50000 	/usr/lib/libsqlite3.dylib
0x00007fff2a49a000 	/System/Library/PrivateFrameworks/AppleFSCompression.framework/Versions/A/AppleFSCompression
0x00007fff29f1b000 	/usr/lib/libcoretls.dylib
0x00007fff2a9f2000 	/usr/lib/libpam.2.dylib
0x00007fff2af2a000 	/usr/lib/libxar.1.dylib
0x00007fff2930f000 	/System/Library/PrivateFrameworks/AppleSystemInfo.framework/Versions/A/AppleSystemInfo
0x00007fff29b5d000 	/System/Library/PrivateFrameworks/IOMobileFramebuffer.framework/Versions/A/IOMobileFramebuffer
0x00007fff2a4aa000 	/usr/lib/libbz2.1.0.dylib
0x00007fff2a7c3000 	/usr/lib/libiconv.2.dylib
0x00007fff2a717000 	/usr/lib/libcharset.1.dylib
0x00007fff27484000 	/System/Library/Frameworks/CoreServices.framework/Versions/A/Frameworks/FSEvents.framework/Versions/A/FSEvents
0x00007fff227ae000 	/System/Library/Frameworks/CoreServices.framework/Versions/A/Frameworks/CarbonCore.framework/Versions/A/CarbonCore
0x00007fff264ed000 	/System/Library/Frameworks/CoreServices.framework/Versions/A/Frameworks/Metadata.framework/Versions/A/Metadata
0x00007fff2a4bc000 	/System/Library/Frameworks/CoreServices.framework/Versions/A/Frameworks/OSServices.framework/Versions/A/OSServices
0x00007fff2a938000 	/System/Library/Frameworks/CoreServices.framework/Versions/A/Frameworks/SearchKit.framework/Versions/A/SearchKit
0x00007fff2625d000 	/System/Library/Frameworks/CoreServices.framework/Versions/A/Frameworks/AE.framework/Versions/A/AE
0x00007fff20949000 	/System/Library/Frameworks/CoreServices.framework/Versions/A/Frameworks/LaunchServices.framework/Versions/A/LaunchServices
0x00007fff2adc3000 	/System/Library/Frameworks/CoreServices.framework/Versions/A/Frameworks/DictionaryServices.framework/Versions/A/DictionaryServices
0x00007fff27491000 	/System/Library/Frameworks/CoreServices.framework/Versions/A/Frameworks/SharedFileList.framework/Versions/A/SharedFileList
0x00007fff29f0f000 	/usr/lib/libCheckFix.dylib
0x00007fff24bdf000 	/System/Library/PrivateFrameworks/TCC.framework/Versions/A/TCC
0x00007fff29315000 	/System/Library/PrivateFrameworks/CoreNLP.framework/Versions/A/CoreNLP
0x00007fff264a0000 	/System/Library/PrivateFrameworks/MetadataUtilities.framework/Versions/A/MetadataUtilities
0x00007fff20f4b000 	/usr/lib/libmecabra.dylib
0x00007fff2a219000 	/System/Library/Frameworks/MLCompute.framework/Versions/A/MLCompute
0x00007fff29f44000 	/usr/lib/libmecab.dylib
0x00007fff29f8e000 	/usr/lib/libgermantok.dylib
0x00007fff2a9a0000 	/usr/lib/libThaiTokenizer.dylib
0x00007fff2af65000 	/usr/lib/libChineseTokenizer.dylib
0x00007fff2a9f0000 	/System/Library/Frameworks/MetalPerformanceShaders.framework/Versions/A/MetalPerformanceShaders
0x00007fff2658f000 	/System/Library/Frameworks/Accelerate.framework/Versions/A/Frameworks/vImage.framework/Versions/A/vImage
0x00007fff3024c000 	/System/Library/Frameworks/Accelerate.framework/Versions/A/Frameworks/vecLib.framework/Versions/A/vecLib
0x00007fff2af70000 	/System/Library/Frameworks/Accelerate.framework/Versions/A/Frameworks/vecLib.framework/Versions/A/libvMisc.dylib
0x00007fff299bd000 	/System/Library/Frameworks/Accelerate.framework/Versions/A/Frameworks/vecLib.framework/Versions/A/libvDSP.dylib
0x00007fff20c54000 	/System/Library/Frameworks/Accelerate.framework/Versions/A/Frameworks/vecLib.framework/Versions/A/libBLAS.dylib
0x00007fff2aa1e000 	/System/Library/Frameworks/Accelerate.framework/Versions/A/Frameworks/vecLib.framework/Versions/A/libLAPACK.dylib
0x00007fff29f94000 	/System/Library/Frameworks/Accelerate.framework/Versions/A/Frameworks/vecLib.framework/Versions/A/libLinearAlgebra.dylib
0x00007fff2a9dd000 	/System/Library/Frameworks/Accelerate.framework/Versions/A/Frameworks/vecLib.framework/Versions/A/libSparseBLAS.dylib
0x00007fff2aa18000 	/System/Library/Frameworks/Accelerate.framework/Versions/A/Frameworks/vecLib.framework/Versions/A/libQuadrature.dylib
0x00007fff293c1000 	/System/Library/Frameworks/Accelerate.framework/Versions/A/Frameworks/vecLib.framework/Versions/A/libBNNS.dylib
0x00007fff20e29000 	/System/Library/Frameworks/Accelerate.framework/Versions/A/Frameworks/vecLib.framework/Versions/A/libSparse.dylib
0x00007fff2929d000 	/System/Library/Frameworks/MetalPerformanceShaders.framework/Versions/A/Frameworks/MPSCore.framework/Versions/A/MPSCore
0x00007fff2a409000 	/System/Library/Frameworks/MetalPerformanceShaders.framework/Versions/A/Frameworks/MPSImage.framework/Versions/A/MPSImage
0x00007fff29faa000 	/System/Library/Frameworks/MetalPerformanceShaders.framework/Versions/A/Frameworks/MPSNeuralNetwork.framework/Versions/A/MPSNeuralNetwork
0x00007fff2a37b000 	/System/Library/Frameworks/MetalPerformanceShaders.framework/Versions/A/Frameworks/MPSMatrix.framework/Versions/A/MPSMatrix
0x00007fff2a1c9000 	/System/Library/Frameworks/MetalPerformanceShaders.framework/Versions/A/Frameworks/MPSRayIntersector.framework/Versions/A/MPSRayIntersector
0x00007fff2a3b2000 	/System/Library/Frameworks/MetalPerformanceShaders.framework/Versions/A/Frameworks/MPSNDArray.framework/Versions/A/MPSNDArray
0x00007fff20b7f000 	/System/Library/PrivateFrameworks/MetalTools.framework/Versions/A/MetalTools
0x00007fff2930d000 	/System/Library/PrivateFrameworks/AggregateDictionary.framework/Versions/A/AggregateDictionary
0x00007fff2646d000 	/System/Library/PrivateFrameworks/CoreAnalytics.framework/Versions/A/CoreAnalytics
0x00007fff2a9a2000 	/System/Library/PrivateFrameworks/AppleSauce.framework/Versions/A/AppleSauce
0x00007fff2860f000 	/System/Library/PrivateFrameworks/IOAccelerator.framework/Versions/A/IOAccelerator
0x00007fff6bde1000 	/System/Library/Frameworks/OpenGL.framework/Versions/A/Libraries/libCoreFSCache.dylib
0x00007fff214e3000 	/System/Library/PrivateFrameworks/LanguageModeling.framework/Versions/A/LanguageModeling
0x00007fff29b4b000 	/System/Library/PrivateFrameworks/CoreEmoji.framework/Versions/A/CoreEmoji
0x00007fff293ba000 	/System/Library/PrivateFrameworks/LinguisticData.framework/Versions/A/LinguisticData
0x00007fff20ddb000 	/System/Library/PrivateFrameworks/Lexicon.framework/Versions/A/Lexicon
0x00007fff2a8b4000 	/usr/lib/libcmph.dylib
0x00007fff27464000 	/System/Library/Frameworks/OpenDirectory.framework/Versions/A/Frameworks/CFOpenDirectory.framework/Versions/A/CFOpenDirectory
0x00007fff27454000 	/System/Library/Frameworks/OpenDirectory.framework/Versions/A/OpenDirectory
0x00007fff2ae2e000 	/System/Library/PrivateFrameworks/APFS.framework/Versions/A/APFS
0x00007fff29e71000 	/System/Library/Frameworks/SecurityFoundation.framework/Versions/A/SecurityFoundation
0x00007fff2af38000 	/usr/lib/libutil.dylib
0x00007fff22ad9000 	/System/Library/PrivateFrameworks/CoreServicesStore.framework/Versions/A/CoreServicesStore
0x00007fff29f07000 	/System/Library/Frameworks/ServiceManagement.framework/Versions/A/ServiceManagement
0x00007fff2af3c000 	/usr/lib/libxslt.1.dylib
0x00007fff29efd000 	/System/Library/PrivateFrameworks/BackgroundTaskManagement.framework/Versions/A/BackgroundTaskManagement
0x00007fff2c042000 	/System/Library/Frameworks/ImageIO.framework/Versions/A/Resources/libRadiance.dylib
0x00007fff2c04b000 	/System/Library/Frameworks/ImageIO.framework/Versions/A/Resources/libJPEG.dylib
0x00007fff2bf9c000 	/System/Library/Frameworks/ImageIO.framework/Versions/A/Resources/libPng.dylib
0x00007fff2bfbd000 	/System/Library/Frameworks/ImageIO.framework/Versions/A/Resources/libTIFF.dylib
0x00007fff2c0a0000 	/System/Library/Frameworks/ImageIO.framework/Versions/A/Resources/libGIF.dylib
0x00007fff2bcef000 	/System/Library/Frameworks/ImageIO.framework/Versions/A/Resources/libJP2.dylib
0x00007fff2b40a000 	/usr/lib/libexpat.1.dylib
0x00007fff2bca5000 	/System/Library/PrivateFrameworks/AppleJPEG.framework/Versions/A/AppleJPEG
0x00007fff28845000 	/System/Library/PrivateFrameworks/FontServices.framework/libFontParser.dylib
0x00007fff26214000 	/System/Library/PrivateFrameworks/RunningBoardServices.framework/Versions/A/RunningBoardServices
0x00007fff2bdce000 	/System/Library/PrivateFrameworks/WatchdogClient.framework/Versions/A/WatchdogClient
0x00007fff215cc000 	/System/Library/Frameworks/CoreDisplay.framework/Versions/A/CoreDisplay
0x00007fff2875a000 	/System/Library/Frameworks/CoreMedia.framework/Versions/A/CoreMedia
0x00007fff275e4000 	/System/Library/Frameworks/CoreVideo.framework/Versions/A/CoreVideo
0x00007fff2be09000 	/System/Library/Frameworks/VideoToolbox.framework/Versions/A/VideoToolbox
0x00007fff26194000 	/System/Library/PrivateFrameworks/BaseBoard.framework/Versions/A/BaseBoard
0x00007fff2b54f000 	/System/Library/PrivateFrameworks/PersistentConnection.framework/Versions/A/PersistentConnection
0x00007fff25f3a000 	/System/Library/PrivateFrameworks/ProtocolBuffer.framework/Versions/A/ProtocolBuffer
0x00007fff2617c000 	/System/Library/PrivateFrameworks/CommonUtilities.framework/Versions/A/CommonUtilities
0x00007fff2bc68000 	/System/Library/PrivateFrameworks/Bom.framework/Versions/A/Bom
0x00007fff2c03a000 	/System/Library/PrivateFrameworks/GPUWrangler.framework/Versions/A/GPUWrangler
0x00007fff2c01d000 	/System/Library/PrivateFrameworks/IOPresentment.framework/Versions/A/IOPresentment
0x00007fff2c045000 	/System/Library/PrivateFrameworks/DSExternalDisplay.framework/Versions/A/DSExternalDisplay
0x00007fff2c0a5000 	/System/Library/PrivateFrameworks/CMCaptureCore.framework/Versions/A/CMCaptureCore
0x00007fff2b9eb000 	/System/Library/PrivateFrameworks/AppServerSupport.framework/Versions/A/AppServerSupport
0x00007fff2da80000 	/System/Library/PrivateFrameworks/perfdata.framework/Versions/A/perfdata
0x00007fff29e60000 	/System/Library/PrivateFrameworks/AssertionServices.framework/Versions/A/AssertionServices
0x00007fff21703000 	/System/Library/PrivateFrameworks/AudioToolboxCore.framework/Versions/A/AudioToolboxCore
0x00007fff2873d000 	/System/Library/PrivateFrameworks/caulk.framework/Versions/A/caulk
0x00007fff3cf2c000 	/System/Library/PrivateFrameworks/SystemPolicy.framework/Versions/A/SystemPolicy
0x00007fff2b219000 	/usr/lib/libIOReport.dylib
0x00007fff2d2bc000 	/usr/lib/libSMC.dylib
0x00007fff2bf68000 	/usr/lib/libAudioToolboxUtility.dylib
0x00007fff3d889000 	/usr/lib/libmis.dylib
0x00007fff6be3d000 	/System/Library/Frameworks/OpenGL.framework/Versions/A/Libraries/libGLU.dylib
0x00007fff6be00000 	/System/Library/Frameworks/OpenGL.framework/Versions/A/Libraries/libGFXShared.dylib
0x00007fff6c00e000 	/System/Library/Frameworks/OpenGL.framework/Versions/A/Libraries/libGL.dylib
0x00007fff6be09000 	/System/Library/Frameworks/OpenGL.framework/Versions/A/Libraries/libGLImage.dylib
0x00007fff6bdfd000 	/System/Library/Frameworks/OpenGL.framework/Versions/A/Libraries/libCVMSPluginSupport.dylib
0x00007fff6bde8000 	/System/Library/Frameworks/OpenGL.framework/Versions/A/Libraries/libCoreVMClient.dylib
0x00007fff6d458000 	/System/Library/Frameworks/OpenCL.framework/Versions/A/OpenCL
0x00007fff2b578000 	/System/Library/PrivateFrameworks/GraphVisualizer.framework/Versions/A/GraphVisualizer
0x00007fff2b587000 	/System/Library/PrivateFrameworks/FaceCore.framework/Versions/A/FaceCore
0x00007fff2b9a3000 	/System/Library/PrivateFrameworks/OTSVG.framework/Versions/A/OTSVG
0x00007fff271d9000 	/System/Library/Frameworks/ApplicationServices.framework/Versions/A/Frameworks/ATS.framework/Versions/A/Resources/libFontRegistry.dylib
0x00007fff2b9f2000 	/System/Library/PrivateFrameworks/FontServices.framework/libhvf.dylib
0x00007fff2b3b6000 	/System/Library/PrivateFrameworks/AppleVA.framework/Versions/A/AppleVA
0x00007fff2d104000 	/System/Library/Frameworks/ApplicationServices.framework/Versions/A/Frameworks/ATS.framework/Versions/A/ATS
0x00007fff2d417000 	/System/Library/Frameworks/ApplicationServices.framework/Versions/A/Frameworks/ColorSyncLegacy.framework/Versions/A/ColorSyncLegacy
0x00007fff25707000 	/System/Library/Frameworks/ApplicationServices.framework/Versions/A/Frameworks/HIServices.framework/Versions/A/HIServices
0x00007fff2d3fc000 	/System/Library/Frameworks/ApplicationServices.framework/Versions/A/Frameworks/LangAnalysis.framework/Versions/A/LangAnalysis
0x00007fff2c0af000 	/System/Library/Frameworks/ApplicationServices.framework/Versions/A/Frameworks/PrintCore.framework/Versions/A/PrintCore
0x00007fff2d41f000 	/System/Library/Frameworks/ApplicationServices.framework/Versions/A/Frameworks/QD.framework/Versions/A/QD
0x00007fff2d0f4000 	/System/Library/Frameworks/ApplicationServices.framework/Versions/A/Frameworks/SpeechSynthesis.framework/Versions/A/SpeechSynthesis
0x00007fff2c070000 	/System/Library/Frameworks/ApplicationServices.framework/Versions/A/Frameworks/ATSUI.framework/Versions/A/ATSUI
0x00007fff2d39c000 	/usr/lib/libcups.2.dylib
0x00007fff2d40c000 	/System/Library/PrivateFrameworks/NetAuth.framework/Versions/A/NetAuth
0x00007fff2da9b000 	/System/Library/Frameworks/Kerberos.framework/Versions/A/Kerberos
0x00007fff2daab000 	/System/Library/Frameworks/GSS.framework/Versions/A/GSS
0x00007fff2d171000 	/usr/lib/libresolv.9.dylib
0x00007fff2ba08000 	/System/Library/PrivateFrameworks/Heimdal.framework/Versions/A/Heimdal
0x00007fff33762000 	/System/Library/Frameworks/Kerberos.framework/Versions/A/Libraries/libHeimdalProxy.dylib
0x00007fff262e1000 	/System/Library/Frameworks/Network.framework/Versions/A/Network
0x00007fff2b424000 	/usr/lib/libheimdal-asn1.dylib
0x00007fff2dafc000 	/System/Library/PrivateFrameworks/CommonAuth.framework/Versions/A/CommonAuth
0x00007fff27632000 	/System/Library/PrivateFrameworks/login.framework/Versions/A/Frameworks/loginsupport.framework/Versions/A/loginsupport
0x00007fff2d07b000 	/System/Library/PrivateFrameworks/AudioSession.framework/Versions/A/AudioSession
0x00007fff2d0e1000 	/usr/lib/libAudioStatistics.dylib
0x00007fff2b4b0000 	/System/Library/PrivateFrameworks/MediaExperience.framework/Versions/A/MediaExperience
0x00007fff2cf14000 	/System/Library/PrivateFrameworks/AudioSession.framework/libSessionUtility.dylib
0x00007fff2da8c000 	/usr/lib/libperfcheck.dylib
0x00007fff2d42b000 	/System/Library/PrivateFrameworks/AudioResourceArbitration.framework/Versions/A/AudioResourceArbitration
0x00007fff2b42e000 	/System/Library/PrivateFrameworks/IconFoundation.framework/Versions/A/IconFoundation
0x00007fff2ff2f000 	/System/Library/PrivateFrameworks/SpeechRecognitionCore.framework/Versions/A/SpeechRecognitionCore
0x0000000111000000 	/Users/michaelyagi/Library/Java/JavaVirtualMachines/openjdk-16.0.1/Contents/Home/lib/server/libjvm.dylib
0x000000010ccd8000 	/Users/michaelyagi/Library/Java/JavaVirtualMachines/openjdk-16.0.1/Contents/Home/lib/libjimage.dylib
0x000000010ccf3000 	/Users/michaelyagi/Library/Java/JavaVirtualMachines/openjdk-16.0.1/Contents/Home/lib/libinstrument.dylib
0x000000010cd18000 	/Users/michaelyagi/Library/Java/JavaVirtualMachines/openjdk-16.0.1/Contents/Home/lib/libjava.dylib
0x0000000133306000 	/Users/michaelyagi/Library/Java/JavaVirtualMachines/openjdk-16.0.1/Contents/Home/lib/libzip.dylib
0x000000013332d000 	/Users/michaelyagi/Library/Java/JavaVirtualMachines/openjdk-16.0.1/Contents/Home/lib/libnio.dylib
0x000000013335d000 	/Users/michaelyagi/Library/Java/JavaVirtualMachines/openjdk-16.0.1/Contents/Home/lib/libnet.dylib
0x00000001334e4000 	/Users/michaelyagi/Library/Java/JavaVirtualMachines/openjdk-16.0.1/Contents/Home/lib/libextnet.dylib
0x0000000133503000 	/Users/michaelyagi/Library/Java/JavaVirtualMachines/openjdk-16.0.1/Contents/Home/lib/libmanagement.dylib
0x0000000133522000 	/Users/michaelyagi/Library/Java/JavaVirtualMachines/openjdk-16.0.1/Contents/Home/lib/libmanagement_ext.dylib
0x0000000136802000 	/private/var/folders/sg/h668g8j13ql3ndcd2dwd33_r0000gn/T/sqlite-3.34.0-31609c4c-fa6d-403c-a773-c179b88129e7-libsqlitejdbc.jnilib
0x0000000137b69000 	/private/var/folders/sg/h668g8j13ql3ndcd2dwd33_r0000gn/T/tensorflow_native_libraries-1634881235709-0/libtensorflow_jni.dylib
0x000000015671e000 	/private/var/folders/sg/h668g8j13ql3ndcd2dwd33_r0000gn/T/tensorflow_native_libraries-1634881235709-0/libtensorflow_framework.1.dylib


VM Arguments:
jvm_args: -XX:TieredStopAtLevel=1 -Xverify:none -Dspring.output.ansi.enabled=always -javaagent:/Applications/IntelliJ IDEA.app/Contents/lib/idea_rt.jar=61989:/Applications/IntelliJ IDEA.app/Contents/bin -Dcom.sun.management.jmxremote -Dspring.jmx.enabled=true -Dspring.liveBeansView.mbeanDomain -Dspring.application.admin.enabled=true -Dfile.encoding=UTF-8 
java_command: com.miyagi.shashin.ShashinApplicationKt
java_class_path (initial): /Users/michaelyagi/Documents/Github/shashin/target/classes:/Users/michaelyagi/.m2/repository/org/springframework/boot/spring-boot-starter-thymeleaf/2.5.3/spring-boot-starter-thymeleaf-2.5.3.jar:/Users/michaelyagi/.m2/repository/org/springframework/boot/spring-boot-starter/2.5.3/spring-boot-starter-2.5.3.jar:/Users/michaelyagi/.m2/repository/org/springframework/boot/spring-boot-starter-logging/2.5.3/spring-boot-starter-logging-2.5.3.jar:/Users/michaelyagi/.m2/repository/ch/qos/logback/logback-classic/1.2.4/logback-classic-1.2.4.jar:/Users/michaelyagi/.m2/repository/ch/qos/logback/logback-core/1.2.4/logback-core-1.2.4.jar:/Users/michaelyagi/.m2/repository/org/apache/logging/log4j/log4j-to-slf4j/2.14.1/log4j-to-slf4j-2.14.1.jar:/Users/michaelyagi/.m2/repository/org/apache/logging/log4j/log4j-api/2.14.1/log4j-api-2.14.1.jar:/Users/michaelyagi/.m2/repository/org/slf4j/jul-to-slf4j/1.7.32/jul-to-slf4j-1.7.32.jar:/Users/michaelyagi/.m2/repository/jakarta/annotation/jakarta.annotation-api/1.3.5/jakarta.annotation-api-1.3.5.jar:/Users/michaelyagi/.m2/repository/org/thymeleaf/thymeleaf-spring5/3.0.12.RELEASE/thymeleaf-spring5-3.0.12.RELEASE.jar:/Users/michaelyagi/.m2/repository/org/thymeleaf/thymeleaf/3.0.12.RELEASE/thymeleaf-3.0.12.RELEASE.jar:/Users/michaelyagi/.m2/repository/org/attoparser/attoparser/2.0.5.RELEASE/attoparser-2.0.5.RELEASE.jar:/Users/michaelyagi/.m2/repository/org/unbescape/unbescape/1.1.6.RELEASE/unbescape-1.1.6.RELEASE.jar:/Users/michaelyagi/.m2/repository/org/thymeleaf/extras/thymeleaf-extras-java8time/3.0.4.RELEASE/thymeleaf-extras-java8time-3.0.4.RELEASE.jar:/Users/michaelyagi/.m2/repository/org/springframework/boot/spring-boot-starter-web/2.5.3/spring-boot-starter-web-2.5.3.jar:/Users/michaelyagi/.m2/repository/org/springframework/boot/spring-boot-starter-json/2.5.3/spring-boot-starter-json-2.5.3.jar:/Users/michaelyagi/.m2/repository/com/fasterxml/jackson/datatype/jackson-datatype-jdk8/2.12.4/jackson-datatype-jdk8-2.12.4.j
Launcher Type: SUN_STANDARD

[Global flags]
     intx CICompilerCount                          = 4                                         {product} {ergonomic}
     uint ConcGCThreads                            = 2                                         {product} {ergonomic}
     uint G1ConcRefinementThreads                  = 8                                         {product} {ergonomic}
   size_t G1HeapRegionSize                         = 1048576                                   {product} {ergonomic}
    uintx GCDrainStackTargetSize                   = 64                                        {product} {ergonomic}
   size_t InitialHeapSize                          = 134217728                                 {product} {ergonomic}
     bool ManagementServer                         = true                                      {product} {command line}
   size_t MarkStackSize                            = 4194304                                   {product} {ergonomic}
   size_t MaxHeapSize                              = 2147483648                                {product} {ergonomic}
   size_t MaxNewSize                               = 1287651328                                {product} {ergonomic}
   size_t MinHeapDeltaBytes                        = 1048576                                   {product} {ergonomic}
   size_t MinHeapSize                              = 8388608                                   {product} {ergonomic}
    uintx NonNMethodCodeHeapSize                   = 7549744                                {pd product} {ergonomic}
    uintx NonProfiledCodeHeapSize                  = 244108496                              {pd product} {ergonomic}
    uintx ProfiledCodeHeapSize                     = 0                                      {pd product} {ergonomic}
    uintx ReservedCodeCacheSize                    = 251658240                              {pd product} {ergonomic}
     bool SegmentedCodeCache                       = true                                      {product} {ergonomic}
   size_t SoftMaxHeapSize                          = 2147483648                             {manageable} {ergonomic}
     intx TieredStopAtLevel                        = 1                                         {product} {command line}
     bool UseCompressedClassPointers               = true                           {product lp64_product} {ergonomic}
     bool UseCompressedOops                        = true                           {product lp64_product} {ergonomic}
     bool UseG1GC                                  = true                                      {product} {ergonomic}
     bool UseNUMA                                  = false                                     {product} {ergonomic}
     bool UseNUMAInterleaving                      = false                                     {product} {ergonomic}

Logging:
Log output configuration:
 #0: stdout all=warning uptime,level,tags
 #1: stderr all=off uptime,level,tags

Environment Variables:
PATH=/opt/homebrew/bin:/opt/homebrew/sbin:/usr/local/bin:/usr/bin:/bin:/usr/sbin:/sbin:/Library/Apple/usr/bin:/Library/Frameworks/Mono.framework/Versions/Current/Commands
SHELL=/bin/zsh
LC_CTYPE=en_CA.UTF-8

Signal Handlers:
SIGSEGV: [libjvm.dylib+0xa7da90], sa_mask[0]=11100110100111111111111111111111, sa_flags=SA_ONSTACK|SA_RESTART|SA_SIGINFO
SIGBUS: [libjvm.dylib+0xa7da90], sa_mask[0]=11100110100111111111111111111111, sa_flags=SA_RESTART|SA_SIGINFO
SIGFPE: [libjvm.dylib+0xa7da90], sa_mask[0]=11100110100111111111111111111111, sa_flags=SA_RESTART|SA_SIGINFO
SIGPIPE: [libjvm.dylib+0x947540], sa_mask[0]=11100110100111111111111111111111, sa_flags=SA_RESTART|SA_SIGINFO
SIGXFSZ: [libjvm.dylib+0x947540], sa_mask[0]=11100110100111111111111111111111, sa_flags=SA_RESTART|SA_SIGINFO
SIGILL: [libjvm.dylib+0xa7da90], sa_mask[0]=11100110100111111111111111111111, sa_flags=SA_RESTART|SA_SIGINFO
SIGUSR2: [libjvm.dylib+0x947ff0], sa_mask[0]=00100000000000000000000000000000, sa_flags=SA_RESTART|SA_SIGINFO
SIGHUP: [libjvm.dylib+0x9465b0], sa_mask[0]=11100110100111111111111111111111, sa_flags=SA_RESTART|SA_SIGINFO
SIGINT: [libjvm.dylib+0x9465b0], sa_mask[0]=11100110100111111111111111111111, sa_flags=SA_RESTART|SA_SIGINFO
SIGTERM: [libjvm.dylib+0x9465b0], sa_mask[0]=11100110100111111111111111111111, sa_flags=SA_RESTART|SA_SIGINFO
SIGQUIT: [libjvm.dylib+0x9465b0], sa_mask[0]=11100110100111111111111111111111, sa_flags=SA_RESTART|SA_SIGINFO
SIGTRAP: [libjvm.dylib+0xa7da90], sa_mask[0]=11100110100111111111111111111111, sa_flags=SA_RESTART|SA_SIGINFO


---------------  S Y S T E M  ---------------

OS:uname: Darwin 20.6.0 Darwin Kernel Version 20.6.0: Mon Aug 30 06:12:20 PDT 2021; root:xnu-7195.141.6~3/RELEASE_ARM64_T8101 x86_64
OS uptime: 23 days 6:31 hours
rlimit (soft/hard): STACK 8176k/65520k , CORE 0k/infinity , NPROC 1333/2000 , NOFILE 10240/infinity , AS infinity/infinity , CPU infinity/infinity , DATA infinity/infinity , FSIZE infinity/infinity , MEMLOCK infinity/infinity , RSS infinity/infinity
load average: 3.81 3.14 2.48

CPU: total 8 (initial active 8) (1 cores per cpu, 1 threads per core) family 6 model 44 stepping 0 microcode 0x0, cx8, cmov, fxsr, mmx, sse, sse2, sse3, ssse3, sse4.1, sse4.2, popcnt, tsc, tscinvbit, aes, clmul, clflush

Memory: 4k page, physical 8388608k(381136k free), swap 15728640k(1190400k free)

vm_info: OpenJDK 64-Bit Server VM (16.0.1+9-24) for bsd-amd64 JRE (16.0.1+9-24), built on Mar 26 2021 18:17:32 by "mach5one" with clang 4.2.1 Compatible Apple LLVM 11.0.0 (clang-1100.0.33.17)

END.
