2021-08-11 07:46:56,102 INFO org.springframework.boot.StartupInfoLogger [restartedMain] Starting ShashinApplicationKt using Java 16.0.2 on LAPTOP-KQMN93J1 with PID 9704 (C:\Users\micha\IdeaProjects\shashin\target\classes started by micha in C:\Users\micha\IdeaProjects\shashin)
2021-08-11 07:46:56,110 INFO org.springframework.boot.SpringApplication [restartedMain] No active profile set, falling back to default profiles: default
2021-08-11 07:46:56,303 INFO org.springframework.boot.logging.DeferredLog [restartedMain] Devtools property defaults active! Set 'spring.devtools.add-properties' to 'false' to disable
2021-08-11 07:46:56,305 INFO org.springframework.boot.logging.DeferredLog [restartedMain] For additional web related logging consider setting the 'logging.level.web' property to 'DEBUG'
2021-08-11 07:46:59,278 INFO org.springframework.boot.web.embedded.tomcat.TomcatWebServer [restartedMain] Tomcat initialized with port(s): 8080 (http)
2021-08-11 07:46:59,321 INFO org.apache.juli.logging.DirectJDKLog [restartedMain] Initializing ProtocolHandler ["http-nio-8080"]
2021-08-11 07:46:59,324 INFO org.apache.juli.logging.DirectJDKLog [restartedMain] Starting service [Tomcat]
2021-08-11 07:46:59,326 INFO org.apache.juli.logging.DirectJDKLog [restartedMain] Starting Servlet engine: [Apache Tomcat/9.0.50]
2021-08-11 07:46:59,596 INFO org.apache.juli.logging.DirectJDKLog [restartedMain] Initializing Spring embedded WebApplicationContext
2021-08-11 07:46:59,597 INFO org.springframework.boot.web.servlet.context.ServletWebServerApplicationContext [restartedMain] Root WebApplicationContext: initialization completed in 3286 ms
2021-08-11 07:47:00,418 INFO org.springframework.boot.autoconfigure.web.servlet.WelcomePageHandlerMapping [restartedMain] Adding welcome page: class path resource [static/index.html]
2021-08-11 07:47:00,786 INFO org.springframework.boot.devtools.autoconfigure.OptionalLiveReloadServer [restartedMain] LiveReload server is running on port 35729
2021-08-11 07:47:00,822 INFO org.apache.juli.logging.DirectJDKLog [restartedMain] Starting ProtocolHandler ["http-nio-8080"]
2021-08-11 07:47:00,908 INFO org.springframework.boot.web.embedded.tomcat.TomcatWebServer [restartedMain] Tomcat started on port(s): 8080 (http) with context path ''
2021-08-11 07:47:00,936 INFO org.springframework.boot.StartupInfoLogger [restartedMain] Started ShashinApplicationKt in 6.002 seconds (JVM running for 8.364)
2021-08-11 07:47:03,777 INFO org.apache.juli.logging.DirectJDKLog [http-nio-8080-exec-2] Initializing Spring DispatcherServlet 'dispatcherServlet'
2021-08-11 07:47:03,779 INFO org.springframework.web.servlet.FrameworkServlet [http-nio-8080-exec-2] Initializing Servlet 'dispatcherServlet'
2021-08-11 07:47:03,785 INFO org.springframework.web.servlet.FrameworkServlet [http-nio-8080-exec-2] Completed initialization in 5 ms
2021-08-11 07:48:06,185 INFO org.springframework.boot.StartupInfoLogger [restartedMain] Starting ShashinApplicationKt using Java 16.0.2 on LAPTOP-KQMN93J1 with PID 19144 (C:\Users\micha\IdeaProjects\shashin\target\classes started by micha in C:\Users\micha\IdeaProjects\shashin)
2021-08-11 07:48:06,191 INFO org.springframework.boot.SpringApplication [restartedMain] No active profile set, falling back to default profiles: default
2021-08-11 07:48:06,295 INFO org.springframework.boot.logging.DeferredLog [restartedMain] Devtools property defaults active! Set 'spring.devtools.add-properties' to 'false' to disable
2021-08-11 07:48:06,297 INFO org.springframework.boot.logging.DeferredLog [restartedMain] For additional web related logging consider setting the 'logging.level.web' property to 'DEBUG'
2021-08-11 07:48:09,743 INFO org.springframework.boot.web.embedded.tomcat.TomcatWebServer [restartedMain] Tomcat initialized with port(s): 8080 (http)
2021-08-11 07:48:09,768 INFO org.apache.juli.logging.DirectJDKLog [restartedMain] Initializing ProtocolHandler ["http-nio-8080"]
2021-08-11 07:48:09,770 INFO org.apache.juli.logging.DirectJDKLog [restartedMain] Starting service [Tomcat]
2021-08-11 07:48:09,771 INFO org.apache.juli.logging.DirectJDKLog [restartedMain] Starting Servlet engine: [Apache Tomcat/9.0.50]
2021-08-11 07:48:09,918 INFO org.apache.juli.logging.DirectJDKLog [restartedMain] Initializing Spring embedded WebApplicationContext
2021-08-11 07:48:09,919 INFO org.springframework.boot.web.servlet.context.ServletWebServerApplicationContext [restartedMain] Root WebApplicationContext: initialization completed in 3620 ms
2021-08-11 07:48:10,597 INFO org.springframework.boot.autoconfigure.web.servlet.WelcomePageHandlerMapping [restartedMain] Adding welcome page: class path resource [static/index.html]
2021-08-11 07:48:10,957 INFO org.springframework.boot.devtools.autoconfigure.OptionalLiveReloadServer [restartedMain] LiveReload server is running on port 35729
2021-08-11 07:48:11,005 INFO org.apache.juli.logging.DirectJDKLog [restartedMain] Starting ProtocolHandler ["http-nio-8080"]
2021-08-11 07:48:11,078 INFO org.springframework.boot.web.embedded.tomcat.TomcatWebServer [restartedMain] Tomcat started on port(s): 8080 (http) with context path ''
2021-08-11 07:48:11,116 INFO org.springframework.boot.StartupInfoLogger [restartedMain] Started ShashinApplicationKt in 6.028 seconds (JVM running for 8.52)
2021-08-11 07:48:14,238 INFO org.apache.juli.logging.DirectJDKLog [http-nio-8080-exec-1] Initializing Spring DispatcherServlet 'dispatcherServlet'
2021-08-11 07:48:14,239 INFO org.springframework.web.servlet.FrameworkServlet [http-nio-8080-exec-1] Initializing Servlet 'dispatcherServlet'
2021-08-11 07:48:14,242 INFO org.springframework.web.servlet.FrameworkServlet [http-nio-8080-exec-1] Completed initialization in 2 ms
2021-08-11 07:48:50,343 INFO org.springframework.boot.StartupInfoLogger [restartedMain] Starting ShashinApplicationKt using Java 16.0.2 on LAPTOP-KQMN93J1 with PID 18556 (C:\Users\micha\IdeaProjects\shashin\target\classes started by micha in C:\Users\micha\IdeaProjects\shashin)
2021-08-11 07:48:50,350 INFO org.springframework.boot.SpringApplication [restartedMain] No active profile set, falling back to default profiles: default
2021-08-11 07:48:50,482 INFO org.springframework.boot.logging.DeferredLog [restartedMain] Devtools property defaults active! Set 'spring.devtools.add-properties' to 'false' to disable
2021-08-11 07:48:50,484 INFO org.springframework.boot.logging.DeferredLog [restartedMain] For additional web related logging consider setting the 'logging.level.web' property to 'DEBUG'
2021-08-11 07:48:52,787 INFO org.springframework.boot.web.embedded.tomcat.TomcatWebServer [restartedMain] Tomcat initialized with port(s): 8080 (http)
2021-08-11 07:48:52,802 INFO org.apache.juli.logging.DirectJDKLog [restartedMain] Initializing ProtocolHandler ["http-nio-8080"]
2021-08-11 07:48:52,803 INFO org.apache.juli.logging.DirectJDKLog [restartedMain] Starting service [Tomcat]
2021-08-11 07:48:52,804 INFO org.apache.juli.logging.DirectJDKLog [restartedMain] Starting Servlet engine: [Apache Tomcat/9.0.50]
2021-08-11 07:48:52,918 INFO org.apache.juli.logging.DirectJDKLog [restartedMain] Initializing Spring embedded WebApplicationContext
2021-08-11 07:48:52,919 INFO org.springframework.boot.web.servlet.context.ServletWebServerApplicationContext [restartedMain] Root WebApplicationContext: initialization completed in 2432 ms
2021-08-11 07:48:53,511 INFO org.springframework.boot.autoconfigure.web.servlet.WelcomePageHandlerMapping [restartedMain] Adding welcome page: class path resource [static/index.html]
2021-08-11 07:48:53,774 INFO org.springframework.boot.devtools.autoconfigure.OptionalLiveReloadServer [restartedMain] LiveReload server is running on port 35729
2021-08-11 07:48:53,803 INFO org.apache.juli.logging.DirectJDKLog [restartedMain] Starting ProtocolHandler ["http-nio-8080"]
2021-08-11 07:48:53,878 INFO org.springframework.boot.web.embedded.tomcat.TomcatWebServer [restartedMain] Tomcat started on port(s): 8080 (http) with context path ''
2021-08-11 07:48:53,911 INFO org.springframework.boot.StartupInfoLogger [restartedMain] Started ShashinApplicationKt in 4.774 seconds (JVM running for 6.916)
2021-08-11 07:48:53,979 INFO org.apache.juli.logging.DirectJDKLog [http-nio-8080-exec-3] Initializing Spring DispatcherServlet 'dispatcherServlet'
2021-08-11 07:48:53,981 INFO org.springframework.web.servlet.FrameworkServlet [http-nio-8080-exec-3] Initializing Servlet 'dispatcherServlet'
2021-08-11 07:48:53,982 INFO org.springframework.web.servlet.FrameworkServlet [http-nio-8080-exec-3] Completed initialization in 1 ms
2021-08-11 07:52:34,367 INFO org.springframework.boot.StartupInfoLogger [restartedMain] Starting ShashinApplicationKt using Java 16.0.2 on LAPTOP-KQMN93J1 with PID 19328 (C:\Users\micha\IdeaProjects\shashin\target\classes started by micha in C:\Users\micha\IdeaProjects\shashin)
2021-08-11 07:52:34,382 INFO org.springframework.boot.SpringApplication [restartedMain] No active profile set, falling back to default profiles: default
2021-08-11 07:52:34,530 INFO org.springframework.boot.logging.DeferredLog [restartedMain] Devtools property defaults active! Set 'spring.devtools.add-properties' to 'false' to disable
2021-08-11 07:52:34,532 INFO org.springframework.boot.logging.DeferredLog [restartedMain] For additional web related logging consider setting the 'logging.level.web' property to 'DEBUG'
2021-08-11 07:52:37,335 INFO org.springframework.boot.web.embedded.tomcat.TomcatWebServer [restartedMain] Tomcat initialized with port(s): 8080 (http)
2021-08-11 07:52:37,358 INFO org.apache.juli.logging.DirectJDKLog [restartedMain] Initializing ProtocolHandler ["http-nio-8080"]
2021-08-11 07:52:37,363 INFO org.apache.juli.logging.DirectJDKLog [restartedMain] Starting service [Tomcat]
2021-08-11 07:52:37,364 INFO org.apache.juli.logging.DirectJDKLog [restartedMain] Starting Servlet engine: [Apache Tomcat/9.0.50]
2021-08-11 07:52:37,505 INFO org.apache.juli.logging.DirectJDKLog [restartedMain] Initializing Spring embedded WebApplicationContext
2021-08-11 07:52:37,506 INFO org.springframework.boot.web.servlet.context.ServletWebServerApplicationContext [restartedMain] Root WebApplicationContext: initialization completed in 2971 ms
2021-08-11 07:52:38,118 INFO org.springframework.boot.autoconfigure.web.servlet.WelcomePageHandlerMapping [restartedMain] Adding welcome page: class path resource [static/index.html]
2021-08-11 07:52:38,437 INFO org.springframework.boot.devtools.autoconfigure.OptionalLiveReloadServer [restartedMain] LiveReload server is running on port 35729
2021-08-11 07:52:38,482 INFO org.apache.juli.logging.DirectJDKLog [restartedMain] Starting ProtocolHandler ["http-nio-8080"]
2021-08-11 07:52:38,574 INFO org.springframework.boot.web.embedded.tomcat.TomcatWebServer [restartedMain] Tomcat started on port(s): 8080 (http) with context path ''
2021-08-11 07:52:38,609 INFO org.springframework.boot.StartupInfoLogger [restartedMain] Started ShashinApplicationKt in 5.457 seconds (JVM running for 7.385)
2021-08-11 07:52:39,108 INFO org.apache.juli.logging.DirectJDKLog [http-nio-8080-exec-1] Initializing Spring DispatcherServlet 'dispatcherServlet'
2021-08-11 07:52:39,110 INFO org.springframework.web.servlet.FrameworkServlet [http-nio-8080-exec-1] Initializing Servlet 'dispatcherServlet'
2021-08-11 07:52:39,113 INFO org.springframework.web.servlet.FrameworkServlet [http-nio-8080-exec-1] Completed initialization in 2 ms
2021-08-11 07:53:31,157 INFO org.springframework.boot.StartupInfoLogger [restartedMain] Starting ShashinApplicationKt using Java 16.0.2 on LAPTOP-KQMN93J1 with PID 2844 (C:\Users\micha\IdeaProjects\shashin\target\classes started by micha in C:\Users\micha\IdeaProjects\shashin)
2021-08-11 07:53:31,163 INFO org.springframework.boot.SpringApplication [restartedMain] No active profile set, falling back to default profiles: default
2021-08-11 07:53:31,282 INFO org.springframework.boot.logging.DeferredLog [restartedMain] Devtools property defaults active! Set 'spring.devtools.add-properties' to 'false' to disable
2021-08-11 07:53:31,283 INFO org.springframework.boot.logging.DeferredLog [restartedMain] For additional web related logging consider setting the 'logging.level.web' property to 'DEBUG'
2021-08-11 07:53:33,551 INFO org.springframework.boot.web.embedded.tomcat.TomcatWebServer [restartedMain] Tomcat initialized with port(s): 8080 (http)
2021-08-11 07:53:33,567 INFO org.apache.juli.logging.DirectJDKLog [restartedMain] Initializing ProtocolHandler ["http-nio-8080"]
2021-08-11 07:53:33,569 INFO org.apache.juli.logging.DirectJDKLog [restartedMain] Starting service [Tomcat]
2021-08-11 07:53:33,569 INFO org.apache.juli.logging.DirectJDKLog [restartedMain] Starting Servlet engine: [Apache Tomcat/9.0.50]
2021-08-11 07:53:33,685 INFO org.apache.juli.logging.DirectJDKLog [restartedMain] Initializing Spring embedded WebApplicationContext
2021-08-11 07:53:33,686 INFO org.springframework.boot.web.servlet.context.ServletWebServerApplicationContext [restartedMain] Root WebApplicationContext: initialization completed in 2401 ms
2021-08-11 07:53:34,304 INFO org.springframework.boot.autoconfigure.web.servlet.WelcomePageHandlerMapping [restartedMain] Adding welcome page: class path resource [static/index.html]
2021-08-11 07:53:34,597 INFO org.springframework.boot.devtools.autoconfigure.OptionalLiveReloadServer [restartedMain] LiveReload server is running on port 35729
2021-08-11 07:53:34,629 INFO org.apache.juli.logging.DirectJDKLog [restartedMain] Starting ProtocolHandler ["http-nio-8080"]
2021-08-11 07:53:34,715 INFO org.springframework.boot.web.embedded.tomcat.TomcatWebServer [restartedMain] Tomcat started on port(s): 8080 (http) with context path ''
2021-08-11 07:53:34,744 INFO org.springframework.boot.StartupInfoLogger [restartedMain] Started ShashinApplicationKt in 4.638 seconds (JVM running for 6.529)
2021-08-11 07:53:35,926 INFO org.apache.juli.logging.DirectJDKLog [http-nio-8080-exec-1] Initializing Spring DispatcherServlet 'dispatcherServlet'
2021-08-11 07:53:35,927 INFO org.springframework.web.servlet.FrameworkServlet [http-nio-8080-exec-1] Initializing Servlet 'dispatcherServlet'
2021-08-11 07:53:35,929 INFO org.springframework.web.servlet.FrameworkServlet [http-nio-8080-exec-1] Completed initialization in 2 ms
2021-08-11 07:55:51,923 INFO org.springframework.boot.StartupInfoLogger [restartedMain] Starting ShashinApplicationKt using Java 16.0.2 on LAPTOP-KQMN93J1 with PID 15980 (C:\Users\micha\IdeaProjects\shashin\target\classes started by micha in C:\Users\micha\IdeaProjects\shashin)
2021-08-11 07:55:51,929 INFO org.springframework.boot.SpringApplication [restartedMain] No active profile set, falling back to default profiles: default
2021-08-11 07:55:52,047 INFO org.springframework.boot.logging.DeferredLog [restartedMain] Devtools property defaults active! Set 'spring.devtools.add-properties' to 'false' to disable
2021-08-11 07:55:52,048 INFO org.springframework.boot.logging.DeferredLog [restartedMain] For additional web related logging consider setting the 'logging.level.web' property to 'DEBUG'
2021-08-11 07:55:54,504 INFO org.springframework.boot.web.embedded.tomcat.TomcatWebServer [restartedMain] Tomcat initialized with port(s): 8080 (http)
2021-08-11 07:55:54,525 INFO org.apache.juli.logging.DirectJDKLog [restartedMain] Initializing ProtocolHandler ["http-nio-8080"]
2021-08-11 07:55:54,527 INFO org.apache.juli.logging.DirectJDKLog [restartedMain] Starting service [Tomcat]
2021-08-11 07:55:54,527 INFO org.apache.juli.logging.DirectJDKLog [restartedMain] Starting Servlet engine: [Apache Tomcat/9.0.50]
2021-08-11 07:55:54,704 INFO org.apache.juli.logging.DirectJDKLog [restartedMain] Initializing Spring embedded WebApplicationContext
2021-08-11 07:55:54,705 INFO org.springframework.boot.web.servlet.context.ServletWebServerApplicationContext [restartedMain] Root WebApplicationContext: initialization completed in 2654 ms
2021-08-11 07:55:55,685 INFO org.springframework.boot.autoconfigure.web.servlet.WelcomePageHandlerMapping [restartedMain] Adding welcome page: class path resource [static/index.html]
2021-08-11 07:55:56,355 INFO org.springframework.boot.devtools.autoconfigure.OptionalLiveReloadServer [restartedMain] LiveReload server is running on port 35729
2021-08-11 07:55:56,394 INFO org.apache.juli.logging.DirectJDKLog [restartedMain] Starting ProtocolHandler ["http-nio-8080"]
2021-08-11 07:55:56,477 INFO org.springframework.boot.web.embedded.tomcat.TomcatWebServer [restartedMain] Tomcat started on port(s): 8080 (http) with context path ''
2021-08-11 07:55:56,504 INFO org.springframework.boot.StartupInfoLogger [restartedMain] Started ShashinApplicationKt in 5.693 seconds (JVM running for 6.989)
2021-08-11 07:55:56,717 INFO org.apache.juli.logging.DirectJDKLog [http-nio-8080-exec-1] Initializing Spring DispatcherServlet 'dispatcherServlet'
2021-08-11 07:55:56,719 INFO org.springframework.web.servlet.FrameworkServlet [http-nio-8080-exec-1] Initializing Servlet 'dispatcherServlet'
2021-08-11 07:55:56,722 INFO org.springframework.web.servlet.FrameworkServlet [http-nio-8080-exec-1] Completed initialization in 1 ms
2021-08-11 07:58:38,924 INFO org.springframework.boot.StartupInfoLogger [restartedMain] Starting ShashinApplicationKt using Java 16.0.2 on LAPTOP-KQMN93J1 with PID 15068 (C:\Users\micha\IdeaProjects\shashin\target\classes started by micha in C:\Users\micha\IdeaProjects\shashin)
2021-08-11 07:58:38,929 INFO org.springframework.boot.SpringApplication [restartedMain] No active profile set, falling back to default profiles: default
2021-08-11 07:58:39,050 INFO org.springframework.boot.logging.DeferredLog [restartedMain] Devtools property defaults active! Set 'spring.devtools.add-properties' to 'false' to disable
2021-08-11 07:58:39,052 INFO org.springframework.boot.logging.DeferredLog [restartedMain] For additional web related logging consider setting the 'logging.level.web' property to 'DEBUG'
2021-08-11 07:58:42,146 INFO org.springframework.boot.web.embedded.tomcat.TomcatWebServer [restartedMain] Tomcat initialized with port(s): 8080 (http)
2021-08-11 07:58:42,175 INFO org.apache.juli.logging.DirectJDKLog [restartedMain] Initializing ProtocolHandler ["http-nio-8080"]
2021-08-11 07:58:42,177 INFO org.apache.juli.logging.DirectJDKLog [restartedMain] Starting service [Tomcat]
2021-08-11 07:58:42,179 INFO org.apache.juli.logging.DirectJDKLog [restartedMain] Starting Servlet engine: [Apache Tomcat/9.0.50]
2021-08-11 07:58:42,314 INFO org.apache.juli.logging.DirectJDKLog [restartedMain] Initializing Spring embedded WebApplicationContext
2021-08-11 07:58:42,315 INFO org.springframework.boot.web.servlet.context.ServletWebServerApplicationContext [restartedMain] Root WebApplicationContext: initialization completed in 3261 ms
2021-08-11 07:58:42,833 INFO org.springframework.boot.autoconfigure.web.servlet.WelcomePageHandlerMapping [restartedMain] Adding welcome page: class path resource [static/index.html]
2021-08-11 07:58:43,116 INFO org.springframework.boot.devtools.autoconfigure.OptionalLiveReloadServer [restartedMain] LiveReload server is running on port 35729
2021-08-11 07:58:43,159 INFO org.apache.juli.logging.DirectJDKLog [restartedMain] Starting ProtocolHandler ["http-nio-8080"]
2021-08-11 07:58:43,246 INFO org.springframework.boot.web.embedded.tomcat.TomcatWebServer [restartedMain] Tomcat started on port(s): 8080 (http) with context path ''
2021-08-11 07:58:43,273 INFO org.springframework.boot.StartupInfoLogger [restartedMain] Started ShashinApplicationKt in 5.383 seconds (JVM running for 7.719)
2021-08-11 07:59:04,914 INFO org.springframework.boot.StartupInfoLogger [restartedMain] Starting ShashinApplicationKt using Java 16.0.2 on LAPTOP-KQMN93J1 with PID 17124 (C:\Users\micha\IdeaProjects\shashin\target\classes started by micha in C:\Users\micha\IdeaProjects\shashin)
2021-08-11 07:59:04,922 INFO org.springframework.boot.SpringApplication [restartedMain] No active profile set, falling back to default profiles: default
2021-08-11 07:59:05,097 INFO org.springframework.boot.logging.DeferredLog [restartedMain] Devtools property defaults active! Set 'spring.devtools.add-properties' to 'false' to disable
2021-08-11 07:59:05,099 INFO org.springframework.boot.logging.DeferredLog [restartedMain] For additional web related logging consider setting the 'logging.level.web' property to 'DEBUG'
2021-08-11 07:59:07,794 INFO org.springframework.boot.web.embedded.tomcat.TomcatWebServer [restartedMain] Tomcat initialized with port(s): 8080 (http)
2021-08-11 07:59:07,810 INFO org.apache.juli.logging.DirectJDKLog [restartedMain] Initializing ProtocolHandler ["http-nio-8080"]
2021-08-11 07:59:07,811 INFO org.apache.juli.logging.DirectJDKLog [restartedMain] Starting service [Tomcat]
2021-08-11 07:59:07,812 INFO org.apache.juli.logging.DirectJDKLog [restartedMain] Starting Servlet engine: [Apache Tomcat/9.0.50]
2021-08-11 07:59:07,943 INFO org.apache.juli.logging.DirectJDKLog [restartedMain] Initializing Spring embedded WebApplicationContext
2021-08-11 07:59:07,944 INFO org.springframework.boot.web.servlet.context.ServletWebServerApplicationContext [restartedMain] Root WebApplicationContext: initialization completed in 2841 ms
2021-08-11 07:59:08,518 INFO org.springframework.boot.autoconfigure.web.servlet.WelcomePageHandlerMapping [restartedMain] Adding welcome page: class path resource [static/index.html]
2021-08-11 07:59:08,925 INFO org.springframework.boot.devtools.autoconfigure.OptionalLiveReloadServer [restartedMain] LiveReload server is running on port 35729
2021-08-11 07:59:08,966 INFO org.apache.juli.logging.DirectJDKLog [restartedMain] Starting ProtocolHandler ["http-nio-8080"]
2021-08-11 07:59:09,062 INFO org.springframework.boot.web.embedded.tomcat.TomcatWebServer [restartedMain] Tomcat started on port(s): 8080 (http) with context path ''
2021-08-11 07:59:09,100 INFO org.springframework.boot.StartupInfoLogger [restartedMain] Started ShashinApplicationKt in 5.413 seconds (JVM running for 7.094)
2021-08-11 07:59:09,217 INFO org.apache.juli.logging.DirectJDKLog [http-nio-8080-exec-1] Initializing Spring DispatcherServlet 'dispatcherServlet'
2021-08-11 07:59:09,219 INFO org.springframework.web.servlet.FrameworkServlet [http-nio-8080-exec-1] Initializing Servlet 'dispatcherServlet'
2021-08-11 07:59:09,221 INFO org.springframework.web.servlet.FrameworkServlet [http-nio-8080-exec-1] Completed initialization in 2 ms
2021-08-11 08:00:08,472 INFO org.springframework.boot.StartupInfoLogger [restartedMain] Starting ShashinApplicationKt using Java 16.0.2 on LAPTOP-KQMN93J1 with PID 8980 (C:\Users\micha\IdeaProjects\shashin\target\classes started by micha in C:\Users\micha\IdeaProjects\shashin)
2021-08-11 08:00:08,477 INFO org.springframework.boot.SpringApplication [restartedMain] No active profile set, falling back to default profiles: default
2021-08-11 08:00:08,586 INFO org.springframework.boot.logging.DeferredLog [restartedMain] Devtools property defaults active! Set 'spring.devtools.add-properties' to 'false' to disable
2021-08-11 08:00:08,588 INFO org.springframework.boot.logging.DeferredLog [restartedMain] For additional web related logging consider setting the 'logging.level.web' property to 'DEBUG'
2021-08-11 08:00:11,095 INFO org.springframework.boot.web.embedded.tomcat.TomcatWebServer [restartedMain] Tomcat initialized with port(s): 8080 (http)
2021-08-11 08:00:11,116 INFO org.apache.juli.logging.DirectJDKLog [restartedMain] Initializing ProtocolHandler ["http-nio-8080"]
2021-08-11 08:00:11,118 INFO org.apache.juli.logging.DirectJDKLog [restartedMain] Starting service [Tomcat]
2021-08-11 08:00:11,118 INFO org.apache.juli.logging.DirectJDKLog [restartedMain] Starting Servlet engine: [Apache Tomcat/9.0.50]
2021-08-11 08:00:11,243 INFO org.apache.juli.logging.DirectJDKLog [restartedMain] Initializing Spring embedded WebApplicationContext
2021-08-11 08:00:11,244 INFO org.springframework.boot.web.servlet.context.ServletWebServerApplicationContext [restartedMain] Root WebApplicationContext: initialization completed in 2653 ms
2021-08-11 08:00:11,746 INFO org.springframework.boot.autoconfigure.web.servlet.WelcomePageHandlerMapping [restartedMain] Adding welcome page: class path resource [static/index.html]
2021-08-11 08:00:12,127 INFO org.springframework.boot.devtools.autoconfigure.OptionalLiveReloadServer [restartedMain] LiveReload server is running on port 35729
2021-08-11 08:00:12,169 INFO org.apache.juli.logging.DirectJDKLog [restartedMain] Starting ProtocolHandler ["http-nio-8080"]
2021-08-11 08:00:12,235 INFO org.springframework.boot.web.embedded.tomcat.TomcatWebServer [restartedMain] Tomcat started on port(s): 8080 (http) with context path ''
2021-08-11 08:00:12,258 INFO org.springframework.boot.StartupInfoLogger [restartedMain] Started ShashinApplicationKt in 4.63 seconds (JVM running for 5.965)
2021-08-11 08:01:00,079 INFO org.springframework.boot.StartupInfoLogger [restartedMain] Starting ShashinApplicationKt using Java 16.0.2 on LAPTOP-KQMN93J1 with PID 17136 (C:\Users\micha\IdeaProjects\shashin\target\classes started by micha in C:\Users\micha\IdeaProjects\shashin)
2021-08-11 08:01:00,083 INFO org.springframework.boot.SpringApplication [restartedMain] No active profile set, falling back to default profiles: default
2021-08-11 08:01:00,156 INFO org.springframework.boot.logging.DeferredLog [restartedMain] Devtools property defaults active! Set 'spring.devtools.add-properties' to 'false' to disable
2021-08-11 08:01:00,157 INFO org.springframework.boot.logging.DeferredLog [restartedMain] For additional web related logging consider setting the 'logging.level.web' property to 'DEBUG'
2021-08-11 08:01:01,368 INFO org.springframework.boot.web.embedded.tomcat.TomcatWebServer [restartedMain] Tomcat initialized with port(s): 8080 (http)
2021-08-11 08:01:01,378 INFO org.apache.juli.logging.DirectJDKLog [restartedMain] Initializing ProtocolHandler ["http-nio-8080"]
2021-08-11 08:01:01,378 INFO org.apache.juli.logging.DirectJDKLog [restartedMain] Starting service [Tomcat]
2021-08-11 08:01:01,379 INFO org.apache.juli.logging.DirectJDKLog [restartedMain] Starting Servlet engine: [Apache Tomcat/9.0.50]
2021-08-11 08:01:01,448 INFO org.apache.juli.logging.DirectJDKLog [restartedMain] Initializing Spring embedded WebApplicationContext
2021-08-11 08:01:01,448 INFO org.springframework.boot.web.servlet.context.ServletWebServerApplicationContext [restartedMain] Root WebApplicationContext: initialization completed in 1290 ms
2021-08-11 08:01:01,720 INFO org.springframework.boot.autoconfigure.web.servlet.WelcomePageHandlerMapping [restartedMain] Adding welcome page: class path resource [static/index.html]
2021-08-11 08:01:01,854 INFO org.springframework.boot.devtools.autoconfigure.OptionalLiveReloadServer [restartedMain] LiveReload server is running on port 35729
2021-08-11 08:01:01,870 INFO org.apache.juli.logging.DirectJDKLog [restartedMain] Starting ProtocolHandler ["http-nio-8080"]
2021-08-11 08:01:01,910 INFO org.springframework.boot.web.embedded.tomcat.TomcatWebServer [restartedMain] Tomcat started on port(s): 8080 (http) with context path ''
2021-08-11 08:01:01,923 INFO org.springframework.boot.StartupInfoLogger [restartedMain] Started ShashinApplicationKt in 2.388 seconds (JVM running for 3.19)
2021-08-11 08:01:30,036 INFO org.apache.juli.logging.DirectJDKLog [http-nio-8080-exec-1] Initializing Spring DispatcherServlet 'dispatcherServlet'
2021-08-11 08:01:30,036 INFO org.springframework.web.servlet.FrameworkServlet [http-nio-8080-exec-1] Initializing Servlet 'dispatcherServlet'
2021-08-11 08:01:30,037 INFO org.springframework.web.servlet.FrameworkServlet [http-nio-8080-exec-1] Completed initialization in 1 ms
2021-08-11 08:32:59,440 INFO org.springframework.boot.StartupInfoLogger [restartedMain] Starting ShashinApplicationKt using Java 16.0.2 on LAPTOP-KQMN93J1 with PID 20112 (C:\Users\micha\IdeaProjects\shashin\target\classes started by micha in C:\Users\micha\IdeaProjects\shashin)
2021-08-11 08:32:59,444 INFO org.springframework.boot.SpringApplication [restartedMain] No active profile set, falling back to default profiles: default
2021-08-11 08:32:59,528 INFO org.springframework.boot.logging.DeferredLog [restartedMain] Devtools property defaults active! Set 'spring.devtools.add-properties' to 'false' to disable
2021-08-11 08:32:59,529 INFO org.springframework.boot.logging.DeferredLog [restartedMain] For additional web related logging consider setting the 'logging.level.web' property to 'DEBUG'
2021-08-11 08:33:00,884 INFO org.springframework.boot.web.embedded.tomcat.TomcatWebServer [restartedMain] Tomcat initialized with port(s): 8080 (http)
2021-08-11 08:33:00,902 INFO org.apache.juli.logging.DirectJDKLog [restartedMain] Initializing ProtocolHandler ["http-nio-8080"]
2021-08-11 08:33:00,903 INFO org.apache.juli.logging.DirectJDKLog [restartedMain] Starting service [Tomcat]
2021-08-11 08:33:00,903 INFO org.apache.juli.logging.DirectJDKLog [restartedMain] Starting Servlet engine: [Apache Tomcat/9.0.50]
2021-08-11 08:33:00,980 INFO org.apache.juli.logging.DirectJDKLog [restartedMain] Initializing Spring embedded WebApplicationContext
2021-08-11 08:33:00,981 INFO org.springframework.boot.web.servlet.context.ServletWebServerApplicationContext [restartedMain] Root WebApplicationContext: initialization completed in 1450 ms
2021-08-11 08:33:01,267 INFO org.springframework.boot.autoconfigure.web.servlet.WelcomePageHandlerMapping [restartedMain] Adding welcome page: class path resource [static/index.html]
2021-08-11 08:33:01,403 INFO org.springframework.boot.devtools.autoconfigure.OptionalLiveReloadServer [restartedMain] LiveReload server is running on port 35729
2021-08-11 08:33:01,423 INFO org.apache.juli.logging.DirectJDKLog [restartedMain] Starting ProtocolHandler ["http-nio-8080"]
2021-08-11 08:33:01,465 INFO org.springframework.boot.web.embedded.tomcat.TomcatWebServer [restartedMain] Tomcat started on port(s): 8080 (http) with context path ''
2021-08-11 08:33:01,479 INFO org.springframework.boot.StartupInfoLogger [restartedMain] Started ShashinApplicationKt in 2.654 seconds (JVM running for 3.641)
2021-08-11 08:33:22,515 INFO org.apache.juli.logging.DirectJDKLog [http-nio-8080-exec-1] Initializing Spring DispatcherServlet 'dispatcherServlet'
2021-08-11 08:33:22,516 INFO org.springframework.web.servlet.FrameworkServlet [http-nio-8080-exec-1] Initializing Servlet 'dispatcherServlet'
2021-08-11 08:33:22,517 INFO org.springframework.web.servlet.FrameworkServlet [http-nio-8080-exec-1] Completed initialization in 1 ms
2021-08-11 08:34:55,100 INFO org.springframework.boot.StartupInfoLogger [restartedMain] Starting ShashinApplicationKt using Java 16.0.2 on LAPTOP-KQMN93J1 with PID 748 (C:\Users\micha\IdeaProjects\shashin\target\classes started by micha in C:\Users\micha\IdeaProjects\shashin)
2021-08-11 08:34:55,103 INFO org.springframework.boot.SpringApplication [restartedMain] No active profile set, falling back to default profiles: default
2021-08-11 08:34:55,173 INFO org.springframework.boot.logging.DeferredLog [restartedMain] Devtools property defaults active! Set 'spring.devtools.add-properties' to 'false' to disable
2021-08-11 08:34:55,174 INFO org.springframework.boot.logging.DeferredLog [restartedMain] For additional web related logging consider setting the 'logging.level.web' property to 'DEBUG'
2021-08-11 08:34:56,407 INFO org.springframework.boot.web.embedded.tomcat.TomcatWebServer [restartedMain] Tomcat initialized with port(s): 8080 (http)
2021-08-11 08:34:56,416 INFO org.apache.juli.logging.DirectJDKLog [restartedMain] Initializing ProtocolHandler ["http-nio-8080"]
2021-08-11 08:34:56,417 INFO org.apache.juli.logging.DirectJDKLog [restartedMain] Starting service [Tomcat]
2021-08-11 08:34:56,418 INFO org.apache.juli.logging.DirectJDKLog [restartedMain] Starting Servlet engine: [Apache Tomcat/9.0.50]
2021-08-11 08:34:56,496 INFO org.apache.juli.logging.DirectJDKLog [restartedMain] Initializing Spring embedded WebApplicationContext
2021-08-11 08:34:56,497 INFO org.springframework.boot.web.servlet.context.ServletWebServerApplicationContext [restartedMain] Root WebApplicationContext: initialization completed in 1322 ms
2021-08-11 08:34:56,863 INFO org.springframework.boot.autoconfigure.web.servlet.WelcomePageHandlerMapping [restartedMain] Adding welcome page: class path resource [static/index.html]
2021-08-11 08:34:57,033 INFO org.springframework.boot.devtools.autoconfigure.OptionalLiveReloadServer [restartedMain] LiveReload server is running on port 35729
2021-08-11 08:34:57,052 INFO org.apache.juli.logging.DirectJDKLog [restartedMain] Starting ProtocolHandler ["http-nio-8080"]
2021-08-11 08:34:57,100 INFO org.springframework.boot.web.embedded.tomcat.TomcatWebServer [restartedMain] Tomcat started on port(s): 8080 (http) with context path ''
2021-08-11 08:34:57,118 INFO org.springframework.boot.StartupInfoLogger [restartedMain] Started ShashinApplicationKt in 2.536 seconds (JVM running for 3.351)
2021-08-11 08:34:58,934 INFO org.apache.juli.logging.DirectJDKLog [http-nio-8080-exec-1] Initializing Spring DispatcherServlet 'dispatcherServlet'
2021-08-11 08:34:58,935 INFO org.springframework.web.servlet.FrameworkServlet [http-nio-8080-exec-1] Initializing Servlet 'dispatcherServlet'
2021-08-11 08:34:58,936 INFO org.springframework.web.servlet.FrameworkServlet [http-nio-8080-exec-1] Completed initialization in 1 ms
2021-08-11 08:37:40,791 INFO org.springframework.boot.StartupInfoLogger [restartedMain] Starting ShashinApplicationKt using Java 16.0.2 on LAPTOP-KQMN93J1 with PID 11532 (C:\Users\micha\IdeaProjects\shashin\target\classes started by micha in C:\Users\micha\IdeaProjects\shashin)
2021-08-11 08:37:40,794 INFO org.springframework.boot.SpringApplication [restartedMain] No active profile set, falling back to default profiles: default
2021-08-11 08:37:40,876 INFO org.springframework.boot.logging.DeferredLog [restartedMain] Devtools property defaults active! Set 'spring.devtools.add-properties' to 'false' to disable
2021-08-11 08:37:40,877 INFO org.springframework.boot.logging.DeferredLog [restartedMain] For additional web related logging consider setting the 'logging.level.web' property to 'DEBUG'
2021-08-11 08:37:42,080 INFO org.springframework.boot.web.embedded.tomcat.TomcatWebServer [restartedMain] Tomcat initialized with port(s): 8080 (http)
2021-08-11 08:37:42,093 INFO org.apache.juli.logging.DirectJDKLog [restartedMain] Initializing ProtocolHandler ["http-nio-8080"]
2021-08-11 08:37:42,094 INFO org.apache.juli.logging.DirectJDKLog [restartedMain] Starting service [Tomcat]
2021-08-11 08:37:42,094 INFO org.apache.juli.logging.DirectJDKLog [restartedMain] Starting Servlet engine: [Apache Tomcat/9.0.50]
2021-08-11 08:37:42,157 INFO org.apache.juli.logging.DirectJDKLog [restartedMain] Initializing Spring embedded WebApplicationContext
2021-08-11 08:37:42,157 INFO org.springframework.boot.web.servlet.context.ServletWebServerApplicationContext [restartedMain] Root WebApplicationContext: initialization completed in 1279 ms
2021-08-11 08:37:42,402 INFO org.springframework.boot.autoconfigure.web.servlet.WelcomePageHandlerMapping [restartedMain] Adding welcome page: class path resource [static/index.html]
2021-08-11 08:37:42,534 INFO org.springframework.boot.devtools.autoconfigure.OptionalLiveReloadServer [restartedMain] LiveReload server is running on port 35729
2021-08-11 08:37:42,550 INFO org.apache.juli.logging.DirectJDKLog [restartedMain] Starting ProtocolHandler ["http-nio-8080"]
2021-08-11 08:37:42,590 INFO org.springframework.boot.web.embedded.tomcat.TomcatWebServer [restartedMain] Tomcat started on port(s): 8080 (http) with context path ''
2021-08-11 08:37:42,603 INFO org.springframework.boot.StartupInfoLogger [restartedMain] Started ShashinApplicationKt in 2.346 seconds (JVM running for 3.168)
2021-08-11 08:37:49,963 INFO org.apache.juli.logging.DirectJDKLog [http-nio-8080-exec-1] Initializing Spring DispatcherServlet 'dispatcherServlet'
2021-08-11 08:37:49,964 INFO org.springframework.web.servlet.FrameworkServlet [http-nio-8080-exec-1] Initializing Servlet 'dispatcherServlet'
2021-08-11 08:37:49,966 INFO org.springframework.web.servlet.FrameworkServlet [http-nio-8080-exec-1] Completed initialization in 2 ms
2021-08-11 08:38:45,921 INFO org.springframework.boot.StartupInfoLogger [restartedMain] Starting ShashinApplicationKt using Java 16.0.2 on LAPTOP-KQMN93J1 with PID 2752 (C:\Users\micha\IdeaProjects\shashin\target\classes started by micha in C:\Users\micha\IdeaProjects\shashin)
2021-08-11 08:38:45,929 INFO org.springframework.boot.SpringApplication [restartedMain] No active profile set, falling back to default profiles: default
2021-08-11 08:38:46,002 INFO org.springframework.boot.logging.DeferredLog [restartedMain] Devtools property defaults active! Set 'spring.devtools.add-properties' to 'false' to disable
2021-08-11 08:38:46,002 INFO org.springframework.boot.logging.DeferredLog [restartedMain] For additional web related logging consider setting the 'logging.level.web' property to 'DEBUG'
2021-08-11 08:38:47,205 INFO org.springframework.boot.web.embedded.tomcat.TomcatWebServer [restartedMain] Tomcat initialized with port(s): 8080 (http)
2021-08-11 08:38:47,221 INFO org.apache.juli.logging.DirectJDKLog [restartedMain] Initializing ProtocolHandler ["http-nio-8080"]
2021-08-11 08:38:47,221 INFO org.apache.juli.logging.DirectJDKLog [restartedMain] Starting service [Tomcat]
2021-08-11 08:38:47,222 INFO org.apache.juli.logging.DirectJDKLog [restartedMain] Starting Servlet engine: [Apache Tomcat/9.0.50]
2021-08-11 08:38:47,294 INFO org.apache.juli.logging.DirectJDKLog [restartedMain] Initializing Spring embedded WebApplicationContext
2021-08-11 08:38:47,294 INFO org.springframework.boot.web.servlet.context.ServletWebServerApplicationContext [restartedMain] Root WebApplicationContext: initialization completed in 1291 ms
2021-08-11 08:38:47,608 INFO org.springframework.boot.autoconfigure.web.servlet.WelcomePageHandlerMapping [restartedMain] Adding welcome page: class path resource [static/index.html]
2021-08-11 08:38:47,736 INFO org.springframework.boot.devtools.autoconfigure.OptionalLiveReloadServer [restartedMain] LiveReload server is running on port 35729
2021-08-11 08:38:47,756 INFO org.apache.juli.logging.DirectJDKLog [restartedMain] Starting ProtocolHandler ["http-nio-8080"]
2021-08-11 08:38:47,796 INFO org.springframework.boot.web.embedded.tomcat.TomcatWebServer [restartedMain] Tomcat started on port(s): 8080 (http) with context path ''
2021-08-11 08:38:47,809 INFO org.springframework.boot.StartupInfoLogger [restartedMain] Started ShashinApplicationKt in 2.412 seconds (JVM running for 3.251)
2021-08-11 08:38:51,545 INFO org.apache.juli.logging.DirectJDKLog [http-nio-8080-exec-1] Initializing Spring DispatcherServlet 'dispatcherServlet'
2021-08-11 08:38:51,546 INFO org.springframework.web.servlet.FrameworkServlet [http-nio-8080-exec-1] Initializing Servlet 'dispatcherServlet'
2021-08-11 08:38:51,547 INFO org.springframework.web.servlet.FrameworkServlet [http-nio-8080-exec-1] Completed initialization in 1 ms
2021-08-11 08:41:43,229 INFO org.springframework.boot.StartupInfoLogger [restartedMain] Starting ShashinApplicationKt using Java 16.0.2 on LAPTOP-KQMN93J1 with PID 10068 (C:\Users\micha\IdeaProjects\shashin\target\classes started by micha in C:\Users\micha\IdeaProjects\shashin)
2021-08-11 08:41:43,233 INFO org.springframework.boot.SpringApplication [restartedMain] No active profile set, falling back to default profiles: default
2021-08-11 08:41:43,305 INFO org.springframework.boot.logging.DeferredLog [restartedMain] Devtools property defaults active! Set 'spring.devtools.add-properties' to 'false' to disable
2021-08-11 08:41:43,306 INFO org.springframework.boot.logging.DeferredLog [restartedMain] For additional web related logging consider setting the 'logging.level.web' property to 'DEBUG'
2021-08-11 08:41:44,551 INFO org.springframework.boot.web.embedded.tomcat.TomcatWebServer [restartedMain] Tomcat initialized with port(s): 8080 (http)
2021-08-11 08:41:44,560 INFO org.apache.juli.logging.DirectJDKLog [restartedMain] Initializing ProtocolHandler ["http-nio-8080"]
2021-08-11 08:41:44,561 INFO org.apache.juli.logging.DirectJDKLog [restartedMain] Starting service [Tomcat]
2021-08-11 08:41:44,562 INFO org.apache.juli.logging.DirectJDKLog [restartedMain] Starting Servlet engine: [Apache Tomcat/9.0.50]
2021-08-11 08:41:44,625 INFO org.apache.juli.logging.DirectJDKLog [restartedMain] Initializing Spring embedded WebApplicationContext
2021-08-11 08:41:44,626 INFO org.springframework.boot.web.servlet.context.ServletWebServerApplicationContext [restartedMain] Root WebApplicationContext: initialization completed in 1318 ms
2021-08-11 08:41:44,867 INFO org.springframework.boot.autoconfigure.web.servlet.WelcomePageHandlerMapping [restartedMain] Adding welcome page: class path resource [static/index.html]
2021-08-11 08:41:44,999 INFO org.springframework.boot.devtools.autoconfigure.OptionalLiveReloadServer [restartedMain] LiveReload server is running on port 35729
2021-08-11 08:41:45,018 INFO org.apache.juli.logging.DirectJDKLog [restartedMain] Starting ProtocolHandler ["http-nio-8080"]
2021-08-11 08:41:45,060 INFO org.springframework.boot.web.embedded.tomcat.TomcatWebServer [restartedMain] Tomcat started on port(s): 8080 (http) with context path ''
2021-08-11 08:41:45,074 INFO org.springframework.boot.StartupInfoLogger [restartedMain] Started ShashinApplicationKt in 2.369 seconds (JVM running for 3.2)
2021-08-11 08:42:45,047 INFO org.apache.juli.logging.DirectJDKLog [http-nio-8080-exec-1] Initializing Spring DispatcherServlet 'dispatcherServlet'
2021-08-11 08:42:45,048 INFO org.springframework.web.servlet.FrameworkServlet [http-nio-8080-exec-1] Initializing Servlet 'dispatcherServlet'
2021-08-11 08:42:45,050 INFO org.springframework.web.servlet.FrameworkServlet [http-nio-8080-exec-1] Completed initialization in 2 ms
2021-08-11 08:43:55,216 INFO org.springframework.boot.StartupInfoLogger [restartedMain] Starting ShashinApplicationKt using Java 16.0.2 on LAPTOP-KQMN93J1 with PID 17020 (C:\Users\micha\IdeaProjects\shashin\target\classes started by micha in C:\Users\micha\IdeaProjects\shashin)
2021-08-11 08:43:55,220 INFO org.springframework.boot.SpringApplication [restartedMain] No active profile set, falling back to default profiles: default
2021-08-11 08:43:55,281 INFO org.springframework.boot.logging.DeferredLog [restartedMain] Devtools property defaults active! Set 'spring.devtools.add-properties' to 'false' to disable
2021-08-11 08:43:55,282 INFO org.springframework.boot.logging.DeferredLog [restartedMain] For additional web related logging consider setting the 'logging.level.web' property to 'DEBUG'
2021-08-11 08:43:56,639 INFO org.springframework.boot.web.embedded.tomcat.TomcatWebServer [restartedMain] Tomcat initialized with port(s): 8080 (http)
2021-08-11 08:43:56,654 INFO org.apache.juli.logging.DirectJDKLog [restartedMain] Initializing ProtocolHandler ["http-nio-8080"]
2021-08-11 08:43:56,655 INFO org.apache.juli.logging.DirectJDKLog [restartedMain] Starting service [Tomcat]
2021-08-11 08:43:56,655 INFO org.apache.juli.logging.DirectJDKLog [restartedMain] Starting Servlet engine: [Apache Tomcat/9.0.50]
2021-08-11 08:43:56,724 INFO org.apache.juli.logging.DirectJDKLog [restartedMain] Initializing Spring embedded WebApplicationContext
2021-08-11 08:43:56,725 INFO org.springframework.boot.web.servlet.context.ServletWebServerApplicationContext [restartedMain] Root WebApplicationContext: initialization completed in 1441 ms
2021-08-11 08:43:56,984 INFO org.springframework.boot.autoconfigure.web.servlet.WelcomePageHandlerMapping [restartedMain] Adding welcome page: class path resource [static/index.html]
2021-08-11 08:43:57,114 INFO org.springframework.boot.devtools.autoconfigure.OptionalLiveReloadServer [restartedMain] LiveReload server is running on port 35729
2021-08-11 08:43:57,134 INFO org.apache.juli.logging.DirectJDKLog [restartedMain] Starting ProtocolHandler ["http-nio-8080"]
2021-08-11 08:43:57,177 INFO org.springframework.boot.web.embedded.tomcat.TomcatWebServer [restartedMain] Tomcat started on port(s): 8080 (http) with context path ''
2021-08-11 08:43:57,190 INFO org.springframework.boot.StartupInfoLogger [restartedMain] Started ShashinApplicationKt in 2.536 seconds (JVM running for 3.517)
2021-08-11 08:43:57,829 INFO org.apache.juli.logging.DirectJDKLog [http-nio-8080-exec-1] Initializing Spring DispatcherServlet 'dispatcherServlet'
2021-08-11 08:43:57,829 INFO org.springframework.web.servlet.FrameworkServlet [http-nio-8080-exec-1] Initializing Servlet 'dispatcherServlet'
2021-08-11 08:43:57,830 INFO org.springframework.web.servlet.FrameworkServlet [http-nio-8080-exec-1] Completed initialization in 1 ms
2021-08-11 08:46:02,601 INFO org.springframework.boot.StartupInfoLogger [restartedMain] Starting ShashinApplicationKt using Java 16.0.2 on LAPTOP-KQMN93J1 with PID 4340 (C:\Users\micha\IdeaProjects\shashin\target\classes started by micha in C:\Users\micha\IdeaProjects\shashin)
2021-08-11 08:46:02,605 INFO org.springframework.boot.SpringApplication [restartedMain] No active profile set, falling back to default profiles: default
2021-08-11 08:46:02,673 INFO org.springframework.boot.logging.DeferredLog [restartedMain] Devtools property defaults active! Set 'spring.devtools.add-properties' to 'false' to disable
2021-08-11 08:46:02,674 INFO org.springframework.boot.logging.DeferredLog [restartedMain] For additional web related logging consider setting the 'logging.level.web' property to 'DEBUG'
2021-08-11 08:46:03,956 INFO org.springframework.boot.web.embedded.tomcat.TomcatWebServer [restartedMain] Tomcat initialized with port(s): 8080 (http)
2021-08-11 08:46:03,965 INFO org.apache.juli.logging.DirectJDKLog [restartedMain] Initializing ProtocolHandler ["http-nio-8080"]
2021-08-11 08:46:03,966 INFO org.apache.juli.logging.DirectJDKLog [restartedMain] Starting service [Tomcat]
2021-08-11 08:46:03,966 INFO org.apache.juli.logging.DirectJDKLog [restartedMain] Starting Servlet engine: [Apache Tomcat/9.0.50]
2021-08-11 08:46:04,047 INFO org.apache.juli.logging.DirectJDKLog [restartedMain] Initializing Spring embedded WebApplicationContext
2021-08-11 08:46:04,047 INFO org.springframework.boot.web.servlet.context.ServletWebServerApplicationContext [restartedMain] Root WebApplicationContext: initialization completed in 1372 ms
2021-08-11 08:46:04,337 INFO org.springframework.boot.autoconfigure.web.servlet.WelcomePageHandlerMapping [restartedMain] Adding welcome page: class path resource [static/index.html]
2021-08-11 08:46:04,479 INFO org.springframework.boot.devtools.autoconfigure.OptionalLiveReloadServer [restartedMain] LiveReload server is running on port 35729
2021-08-11 08:46:04,495 INFO org.apache.juli.logging.DirectJDKLog [restartedMain] Starting ProtocolHandler ["http-nio-8080"]
2021-08-11 08:46:04,534 INFO org.springframework.boot.web.embedded.tomcat.TomcatWebServer [restartedMain] Tomcat started on port(s): 8080 (http) with context path ''
2021-08-11 08:46:04,548 INFO org.springframework.boot.StartupInfoLogger [restartedMain] Started ShashinApplicationKt in 2.476 seconds (JVM running for 3.308)
2021-08-11 08:46:05,420 INFO org.apache.juli.logging.DirectJDKLog [http-nio-8080-exec-1] Initializing Spring DispatcherServlet 'dispatcherServlet'
2021-08-11 08:46:05,421 INFO org.springframework.web.servlet.FrameworkServlet [http-nio-8080-exec-1] Initializing Servlet 'dispatcherServlet'
2021-08-11 08:46:05,422 INFO org.springframework.web.servlet.FrameworkServlet [http-nio-8080-exec-1] Completed initialization in 1 ms
2021-08-11 08:48:30,841 INFO org.springframework.boot.StartupInfoLogger [restartedMain] Starting ShashinApplicationKt using Java 16.0.2 on LAPTOP-KQMN93J1 with PID 19688 (C:\Users\micha\IdeaProjects\shashin\target\classes started by micha in C:\Users\micha\IdeaProjects\shashin)
2021-08-11 08:48:30,844 INFO org.springframework.boot.SpringApplication [restartedMain] No active profile set, falling back to default profiles: default
2021-08-11 08:48:30,916 INFO org.springframework.boot.logging.DeferredLog [restartedMain] Devtools property defaults active! Set 'spring.devtools.add-properties' to 'false' to disable
2021-08-11 08:48:30,917 INFO org.springframework.boot.logging.DeferredLog [restartedMain] For additional web related logging consider setting the 'logging.level.web' property to 'DEBUG'
2021-08-11 08:48:32,291 INFO org.springframework.boot.web.embedded.tomcat.TomcatWebServer [restartedMain] Tomcat initialized with port(s): 8080 (http)
2021-08-11 08:48:32,302 INFO org.apache.juli.logging.DirectJDKLog [restartedMain] Initializing ProtocolHandler ["http-nio-8080"]
2021-08-11 08:48:32,303 INFO org.apache.juli.logging.DirectJDKLog [restartedMain] Starting service [Tomcat]
2021-08-11 08:48:32,304 INFO org.apache.juli.logging.DirectJDKLog [restartedMain] Starting Servlet engine: [Apache Tomcat/9.0.50]
2021-08-11 08:48:32,381 INFO org.apache.juli.logging.DirectJDKLog [restartedMain] Initializing Spring embedded WebApplicationContext
2021-08-11 08:48:32,381 INFO org.springframework.boot.web.servlet.context.ServletWebServerApplicationContext [restartedMain] Root WebApplicationContext: initialization completed in 1463 ms
2021-08-11 08:48:32,646 INFO org.springframework.boot.autoconfigure.web.servlet.WelcomePageHandlerMapping [restartedMain] Adding welcome page: class path resource [static/index.html]
2021-08-11 08:48:32,781 INFO org.springframework.boot.devtools.autoconfigure.OptionalLiveReloadServer [restartedMain] LiveReload server is running on port 35729
2021-08-11 08:48:32,800 INFO org.apache.juli.logging.DirectJDKLog [restartedMain] Starting ProtocolHandler ["http-nio-8080"]
2021-08-11 08:48:32,840 INFO org.springframework.boot.web.embedded.tomcat.TomcatWebServer [restartedMain] Tomcat started on port(s): 8080 (http) with context path ''
2021-08-11 08:48:32,852 INFO org.springframework.boot.StartupInfoLogger [restartedMain] Started ShashinApplicationKt in 2.574 seconds (JVM running for 3.452)
2021-08-11 08:48:37,250 INFO org.apache.juli.logging.DirectJDKLog [http-nio-8080-exec-1] Initializing Spring DispatcherServlet 'dispatcherServlet'
2021-08-11 08:48:37,250 INFO org.springframework.web.servlet.FrameworkServlet [http-nio-8080-exec-1] Initializing Servlet 'dispatcherServlet'
2021-08-11 08:48:37,251 INFO org.springframework.web.servlet.FrameworkServlet [http-nio-8080-exec-1] Completed initialization in 1 ms
2021-08-11 08:50:52,068 INFO org.springframework.boot.StartupInfoLogger [restartedMain] Starting ShashinApplicationKt using Java 16.0.2 on LAPTOP-KQMN93J1 with PID 18436 (C:\Users\micha\IdeaProjects\shashin\target\classes started by micha in C:\Users\micha\IdeaProjects\shashin)
2021-08-11 08:50:52,071 INFO org.springframework.boot.SpringApplication [restartedMain] No active profile set, falling back to default profiles: default
2021-08-11 08:50:52,148 INFO org.springframework.boot.logging.DeferredLog [restartedMain] Devtools property defaults active! Set 'spring.devtools.add-properties' to 'false' to disable
2021-08-11 08:50:52,148 INFO org.springframework.boot.logging.DeferredLog [restartedMain] For additional web related logging consider setting the 'logging.level.web' property to 'DEBUG'
2021-08-11 08:50:53,471 INFO org.springframework.boot.web.embedded.tomcat.TomcatWebServer [restartedMain] Tomcat initialized with port(s): 8080 (http)
2021-08-11 08:50:53,482 INFO org.apache.juli.logging.DirectJDKLog [restartedMain] Initializing ProtocolHandler ["http-nio-8080"]
2021-08-11 08:50:53,483 INFO org.apache.juli.logging.DirectJDKLog [restartedMain] Starting service [Tomcat]
2021-08-11 08:50:53,484 INFO org.apache.juli.logging.DirectJDKLog [restartedMain] Starting Servlet engine: [Apache Tomcat/9.0.50]
2021-08-11 08:50:53,561 INFO org.apache.juli.logging.DirectJDKLog [restartedMain] Initializing Spring embedded WebApplicationContext
2021-08-11 08:50:53,561 INFO org.springframework.boot.web.servlet.context.ServletWebServerApplicationContext [restartedMain] Root WebApplicationContext: initialization completed in 1412 ms
2021-08-11 08:50:53,825 INFO org.springframework.boot.autoconfigure.web.servlet.WelcomePageHandlerMapping [restartedMain] Adding welcome page: class path resource [static/index.html]
2021-08-11 08:50:53,978 INFO org.springframework.boot.devtools.autoconfigure.OptionalLiveReloadServer [restartedMain] LiveReload server is running on port 35729
2021-08-11 08:50:53,995 INFO org.apache.juli.logging.DirectJDKLog [restartedMain] Starting ProtocolHandler ["http-nio-8080"]
2021-08-11 08:50:54,041 INFO org.springframework.boot.web.embedded.tomcat.TomcatWebServer [restartedMain] Tomcat started on port(s): 8080 (http) with context path ''
2021-08-11 08:50:54,056 INFO org.springframework.boot.StartupInfoLogger [restartedMain] Started ShashinApplicationKt in 2.573 seconds (JVM running for 3.491)
2021-08-11 08:50:59,210 INFO org.apache.juli.logging.DirectJDKLog [http-nio-8080-exec-2] Initializing Spring DispatcherServlet 'dispatcherServlet'
2021-08-11 08:50:59,211 INFO org.springframework.web.servlet.FrameworkServlet [http-nio-8080-exec-2] Initializing Servlet 'dispatcherServlet'
2021-08-11 08:50:59,212 INFO org.springframework.web.servlet.FrameworkServlet [http-nio-8080-exec-2] Completed initialization in 1 ms
2021-08-11 08:51:48,058 INFO org.springframework.boot.StartupInfoLogger [restartedMain] Starting ShashinApplicationKt using Java 16.0.2 on LAPTOP-KQMN93J1 with PID 14492 (C:\Users\micha\IdeaProjects\shashin\target\classes started by micha in C:\Users\micha\IdeaProjects\shashin)
2021-08-11 08:51:48,062 INFO org.springframework.boot.SpringApplication [restartedMain] No active profile set, falling back to default profiles: default
2021-08-11 08:51:48,125 INFO org.springframework.boot.logging.DeferredLog [restartedMain] Devtools property defaults active! Set 'spring.devtools.add-properties' to 'false' to disable
2021-08-11 08:51:48,126 INFO org.springframework.boot.logging.DeferredLog [restartedMain] For additional web related logging consider setting the 'logging.level.web' property to 'DEBUG'
2021-08-11 08:51:49,452 INFO org.springframework.boot.web.embedded.tomcat.TomcatWebServer [restartedMain] Tomcat initialized with port(s): 8080 (http)
2021-08-11 08:51:49,462 INFO org.apache.juli.logging.DirectJDKLog [restartedMain] Initializing ProtocolHandler ["http-nio-8080"]
2021-08-11 08:51:49,463 INFO org.apache.juli.logging.DirectJDKLog [restartedMain] Starting service [Tomcat]
2021-08-11 08:51:49,464 INFO org.apache.juli.logging.DirectJDKLog [restartedMain] Starting Servlet engine: [Apache Tomcat/9.0.50]
2021-08-11 08:51:49,536 INFO org.apache.juli.logging.DirectJDKLog [restartedMain] Initializing Spring embedded WebApplicationContext
2021-08-11 08:51:49,536 INFO org.springframework.boot.web.servlet.context.ServletWebServerApplicationContext [restartedMain] Root WebApplicationContext: initialization completed in 1410 ms
2021-08-11 08:51:49,783 INFO org.springframework.boot.autoconfigure.web.servlet.WelcomePageHandlerMapping [restartedMain] Adding welcome page: class path resource [static/index.html]
2021-08-11 08:51:49,916 INFO org.springframework.boot.devtools.autoconfigure.OptionalLiveReloadServer [restartedMain] LiveReload server is running on port 35729
2021-08-11 08:51:49,935 INFO org.apache.juli.logging.DirectJDKLog [restartedMain] Starting ProtocolHandler ["http-nio-8080"]
2021-08-11 08:51:49,976 INFO org.springframework.boot.web.embedded.tomcat.TomcatWebServer [restartedMain] Tomcat started on port(s): 8080 (http) with context path ''
2021-08-11 08:51:49,989 INFO org.springframework.boot.StartupInfoLogger [restartedMain] Started ShashinApplicationKt in 2.564 seconds (JVM running for 3.421)
2021-08-11 08:52:03,237 INFO org.apache.juli.logging.DirectJDKLog [http-nio-8080-exec-1] Initializing Spring DispatcherServlet 'dispatcherServlet'
2021-08-11 08:52:03,238 INFO org.springframework.web.servlet.FrameworkServlet [http-nio-8080-exec-1] Initializing Servlet 'dispatcherServlet'
2021-08-11 08:52:03,239 INFO org.springframework.web.servlet.FrameworkServlet [http-nio-8080-exec-1] Completed initialization in 1 ms
2021-08-11 09:11:20,040 INFO org.springframework.boot.StartupInfoLogger [restartedMain] Starting ShashinApplicationKt using Java 16.0.2 on LAPTOP-KQMN93J1 with PID 1320 (C:\Users\micha\IdeaProjects\shashin\target\classes started by micha in C:\Users\micha\IdeaProjects\shashin)
2021-08-11 09:11:20,043 INFO org.springframework.boot.SpringApplication [restartedMain] No active profile set, falling back to default profiles: default
2021-08-11 09:11:20,111 INFO org.springframework.boot.logging.DeferredLog [restartedMain] Devtools property defaults active! Set 'spring.devtools.add-properties' to 'false' to disable
2021-08-11 09:11:20,112 INFO org.springframework.boot.logging.DeferredLog [restartedMain] For additional web related logging consider setting the 'logging.level.web' property to 'DEBUG'
2021-08-11 09:11:21,610 INFO org.springframework.boot.web.embedded.tomcat.TomcatWebServer [restartedMain] Tomcat initialized with port(s): 8080 (http)
2021-08-11 09:11:21,622 INFO org.apache.juli.logging.DirectJDKLog [restartedMain] Initializing ProtocolHandler ["http-nio-8080"]
2021-08-11 09:11:21,623 INFO org.apache.juli.logging.DirectJDKLog [restartedMain] Starting service [Tomcat]
2021-08-11 09:11:21,623 INFO org.apache.juli.logging.DirectJDKLog [restartedMain] Starting Servlet engine: [Apache Tomcat/9.0.50]
2021-08-11 09:11:21,706 INFO org.apache.juli.logging.DirectJDKLog [restartedMain] Initializing Spring embedded WebApplicationContext
2021-08-11 09:11:21,707 INFO org.springframework.boot.web.servlet.context.ServletWebServerApplicationContext [restartedMain] Root WebApplicationContext: initialization completed in 1594 ms
2021-08-11 09:11:21,984 INFO org.springframework.boot.autoconfigure.web.servlet.WelcomePageHandlerMapping [restartedMain] Adding welcome page: class path resource [static/index.html]
2021-08-11 09:11:22,136 INFO org.springframework.boot.devtools.autoconfigure.OptionalLiveReloadServer [restartedMain] LiveReload server is running on port 35729
2021-08-11 09:11:22,261 INFO org.apache.juli.logging.DirectJDKLog [restartedMain] Starting ProtocolHandler ["http-nio-8080"]
2021-08-11 09:11:22,342 INFO org.springframework.boot.web.embedded.tomcat.TomcatWebServer [restartedMain] Tomcat started on port(s): 8080 (http) with context path ''
2021-08-11 09:11:22,380 INFO org.springframework.boot.StartupInfoLogger [restartedMain] Started ShashinApplicationKt in 2.948 seconds (JVM running for 3.997)
2021-08-11 09:11:43,591 INFO org.apache.juli.logging.DirectJDKLog [http-nio-8080-exec-3] Initializing Spring DispatcherServlet 'dispatcherServlet'
2021-08-11 09:11:43,591 INFO org.springframework.web.servlet.FrameworkServlet [http-nio-8080-exec-3] Initializing Servlet 'dispatcherServlet'
2021-08-11 09:11:43,592 INFO org.springframework.web.servlet.FrameworkServlet [http-nio-8080-exec-3] Completed initialization in 1 ms
2021-08-11 09:11:44,324 INFO util.ImageProcessingUtils$Companion [Thread-7] Thumbnail created: DSCF1061.JPG.jpg
2021-08-11 09:11:44,780 INFO util.ImageProcessingUtils$Companion [Thread-7] Thumbnail created: DSCF1062.JPG.jpg
2021-08-11 09:11:45,144 INFO util.ImageProcessingUtils$Companion [Thread-7] Thumbnail created: DSCF1063.JPG.jpg
2021-08-11 09:11:45,610 INFO util.ImageProcessingUtils$Companion [Thread-7] Thumbnail created: DSCF1080.JPG.jpg
2021-08-11 09:11:46,018 INFO util.ImageProcessingUtils$Companion [Thread-7] Thumbnail created: DSCF1074.JPG.jpg
2021-08-11 09:11:46,399 INFO util.ImageProcessingUtils$Companion [Thread-7] Thumbnail created: DSCF1075.JPG.jpg
2021-08-11 09:11:46,796 INFO util.ImageProcessingUtils$Companion [Thread-7] Thumbnail created: DSCF1076.JPG.jpg
2021-08-11 09:11:47,158 INFO util.ImageProcessingUtils$Companion [Thread-7] Thumbnail created: DSCF1077.JPG.jpg
2021-08-11 09:11:47,522 INFO util.ImageProcessingUtils$Companion [Thread-7] Thumbnail created: DSCF1078.JPG.jpg
2021-08-11 09:11:47,863 INFO util.ImageProcessingUtils$Companion [Thread-7] Thumbnail created: DSCF1079.JPG.jpg
2021-08-11 12:09:20,903 INFO org.springframework.boot.StartupInfoLogger [restartedMain] Starting ShashinApplicationKt using Java 16.0.2 on LAPTOP-KQMN93J1 with PID 15948 (C:\Users\micha\IdeaProjects\shashin\target\classes started by micha in C:\Users\micha\IdeaProjects\shashin)
2021-08-11 12:09:20,908 INFO org.springframework.boot.SpringApplication [restartedMain] No active profile set, falling back to default profiles: default
2021-08-11 12:09:20,998 INFO org.springframework.boot.logging.DeferredLog [restartedMain] Devtools property defaults active! Set 'spring.devtools.add-properties' to 'false' to disable
2021-08-11 12:09:20,999 INFO org.springframework.boot.logging.DeferredLog [restartedMain] For additional web related logging consider setting the 'logging.level.web' property to 'DEBUG'
2021-08-11 12:09:22,517 INFO org.springframework.boot.web.embedded.tomcat.TomcatWebServer [restartedMain] Tomcat initialized with port(s): 8080 (http)
2021-08-11 12:09:22,532 INFO org.apache.juli.logging.DirectJDKLog [restartedMain] Initializing ProtocolHandler ["http-nio-8080"]
2021-08-11 12:09:22,533 INFO org.apache.juli.logging.DirectJDKLog [restartedMain] Starting service [Tomcat]
2021-08-11 12:09:22,534 INFO org.apache.juli.logging.DirectJDKLog [restartedMain] Starting Servlet engine: [Apache Tomcat/9.0.50]
2021-08-11 12:09:22,628 INFO org.apache.juli.logging.DirectJDKLog [restartedMain] Initializing Spring embedded WebApplicationContext
2021-08-11 12:09:22,629 INFO org.springframework.boot.web.servlet.context.ServletWebServerApplicationContext [restartedMain] Root WebApplicationContext: initialization completed in 1629 ms
2021-08-11 12:09:22,958 INFO org.springframework.boot.autoconfigure.web.servlet.WelcomePageHandlerMapping [restartedMain] Adding welcome page: class path resource [static/index.html]
2021-08-11 12:09:23,166 INFO org.springframework.boot.devtools.autoconfigure.OptionalLiveReloadServer [restartedMain] LiveReload server is running on port 35729
2021-08-11 12:09:23,189 INFO org.apache.juli.logging.DirectJDKLog [restartedMain] Starting ProtocolHandler ["http-nio-8080"]
2021-08-11 12:09:23,236 INFO org.springframework.boot.web.embedded.tomcat.TomcatWebServer [restartedMain] Tomcat started on port(s): 8080 (http) with context path ''
2021-08-11 12:09:23,252 INFO org.springframework.boot.StartupInfoLogger [restartedMain] Started ShashinApplicationKt in 3.065 seconds (JVM running for 4.188)
2021-08-11 12:09:27,662 INFO org.apache.juli.logging.DirectJDKLog [http-nio-8080-exec-1] Initializing Spring DispatcherServlet 'dispatcherServlet'
2021-08-11 12:09:27,663 INFO org.springframework.web.servlet.FrameworkServlet [http-nio-8080-exec-1] Initializing Servlet 'dispatcherServlet'
2021-08-11 12:09:27,664 INFO org.springframework.web.servlet.FrameworkServlet [http-nio-8080-exec-1] Completed initialization in 1 ms
2021-08-11 12:09:27,779 INFO util.FileUtils$Companion [Thread-7] Thread already exists: testData
2021-08-11 12:09:27,844 INFO util.FileUtils$Companion [Thread-7] YAML metadata created: DSCF1061.JPG.yaml
2021-08-11 12:09:28,380 INFO util.FileUtils$Companion [Thread-7] Thumbnail created: DSCF1061.JPG.jpg
2021-08-11 12:09:28,380 INFO util.FileUtils$Companion [Thread-7] Thumbnail already exists: DSCF1061.JPG.jpg
2021-08-11 12:09:28,409 INFO util.FileUtils$Companion [Thread-7] YAML metadata created: DSCF1062.JPG.yaml
2021-08-11 12:09:28,988 INFO util.FileUtils$Companion [Thread-7] Thumbnail created: DSCF1062.JPG.jpg
2021-08-11 12:09:28,990 INFO util.FileUtils$Companion [Thread-7] Thumbnail already exists: DSCF1062.JPG.jpg
2021-08-11 12:09:29,005 INFO util.FileUtils$Companion [Thread-7] YAML metadata created: DSCF1063.JPG.yaml
2021-08-11 12:09:29,380 INFO util.FileUtils$Companion [Thread-7] Thumbnail created: DSCF1063.JPG.jpg
2021-08-11 12:09:29,381 INFO util.FileUtils$Companion [Thread-7] Thumbnail already exists: DSCF1063.JPG.jpg
2021-08-11 12:09:29,393 INFO util.FileUtils$Companion [Thread-7] YAML metadata created: DSCF1080.JPG.yaml
2021-08-11 12:09:29,754 INFO util.FileUtils$Companion [Thread-7] Thumbnail created: DSCF1080.JPG.jpg
2021-08-11 12:09:29,755 INFO util.FileUtils$Companion [Thread-7] Thumbnail already exists: DSCF1080.JPG.jpg
2021-08-11 12:09:29,764 INFO util.FileUtils$Companion [Thread-7] YAML metadata created: DSCF1074.JPG.yaml
2021-08-11 12:09:30,168 INFO util.FileUtils$Companion [Thread-7] Thumbnail created: DSCF1074.JPG.jpg
2021-08-11 12:09:30,169 INFO util.FileUtils$Companion [Thread-7] Thumbnail already exists: DSCF1074.JPG.jpg
2021-08-11 12:09:30,181 INFO util.FileUtils$Companion [Thread-7] YAML metadata created: DSCF1075.JPG.yaml
2021-08-11 12:09:30,545 INFO util.FileUtils$Companion [Thread-7] Thumbnail created: DSCF1075.JPG.jpg
2021-08-11 12:09:30,546 INFO util.FileUtils$Companion [Thread-7] Thumbnail already exists: DSCF1075.JPG.jpg
2021-08-11 12:09:30,556 INFO util.FileUtils$Companion [Thread-7] YAML metadata created: DSCF1076.JPG.yaml
2021-08-11 12:09:31,001 INFO util.FileUtils$Companion [Thread-7] Thumbnail created: DSCF1076.JPG.jpg
2021-08-11 12:09:31,003 INFO util.FileUtils$Companion [Thread-7] Thumbnail already exists: DSCF1076.JPG.jpg
2021-08-11 12:09:31,017 INFO util.FileUtils$Companion [Thread-7] YAML metadata created: DSCF1077.JPG.yaml
2021-08-11 12:09:31,707 INFO util.FileUtils$Companion [Thread-7] Thumbnail created: DSCF1077.JPG.jpg
2021-08-11 12:09:31,708 INFO util.FileUtils$Companion [Thread-7] Thumbnail already exists: DSCF1077.JPG.jpg
2021-08-11 12:09:31,720 INFO util.FileUtils$Companion [Thread-7] YAML metadata created: DSCF1078.JPG.yaml
2021-08-11 12:09:32,044 INFO util.FileUtils$Companion [Thread-7] Thumbnail created: DSCF1078.JPG.jpg
2021-08-11 12:09:32,044 INFO util.FileUtils$Companion [Thread-7] Thumbnail already exists: DSCF1078.JPG.jpg
2021-08-11 12:09:32,052 INFO util.FileUtils$Companion [Thread-7] YAML metadata created: DSCF1079.JPG.yaml
2021-08-11 12:09:32,405 INFO util.FileUtils$Companion [Thread-7] Thumbnail created: DSCF1079.JPG.jpg
2021-08-11 12:09:32,405 INFO util.FileUtils$Companion [Thread-7] Thumbnail already exists: DSCF1079.JPG.jpg
2021-08-11 12:09:32,413 ERROR com.miyagi.shashin.controller.SettingsController [Thread-7] Could not delete thread file: testData
2021-08-11 12:10:58,265 INFO org.springframework.boot.StartupInfoLogger [restartedMain] Starting ShashinApplicationKt using Java 16.0.2 on LAPTOP-KQMN93J1 with PID 16620 (C:\Users\micha\IdeaProjects\shashin\target\classes started by micha in C:\Users\micha\IdeaProjects\shashin)
2021-08-11 12:10:58,269 INFO org.springframework.boot.SpringApplication [restartedMain] No active profile set, falling back to default profiles: default
2021-08-11 12:10:58,338 INFO org.springframework.boot.logging.DeferredLog [restartedMain] Devtools property defaults active! Set 'spring.devtools.add-properties' to 'false' to disable
2021-08-11 12:10:58,339 INFO org.springframework.boot.logging.DeferredLog [restartedMain] For additional web related logging consider setting the 'logging.level.web' property to 'DEBUG'
2021-08-11 12:10:59,765 INFO org.springframework.boot.web.embedded.tomcat.TomcatWebServer [restartedMain] Tomcat initialized with port(s): 8080 (http)
2021-08-11 12:10:59,777 INFO org.apache.juli.logging.DirectJDKLog [restartedMain] Initializing ProtocolHandler ["http-nio-8080"]
2021-08-11 12:10:59,778 INFO org.apache.juli.logging.DirectJDKLog [restartedMain] Starting service [Tomcat]
2021-08-11 12:10:59,778 INFO org.apache.juli.logging.DirectJDKLog [restartedMain] Starting Servlet engine: [Apache Tomcat/9.0.50]
2021-08-11 12:10:59,865 INFO org.apache.juli.logging.DirectJDKLog [restartedMain] Initializing Spring embedded WebApplicationContext
2021-08-11 12:10:59,865 INFO org.springframework.boot.web.servlet.context.ServletWebServerApplicationContext [restartedMain] Root WebApplicationContext: initialization completed in 1524 ms
2021-08-11 12:11:00,135 INFO org.springframework.boot.autoconfigure.web.servlet.WelcomePageHandlerMapping [restartedMain] Adding welcome page: class path resource [static/index.html]
2021-08-11 12:11:00,277 INFO org.springframework.boot.devtools.autoconfigure.OptionalLiveReloadServer [restartedMain] LiveReload server is running on port 35729
2021-08-11 12:11:00,295 INFO org.apache.juli.logging.DirectJDKLog [restartedMain] Starting ProtocolHandler ["http-nio-8080"]
2021-08-11 12:11:00,338 INFO org.springframework.boot.web.embedded.tomcat.TomcatWebServer [restartedMain] Tomcat started on port(s): 8080 (http) with context path ''
2021-08-11 12:11:00,353 INFO org.springframework.boot.StartupInfoLogger [restartedMain] Started ShashinApplicationKt in 2.692 seconds (JVM running for 3.607)
2021-08-11 12:11:03,011 INFO org.apache.juli.logging.DirectJDKLog [http-nio-8080-exec-1] Initializing Spring DispatcherServlet 'dispatcherServlet'
2021-08-11 12:11:03,012 INFO org.springframework.web.servlet.FrameworkServlet [http-nio-8080-exec-1] Initializing Servlet 'dispatcherServlet'
2021-08-11 12:11:03,013 INFO org.springframework.web.servlet.FrameworkServlet [http-nio-8080-exec-1] Completed initialization in 1 ms
2021-08-11 12:11:05,253 INFO util.FileUtils$Companion [Thread-7] Thread created: Thread-7.shashinscan
2021-08-11 12:11:05,305 INFO util.FileUtils$Companion [Thread-7] YAML metadata created: DSCF1061.JPG.yaml
2021-08-11 12:11:05,828 INFO util.FileUtils$Companion [Thread-7] Thumbnail created: DSCF1061.JPG.jpg
2021-08-11 12:11:05,829 INFO util.FileUtils$Companion [Thread-7] Thumbnail already exists: DSCF1061.JPG.jpg
2021-08-11 12:11:05,855 INFO util.FileUtils$Companion [Thread-7] YAML metadata created: DSCF1062.JPG.yaml
2021-08-11 12:11:06,320 INFO util.FileUtils$Companion [Thread-7] Thumbnail created: DSCF1062.JPG.jpg
2021-08-11 12:11:06,321 INFO util.FileUtils$Companion [Thread-7] Thumbnail already exists: DSCF1062.JPG.jpg
2021-08-11 12:11:06,335 INFO util.FileUtils$Companion [Thread-7] YAML metadata created: DSCF1063.JPG.yaml
2021-08-11 12:11:06,689 INFO util.FileUtils$Companion [Thread-7] Thumbnail created: DSCF1063.JPG.jpg
2021-08-11 12:11:06,690 INFO util.FileUtils$Companion [Thread-7] Thumbnail already exists: DSCF1063.JPG.jpg
2021-08-11 12:11:06,703 INFO util.FileUtils$Companion [Thread-7] YAML metadata created: DSCF1080.JPG.yaml
2021-08-11 12:11:07,075 INFO util.FileUtils$Companion [Thread-7] Thumbnail created: DSCF1080.JPG.jpg
2021-08-11 12:11:07,076 INFO util.FileUtils$Companion [Thread-7] Thumbnail already exists: DSCF1080.JPG.jpg
2021-08-11 12:11:07,089 INFO util.FileUtils$Companion [Thread-7] YAML metadata created: DSCF1074.JPG.yaml
2021-08-11 12:11:07,476 INFO util.FileUtils$Companion [Thread-7] Thumbnail created: DSCF1074.JPG.jpg
2021-08-11 12:11:07,477 INFO util.FileUtils$Companion [Thread-7] Thumbnail already exists: DSCF1074.JPG.jpg
2021-08-11 12:11:07,489 INFO util.FileUtils$Companion [Thread-7] YAML metadata created: DSCF1075.JPG.yaml
2021-08-11 12:11:07,863 INFO util.FileUtils$Companion [Thread-7] Thumbnail created: DSCF1075.JPG.jpg
2021-08-11 12:11:07,864 INFO util.FileUtils$Companion [Thread-7] Thumbnail already exists: DSCF1075.JPG.jpg
2021-08-11 12:11:07,878 INFO util.FileUtils$Companion [Thread-7] YAML metadata created: DSCF1076.JPG.yaml
2021-08-11 12:11:08,256 INFO util.FileUtils$Companion [Thread-7] Thumbnail created: DSCF1076.JPG.jpg
2021-08-11 12:11:08,257 INFO util.FileUtils$Companion [Thread-7] Thumbnail already exists: DSCF1076.JPG.jpg
2021-08-11 12:11:08,275 INFO util.FileUtils$Companion [Thread-7] YAML metadata created: DSCF1077.JPG.yaml
2021-08-11 12:11:08,649 INFO util.FileUtils$Companion [Thread-7] Thumbnail created: DSCF1077.JPG.jpg
2021-08-11 12:11:08,650 INFO util.FileUtils$Companion [Thread-7] Thumbnail already exists: DSCF1077.JPG.jpg
2021-08-11 12:11:08,661 INFO util.FileUtils$Companion [Thread-7] YAML metadata created: DSCF1078.JPG.yaml
2021-08-11 12:11:09,050 INFO util.FileUtils$Companion [Thread-7] Thumbnail created: DSCF1078.JPG.jpg
2021-08-11 12:11:09,051 INFO util.FileUtils$Companion [Thread-7] Thumbnail already exists: DSCF1078.JPG.jpg
2021-08-11 12:11:09,065 INFO util.FileUtils$Companion [Thread-7] YAML metadata created: DSCF1079.JPG.yaml
2021-08-11 12:11:09,644 INFO util.FileUtils$Companion [Thread-7] Thumbnail created: DSCF1079.JPG.jpg
2021-08-11 12:11:09,645 INFO util.FileUtils$Companion [Thread-7] Thumbnail already exists: DSCF1079.JPG.jpg
2021-08-11 12:11:39,565 INFO util.FileUtils$Companion [Thread-8] Thread created: Thread-8.shashinscan
2021-08-11 12:11:39,571 INFO util.FileUtils$Companion [Thread-8] YAML metadata created: DSCF1061.JPG.yaml
2021-08-11 12:11:39,936 INFO util.FileUtils$Companion [Thread-8] Thumbnail created: DSCF1061.JPG.jpg
2021-08-11 12:11:39,936 INFO util.FileUtils$Companion [Thread-8] Thumbnail already exists: DSCF1061.JPG.jpg
2021-08-11 12:11:39,944 INFO util.FileUtils$Companion [Thread-8] YAML metadata created: DSCF1062.JPG.yaml
2021-08-11 12:11:40,329 INFO util.FileUtils$Companion [Thread-8] Thumbnail created: DSCF1062.JPG.jpg
2021-08-11 12:11:40,330 INFO util.FileUtils$Companion [Thread-8] Thumbnail already exists: DSCF1062.JPG.jpg
2021-08-11 12:11:40,342 INFO util.FileUtils$Companion [Thread-8] YAML metadata created: DSCF1063.JPG.yaml
2021-08-11 12:11:40,713 INFO util.FileUtils$Companion [Thread-8] Thumbnail created: DSCF1063.JPG.jpg
2021-08-11 12:11:40,714 INFO util.FileUtils$Companion [Thread-8] Thumbnail already exists: DSCF1063.JPG.jpg
2021-08-11 12:11:40,726 INFO util.FileUtils$Companion [Thread-8] YAML metadata created: DSCF1080.JPG.yaml
2021-08-11 12:11:41,074 INFO util.FileUtils$Companion [Thread-8] Thumbnail created: DSCF1080.JPG.jpg
2021-08-11 12:11:41,075 INFO util.FileUtils$Companion [Thread-8] Thumbnail already exists: DSCF1080.JPG.jpg
2021-08-11 12:11:41,089 INFO util.FileUtils$Companion [Thread-8] YAML metadata created: DSCF1074.JPG.yaml
2021-08-11 12:11:41,459 INFO util.FileUtils$Companion [Thread-8] Thumbnail created: DSCF1074.JPG.jpg
2021-08-11 12:11:41,460 INFO util.FileUtils$Companion [Thread-8] Thumbnail already exists: DSCF1074.JPG.jpg
2021-08-11 12:11:41,470 INFO util.FileUtils$Companion [Thread-8] YAML metadata created: DSCF1075.JPG.yaml
2021-08-11 12:11:41,816 INFO util.FileUtils$Companion [Thread-8] Thumbnail created: DSCF1075.JPG.jpg
2021-08-11 12:11:41,817 INFO util.FileUtils$Companion [Thread-8] Thumbnail already exists: DSCF1075.JPG.jpg
2021-08-11 12:11:41,829 INFO util.FileUtils$Companion [Thread-8] YAML metadata created: DSCF1076.JPG.yaml
2021-08-11 12:11:42,168 INFO util.FileUtils$Companion [Thread-8] Thumbnail created: DSCF1076.JPG.jpg
2021-08-11 12:11:42,169 INFO util.FileUtils$Companion [Thread-8] Thumbnail already exists: DSCF1076.JPG.jpg
2021-08-11 12:11:42,178 INFO util.FileUtils$Companion [Thread-8] YAML metadata created: DSCF1077.JPG.yaml
2021-08-11 12:11:42,501 INFO util.FileUtils$Companion [Thread-8] Thumbnail created: DSCF1077.JPG.jpg
2021-08-11 12:11:42,502 INFO util.FileUtils$Companion [Thread-8] Thumbnail already exists: DSCF1077.JPG.jpg
2021-08-11 12:11:42,512 INFO util.FileUtils$Companion [Thread-8] YAML metadata created: DSCF1078.JPG.yaml
2021-08-11 12:11:42,839 INFO util.FileUtils$Companion [Thread-8] Thumbnail created: DSCF1078.JPG.jpg
2021-08-11 12:11:42,841 INFO util.FileUtils$Companion [Thread-8] Thumbnail already exists: DSCF1078.JPG.jpg
2021-08-11 12:11:42,851 INFO util.FileUtils$Companion [Thread-8] YAML metadata created: DSCF1079.JPG.yaml
2021-08-11 12:11:43,171 INFO util.FileUtils$Companion [Thread-8] Thumbnail created: DSCF1079.JPG.jpg
2021-08-11 12:11:43,172 INFO util.FileUtils$Companion [Thread-8] Thumbnail already exists: DSCF1079.JPG.jpg
2021-08-11 12:17:21,505 INFO util.FileUtils$Companion [Thread-9] Thread created: Thread-9.shashinscan
2021-08-11 12:17:21,512 INFO util.FileUtils$Companion [Thread-9] YAML metadata created: DSCF1061.JPG.yaml
2021-08-11 12:17:21,893 INFO util.FileUtils$Companion [Thread-9] Thumbnail created: DSCF1061.JPG.jpg
2021-08-11 12:17:21,894 INFO util.FileUtils$Companion [Thread-9] Thumbnail already exists: DSCF1061.JPG.jpg
2021-08-11 12:17:21,905 INFO util.FileUtils$Companion [Thread-9] YAML metadata created: DSCF1062.JPG.yaml
2021-08-11 12:17:22,319 INFO util.FileUtils$Companion [Thread-9] Thumbnail created: DSCF1062.JPG.jpg
2021-08-11 12:17:22,321 INFO util.FileUtils$Companion [Thread-9] Thumbnail already exists: DSCF1062.JPG.jpg
2021-08-11 12:17:22,333 INFO util.FileUtils$Companion [Thread-9] YAML metadata created: DSCF1063.JPG.yaml
2021-08-11 12:17:22,671 INFO util.FileUtils$Companion [Thread-9] Thumbnail created: DSCF1063.JPG.jpg
2021-08-11 12:17:22,671 INFO util.FileUtils$Companion [Thread-9] Thumbnail already exists: DSCF1063.JPG.jpg
2021-08-11 12:17:22,682 INFO util.FileUtils$Companion [Thread-9] YAML metadata created: DSCF1080.JPG.yaml
2021-08-11 12:17:23,055 INFO util.FileUtils$Companion [Thread-9] Thumbnail created: DSCF1080.JPG.jpg
2021-08-11 12:17:23,056 INFO util.FileUtils$Companion [Thread-9] Thumbnail already exists: DSCF1080.JPG.jpg
2021-08-11 12:17:23,065 INFO util.FileUtils$Companion [Thread-9] YAML metadata created: DSCF1074.JPG.yaml
2021-08-11 12:17:23,442 INFO util.FileUtils$Companion [Thread-9] Thumbnail created: DSCF1074.JPG.jpg
2021-08-11 12:17:23,443 INFO util.FileUtils$Companion [Thread-9] Thumbnail already exists: DSCF1074.JPG.jpg
2021-08-11 12:17:23,452 INFO util.FileUtils$Companion [Thread-9] YAML metadata created: DSCF1075.JPG.yaml
2021-08-11 12:17:23,840 INFO util.FileUtils$Companion [Thread-9] Thumbnail created: DSCF1075.JPG.jpg
2021-08-11 12:17:23,841 INFO util.FileUtils$Companion [Thread-9] Thumbnail already exists: DSCF1075.JPG.jpg
2021-08-11 12:17:23,850 INFO util.FileUtils$Companion [Thread-9] YAML metadata created: DSCF1076.JPG.yaml
2021-08-11 12:17:24,226 INFO util.FileUtils$Companion [Thread-9] Thumbnail created: DSCF1076.JPG.jpg
2021-08-11 12:17:24,227 INFO util.FileUtils$Companion [Thread-9] Thumbnail already exists: DSCF1076.JPG.jpg
2021-08-11 12:17:24,237 INFO util.FileUtils$Companion [Thread-9] YAML metadata created: DSCF1077.JPG.yaml
2021-08-11 12:17:24,933 INFO util.FileUtils$Companion [Thread-9] Thumbnail created: DSCF1077.JPG.jpg
2021-08-11 12:17:24,934 INFO util.FileUtils$Companion [Thread-9] Thumbnail already exists: DSCF1077.JPG.jpg
2021-08-11 12:17:24,949 INFO util.FileUtils$Companion [Thread-9] YAML metadata created: DSCF1078.JPG.yaml
2021-08-11 12:17:25,530 INFO util.FileUtils$Companion [Thread-9] Thumbnail created: DSCF1078.JPG.jpg
2021-08-11 12:17:25,531 INFO util.FileUtils$Companion [Thread-9] Thumbnail already exists: DSCF1078.JPG.jpg
2021-08-11 12:17:25,541 INFO util.FileUtils$Companion [Thread-9] YAML metadata created: DSCF1079.JPG.yaml
2021-08-11 12:17:25,953 INFO util.FileUtils$Companion [Thread-9] Thumbnail created: DSCF1079.JPG.jpg
2021-08-11 12:17:25,954 INFO util.FileUtils$Companion [Thread-9] Thumbnail already exists: DSCF1079.JPG.jpg
2021-08-11 12:18:13,094 INFO org.springframework.boot.StartupInfoLogger [restartedMain] Starting ShashinApplicationKt using Java 16.0.2 on LAPTOP-KQMN93J1 with PID 12932 (C:\Users\micha\IdeaProjects\shashin\target\classes started by micha in C:\Users\micha\IdeaProjects\shashin)
2021-08-11 12:18:13,101 INFO org.springframework.boot.SpringApplication [restartedMain] No active profile set, falling back to default profiles: default
2021-08-11 12:18:13,212 INFO org.springframework.boot.logging.DeferredLog [restartedMain] Devtools property defaults active! Set 'spring.devtools.add-properties' to 'false' to disable
2021-08-11 12:18:13,213 INFO org.springframework.boot.logging.DeferredLog [restartedMain] For additional web related logging consider setting the 'logging.level.web' property to 'DEBUG'
2021-08-11 12:18:14,751 INFO org.springframework.boot.web.embedded.tomcat.TomcatWebServer [restartedMain] Tomcat initialized with port(s): 8080 (http)
2021-08-11 12:18:14,770 INFO org.apache.juli.logging.DirectJDKLog [restartedMain] Initializing ProtocolHandler ["http-nio-8080"]
2021-08-11 12:18:14,771 INFO org.apache.juli.logging.DirectJDKLog [restartedMain] Starting service [Tomcat]
2021-08-11 12:18:14,771 INFO org.apache.juli.logging.DirectJDKLog [restartedMain] Starting Servlet engine: [Apache Tomcat/9.0.50]
2021-08-11 12:18:14,854 INFO org.apache.juli.logging.DirectJDKLog [restartedMain] Initializing Spring embedded WebApplicationContext
2021-08-11 12:18:14,854 INFO org.springframework.boot.web.servlet.context.ServletWebServerApplicationContext [restartedMain] Root WebApplicationContext: initialization completed in 1639 ms
2021-08-11 12:18:15,143 INFO org.springframework.boot.autoconfigure.web.servlet.WelcomePageHandlerMapping [restartedMain] Adding welcome page: class path resource [static/index.html]
2021-08-11 12:18:15,302 INFO org.springframework.boot.devtools.autoconfigure.OptionalLiveReloadServer [restartedMain] LiveReload server is running on port 35729
2021-08-11 12:18:15,322 INFO org.apache.juli.logging.DirectJDKLog [restartedMain] Starting ProtocolHandler ["http-nio-8080"]
2021-08-11 12:18:15,365 INFO org.springframework.boot.web.embedded.tomcat.TomcatWebServer [restartedMain] Tomcat started on port(s): 8080 (http) with context path ''
2021-08-11 12:18:15,379 INFO org.springframework.boot.StartupInfoLogger [restartedMain] Started ShashinApplicationKt in 2.999 seconds (JVM running for 4.041)
2021-08-11 12:18:15,445 INFO org.apache.juli.logging.DirectJDKLog [http-nio-8080-exec-1] Initializing Spring DispatcherServlet 'dispatcherServlet'
2021-08-11 12:18:15,446 INFO org.springframework.web.servlet.FrameworkServlet [http-nio-8080-exec-1] Initializing Servlet 'dispatcherServlet'
2021-08-11 12:18:15,449 INFO org.springframework.web.servlet.FrameworkServlet [http-nio-8080-exec-1] Completed initialization in 2 ms
2021-08-11 12:18:15,584 INFO util.FileUtils$Companion [Thread-7] Thread created: Thread-7.shashinscan
2021-08-11 12:18:15,641 INFO util.FileUtils$Companion [Thread-7] YAML metadata created: DSCF1061.JPG.yaml
2021-08-11 12:18:16,290 INFO util.FileUtils$Companion [Thread-7] Thumbnail created: DSCF1061.JPG.jpg
2021-08-11 12:18:16,320 INFO util.FileUtils$Companion [Thread-7] YAML metadata created: DSCF1062.JPG.yaml
2021-08-11 12:18:16,901 INFO util.FileUtils$Companion [Thread-7] Thumbnail created: DSCF1062.JPG.jpg
2021-08-11 12:18:16,926 INFO util.FileUtils$Companion [Thread-7] YAML metadata created: DSCF1063.JPG.yaml
2021-08-11 12:18:17,337 INFO util.FileUtils$Companion [Thread-7] Thumbnail created: DSCF1063.JPG.jpg
2021-08-11 12:18:17,350 INFO util.FileUtils$Companion [Thread-7] YAML metadata created: DSCF1080.JPG.yaml
2021-08-11 12:18:17,710 INFO util.FileUtils$Companion [Thread-7] Thumbnail created: DSCF1080.JPG.jpg
2021-08-11 12:18:17,722 INFO util.FileUtils$Companion [Thread-7] YAML metadata created: DSCF1074.JPG.yaml
2021-08-11 12:18:18,383 INFO util.FileUtils$Companion [Thread-7] Thumbnail created: DSCF1074.JPG.jpg
2021-08-11 12:18:18,396 INFO util.FileUtils$Companion [Thread-7] YAML metadata created: DSCF1075.JPG.yaml
2021-08-11 12:18:18,858 INFO util.FileUtils$Companion [Thread-7] Thumbnail created: DSCF1075.JPG.jpg
2021-08-11 12:18:18,871 INFO util.FileUtils$Companion [Thread-7] YAML metadata created: DSCF1076.JPG.yaml
2021-08-11 12:18:19,221 INFO util.FileUtils$Companion [Thread-7] Thumbnail created: DSCF1076.JPG.jpg
2021-08-11 12:18:19,232 INFO util.FileUtils$Companion [Thread-7] YAML metadata created: DSCF1077.JPG.yaml
2021-08-11 12:18:19,589 INFO util.FileUtils$Companion [Thread-7] Thumbnail created: DSCF1077.JPG.jpg
2021-08-11 12:18:19,598 INFO util.FileUtils$Companion [Thread-7] YAML metadata created: DSCF1078.JPG.yaml
2021-08-11 12:18:19,920 INFO util.FileUtils$Companion [Thread-7] Thumbnail created: DSCF1078.JPG.jpg
2021-08-11 12:18:19,928 INFO util.FileUtils$Companion [Thread-7] YAML metadata created: DSCF1079.JPG.yaml
2021-08-11 12:18:20,257 INFO util.FileUtils$Companion [Thread-7] Thumbnail created: DSCF1079.JPG.jpg
2021-08-11 13:51:36,887 INFO org.springframework.boot.StartupInfoLogger [restartedMain] Starting ShashinApplicationKt using Java 16.0.2 on LAPTOP-KQMN93J1 with PID 16628 (C:\Users\micha\IdeaProjects\shashin\target\classes started by micha in C:\Users\micha\IdeaProjects\shashin)
2021-08-11 13:51:36,898 INFO org.springframework.boot.SpringApplication [restartedMain] No active profile set, falling back to default profiles: default
2021-08-11 13:51:37,147 INFO org.springframework.boot.logging.DeferredLog [restartedMain] Devtools property defaults active! Set 'spring.devtools.add-properties' to 'false' to disable
2021-08-11 13:51:37,150 INFO org.springframework.boot.logging.DeferredLog [restartedMain] For additional web related logging consider setting the 'logging.level.web' property to 'DEBUG'
2021-08-11 13:51:39,700 INFO org.springframework.boot.web.embedded.tomcat.TomcatWebServer [restartedMain] Tomcat initialized with port(s): 8080 (http)
2021-08-11 13:51:39,746 INFO org.apache.juli.logging.DirectJDKLog [restartedMain] Initializing ProtocolHandler ["http-nio-8080"]
2021-08-11 13:51:39,749 INFO org.apache.juli.logging.DirectJDKLog [restartedMain] Starting service [Tomcat]
2021-08-11 13:51:39,750 INFO org.apache.juli.logging.DirectJDKLog [restartedMain] Starting Servlet engine: [Apache Tomcat/9.0.50]
2021-08-11 13:51:39,930 INFO org.apache.juli.logging.DirectJDKLog [restartedMain] Initializing Spring embedded WebApplicationContext
2021-08-11 13:51:39,931 INFO org.springframework.boot.web.servlet.context.ServletWebServerApplicationContext [restartedMain] Root WebApplicationContext: initialization completed in 2778 ms
2021-08-11 13:51:40,571 INFO org.springframework.boot.autoconfigure.web.servlet.WelcomePageHandlerMapping [restartedMain] Adding welcome page: class path resource [static/index.html]
2021-08-11 13:51:41,012 INFO org.springframework.boot.devtools.autoconfigure.OptionalLiveReloadServer [restartedMain] LiveReload server is running on port 35729
2021-08-11 13:51:41,049 INFO org.apache.juli.logging.DirectJDKLog [restartedMain] Starting ProtocolHandler ["http-nio-8080"]
2021-08-11 13:51:41,144 INFO org.springframework.boot.web.embedded.tomcat.TomcatWebServer [restartedMain] Tomcat started on port(s): 8080 (http) with context path ''
2021-08-11 13:51:41,182 INFO org.springframework.boot.StartupInfoLogger [restartedMain] Started ShashinApplicationKt in 5.924 seconds (JVM running for 7.872)
2021-08-11 13:51:41,341 INFO org.apache.juli.logging.DirectJDKLog [http-nio-8080-exec-1] Initializing Spring DispatcherServlet 'dispatcherServlet'
2021-08-11 13:51:41,343 INFO org.springframework.web.servlet.FrameworkServlet [http-nio-8080-exec-1] Initializing Servlet 'dispatcherServlet'
2021-08-11 13:51:41,346 INFO org.springframework.web.servlet.FrameworkServlet [http-nio-8080-exec-1] Completed initialization in 2 ms
2021-08-11 13:51:41,846 INFO util.FileUtils$Companion [Thread-7] Thread created: Thread-7.shashinscan
2021-08-11 13:51:42,138 INFO util.FileUtils$Companion [Thread-7] YAML metadata created: DSCF1061.JPG.yaml
2021-08-11 13:51:44,471 INFO util.FileUtils$Companion [Thread-7] Thumbnail created: DSCF1061.JPG.jpg
2021-08-11 13:51:44,577 INFO util.FileUtils$Companion [Thread-7] YAML metadata created: DSCF1062.JPG.yaml
2021-08-11 13:51:45,475 INFO util.FileUtils$Companion [Thread-7] Thumbnail created: DSCF1062.JPG.jpg
2021-08-11 13:51:45,510 INFO util.FileUtils$Companion [Thread-7] YAML metadata created: DSCF1063.JPG.yaml
2021-08-11 13:51:46,109 INFO util.FileUtils$Companion [Thread-7] Thumbnail created: DSCF1063.JPG.jpg
2021-08-11 13:51:46,150 INFO util.FileUtils$Companion [Thread-7] YAML metadata created: DSCF1080.JPG.yaml
2021-08-11 13:51:46,801 INFO util.FileUtils$Companion [Thread-7] Thumbnail created: DSCF1080.JPG.jpg
2021-08-11 13:51:46,827 INFO util.FileUtils$Companion [Thread-7] YAML metadata created: DSCF1074.JPG.yaml
2021-08-11 13:51:47,395 INFO util.FileUtils$Companion [Thread-7] Thumbnail created: DSCF1074.JPG.jpg
2021-08-11 13:51:47,430 INFO util.FileUtils$Companion [Thread-7] YAML metadata created: DSCF1075.JPG.yaml
2021-08-11 13:51:47,992 INFO util.FileUtils$Companion [Thread-7] Thumbnail created: DSCF1075.JPG.jpg
2021-08-11 13:51:48,013 INFO util.FileUtils$Companion [Thread-7] YAML metadata created: DSCF1076.JPG.yaml
2021-08-11 13:51:48,692 INFO util.FileUtils$Companion [Thread-7] Thumbnail created: DSCF1076.JPG.jpg
2021-08-11 13:51:48,716 INFO util.FileUtils$Companion [Thread-7] YAML metadata created: DSCF1077.JPG.yaml
2021-08-11 13:51:49,317 INFO util.FileUtils$Companion [Thread-7] Thumbnail created: DSCF1077.JPG.jpg
2021-08-11 13:51:49,352 INFO util.FileUtils$Companion [Thread-7] YAML metadata created: DSCF1078.JPG.yaml
2021-08-11 13:51:49,969 INFO util.FileUtils$Companion [Thread-7] Thumbnail created: DSCF1078.JPG.jpg
2021-08-11 13:51:49,990 INFO util.FileUtils$Companion [Thread-7] YAML metadata created: DSCF1079.JPG.yaml
2021-08-11 13:51:50,564 INFO util.FileUtils$Companion [Thread-7] Thumbnail created: DSCF1079.JPG.jpg
2021-08-11 14:22:45,192 INFO org.springframework.boot.StartupInfoLogger [restartedMain] Starting ShashinApplicationKt using Java 16.0.2 on LAPTOP-KQMN93J1 with PID 15948 (C:\Users\micha\IdeaProjects\shashin\target\classes started by micha in C:\Users\micha\IdeaProjects\shashin)
2021-08-11 14:22:45,196 INFO org.springframework.boot.SpringApplication [restartedMain] No active profile set, falling back to default profiles: default
2021-08-11 14:22:45,261 INFO org.springframework.boot.logging.DeferredLog [restartedMain] Devtools property defaults active! Set 'spring.devtools.add-properties' to 'false' to disable
2021-08-11 14:22:45,262 INFO org.springframework.boot.logging.DeferredLog [restartedMain] For additional web related logging consider setting the 'logging.level.web' property to 'DEBUG'
2021-08-11 14:22:46,739 INFO org.springframework.boot.web.embedded.tomcat.TomcatWebServer [restartedMain] Tomcat initialized with port(s): 8080 (http)
2021-08-11 14:22:46,750 INFO org.apache.juli.logging.DirectJDKLog [restartedMain] Initializing ProtocolHandler ["http-nio-8080"]
2021-08-11 14:22:46,750 INFO org.apache.juli.logging.DirectJDKLog [restartedMain] Starting service [Tomcat]
2021-08-11 14:22:46,751 INFO org.apache.juli.logging.DirectJDKLog [restartedMain] Starting Servlet engine: [Apache Tomcat/9.0.50]
2021-08-11 14:22:46,837 INFO org.apache.juli.logging.DirectJDKLog [restartedMain] Initializing Spring embedded WebApplicationContext
2021-08-11 14:22:46,837 INFO org.springframework.boot.web.servlet.context.ServletWebServerApplicationContext [restartedMain] Root WebApplicationContext: initialization completed in 1575 ms
2021-08-11 14:22:47,134 INFO org.springframework.boot.autoconfigure.web.servlet.WelcomePageHandlerMapping [restartedMain] Adding welcome page: class path resource [static/index.html]
2021-08-11 14:22:47,296 INFO org.springframework.boot.devtools.autoconfigure.OptionalLiveReloadServer [restartedMain] LiveReload server is running on port 35729
2021-08-11 14:22:47,315 INFO org.apache.juli.logging.DirectJDKLog [restartedMain] Starting ProtocolHandler ["http-nio-8080"]
2021-08-11 14:22:47,363 INFO org.springframework.boot.web.embedded.tomcat.TomcatWebServer [restartedMain] Tomcat started on port(s): 8080 (http) with context path ''
2021-08-11 14:22:47,376 INFO org.springframework.boot.StartupInfoLogger [restartedMain] Started ShashinApplicationKt in 2.817 seconds (JVM running for 3.851)
2021-08-11 14:22:50,574 INFO org.apache.juli.logging.DirectJDKLog [http-nio-8080-exec-1] Initializing Spring DispatcherServlet 'dispatcherServlet'
2021-08-11 14:22:50,575 INFO org.springframework.web.servlet.FrameworkServlet [http-nio-8080-exec-1] Initializing Servlet 'dispatcherServlet'
2021-08-11 14:22:50,576 INFO org.springframework.web.servlet.FrameworkServlet [http-nio-8080-exec-1] Completed initialization in 1 ms
2021-08-11 14:22:50,710 INFO util.FileUtils$Companion [Thread-7] Thread created: Thread-7.shashinscan
2021-08-11 14:22:50,802 INFO util.FileUtils$Companion [Thread-7] YAML metadata created: DSCF1061.JPG.yaml
2021-08-11 14:22:51,393 INFO util.FileUtils$Companion [Thread-7] Thumbnail created: DSCF1061.JPG.jpg
2021-08-11 14:22:51,426 INFO util.FileUtils$Companion [Thread-7] YAML metadata created: DSCF1062.JPG.yaml
2021-08-11 14:22:51,933 INFO util.FileUtils$Companion [Thread-7] Thumbnail created: DSCF1062.JPG.jpg
2021-08-11 14:22:51,953 INFO util.FileUtils$Companion [Thread-7] YAML metadata created: DSCF1063.JPG.yaml
2021-08-11 14:22:52,402 INFO util.FileUtils$Companion [Thread-7] Thumbnail created: DSCF1063.JPG.jpg
2021-08-11 14:22:52,420 INFO util.FileUtils$Companion [Thread-7] YAML metadata created: DSCF1080.JPG.yaml
2021-08-11 14:22:52,863 INFO util.FileUtils$Companion [Thread-7] Thumbnail created: DSCF1080.JPG.jpg
2021-08-11 14:22:52,878 INFO util.FileUtils$Companion [Thread-7] YAML metadata created: DSCF1074.JPG.yaml
2021-08-11 14:22:53,560 INFO util.FileUtils$Companion [Thread-7] Thumbnail created: DSCF1074.JPG.jpg
2021-08-11 14:22:53,580 INFO util.FileUtils$Companion [Thread-7] YAML metadata created: DSCF1075.JPG.yaml
2021-08-11 14:22:53,954 INFO util.FileUtils$Companion [Thread-7] Thumbnail created: DSCF1075.JPG.jpg
2021-08-11 14:22:53,967 INFO util.FileUtils$Companion [Thread-7] YAML metadata created: DSCF1076.JPG.yaml
2021-08-11 14:22:54,359 INFO util.FileUtils$Companion [Thread-7] Thumbnail created: DSCF1076.JPG.jpg
2021-08-11 14:22:54,371 INFO util.FileUtils$Companion [Thread-7] YAML metadata created: DSCF1077.JPG.yaml
2021-08-11 14:22:54,709 INFO util.FileUtils$Companion [Thread-7] Thumbnail created: DSCF1077.JPG.jpg
2021-08-11 14:22:54,725 INFO util.FileUtils$Companion [Thread-7] YAML metadata created: DSCF1078.JPG.yaml
2021-08-11 14:22:55,061 INFO util.FileUtils$Companion [Thread-7] Thumbnail created: DSCF1078.JPG.jpg
2021-08-11 14:22:55,076 INFO util.FileUtils$Companion [Thread-7] YAML metadata created: DSCF1079.JPG.yaml
2021-08-11 14:22:55,448 INFO util.FileUtils$Companion [Thread-7] Thumbnail created: DSCF1079.JPG.jpg
2021-08-11 15:22:58,719 INFO org.springframework.boot.StartupInfoLogger [restartedMain] Starting ShashinApplicationKt using Java 16.0.2 on LAPTOP-KQMN93J1 with PID 20180 (C:\Users\micha\IdeaProjects\shashin\target\classes started by micha in C:\Users\micha\IdeaProjects\shashin)
2021-08-11 15:22:58,724 INFO org.springframework.boot.SpringApplication [restartedMain] No active profile set, falling back to default profiles: default
2021-08-11 15:22:58,801 INFO org.springframework.boot.logging.DeferredLog [restartedMain] Devtools property defaults active! Set 'spring.devtools.add-properties' to 'false' to disable
2021-08-11 15:22:58,802 INFO org.springframework.boot.logging.DeferredLog [restartedMain] For additional web related logging consider setting the 'logging.level.web' property to 'DEBUG'
2021-08-11 15:23:00,359 INFO org.springframework.boot.web.embedded.tomcat.TomcatWebServer [restartedMain] Tomcat initialized with port(s): 8080 (http)
2021-08-11 15:23:00,374 INFO org.apache.juli.logging.DirectJDKLog [restartedMain] Initializing ProtocolHandler ["http-nio-8080"]
2021-08-11 15:23:00,375 INFO org.apache.juli.logging.DirectJDKLog [restartedMain] Starting service [Tomcat]
2021-08-11 15:23:00,376 INFO org.apache.juli.logging.DirectJDKLog [restartedMain] Starting Servlet engine: [Apache Tomcat/9.0.50]
2021-08-11 15:23:00,501 INFO org.apache.juli.logging.DirectJDKLog [restartedMain] Initializing Spring embedded WebApplicationContext
2021-08-11 15:23:00,501 INFO org.springframework.boot.web.servlet.context.ServletWebServerApplicationContext [restartedMain] Root WebApplicationContext: initialization completed in 1698 ms
2021-08-11 15:23:00,830 INFO org.springframework.boot.autoconfigure.web.servlet.WelcomePageHandlerMapping [restartedMain] Adding welcome page: class path resource [static/index.html]
2021-08-11 15:23:00,986 INFO org.springframework.boot.devtools.autoconfigure.OptionalLiveReloadServer [restartedMain] LiveReload server is running on port 35729
2021-08-11 15:23:01,003 INFO org.apache.juli.logging.DirectJDKLog [restartedMain] Starting ProtocolHandler ["http-nio-8080"]
2021-08-11 15:23:01,055 INFO org.springframework.boot.web.embedded.tomcat.TomcatWebServer [restartedMain] Tomcat started on port(s): 8080 (http) with context path ''
2021-08-11 15:23:01,069 INFO org.springframework.boot.StartupInfoLogger [restartedMain] Started ShashinApplicationKt in 3.129 seconds (JVM running for 4.201)
2021-08-11 15:23:09,624 INFO org.apache.juli.logging.DirectJDKLog [http-nio-8080-exec-1] Initializing Spring DispatcherServlet 'dispatcherServlet'
2021-08-11 15:23:09,625 INFO org.springframework.web.servlet.FrameworkServlet [http-nio-8080-exec-1] Initializing Servlet 'dispatcherServlet'
2021-08-11 15:23:09,626 INFO org.springframework.web.servlet.FrameworkServlet [http-nio-8080-exec-1] Completed initialization in 1 ms
2021-08-11 15:23:12,105 INFO util.FileUtils$Companion [Thread-7] Thread created: Thread-7.shashinscan
2021-08-11 15:23:12,201 INFO util.FileUtils$Companion [Thread-7] YAML metadata already exists: DSCF1061.JPG.yaml
2021-08-11 15:23:12,888 INFO util.FileUtils$Companion [Thread-7] Thumbnail already exists: DSCF1061.JPG.jpg
2021-08-11 15:23:12,926 INFO util.FileUtils$Companion [Thread-7] YAML metadata already exists: DSCF1062.JPG.yaml
2021-08-11 15:23:13,535 INFO util.FileUtils$Companion [Thread-7] Thumbnail already exists: DSCF1062.JPG.jpg
2021-08-11 15:23:13,562 INFO util.FileUtils$Companion [Thread-7] YAML metadata already exists: DSCF1063.JPG.yaml
2021-08-11 15:23:13,986 INFO util.FileUtils$Companion [Thread-7] Thumbnail already exists: DSCF1063.JPG.jpg
2021-08-11 15:23:14,004 INFO util.FileUtils$Companion [Thread-7] YAML metadata already exists: DSCF1080.JPG.yaml
2021-08-11 15:23:14,449 INFO util.FileUtils$Companion [Thread-7] Thumbnail already exists: DSCF1080.JPG.jpg
2021-08-11 15:23:14,477 INFO util.FileUtils$Companion [Thread-7] YAML metadata already exists: DSCF1074.JPG.yaml
2021-08-11 15:23:14,881 INFO util.FileUtils$Companion [Thread-7] Thumbnail already exists: DSCF1074.JPG.jpg
2021-08-11 15:23:14,898 INFO util.FileUtils$Companion [Thread-7] YAML metadata already exists: DSCF1075.JPG.yaml
2021-08-11 15:23:15,334 INFO util.FileUtils$Companion [Thread-7] Thumbnail already exists: DSCF1075.JPG.jpg
2021-08-11 15:23:15,351 INFO util.FileUtils$Companion [Thread-7] YAML metadata already exists: DSCF1076.JPG.yaml
2021-08-11 15:23:15,767 INFO util.FileUtils$Companion [Thread-7] Thumbnail already exists: DSCF1076.JPG.jpg
2021-08-11 15:23:15,795 INFO util.FileUtils$Companion [Thread-7] YAML metadata already exists: DSCF1077.JPG.yaml
2021-08-11 15:23:16,580 INFO util.FileUtils$Companion [Thread-7] Thumbnail already exists: DSCF1077.JPG.jpg
2021-08-11 15:23:16,638 INFO util.FileUtils$Companion [Thread-7] YAML metadata already exists: DSCF1078.JPG.yaml
2021-08-11 15:23:17,153 INFO util.FileUtils$Companion [Thread-7] Thumbnail already exists: DSCF1078.JPG.jpg
2021-08-11 15:23:17,176 INFO util.FileUtils$Companion [Thread-7] YAML metadata already exists: DSCF1079.JPG.yaml
2021-08-11 15:23:17,558 INFO util.FileUtils$Companion [Thread-7] Thumbnail already exists: DSCF1079.JPG.jpg
2021-08-11 15:23:17,596 INFO util.FileUtils$Companion [Thread-7] YAML metadata created: DSCF1061.JPG.jpg.yaml
2021-08-11 15:23:17,604 INFO util.FileUtils$Companion [Thread-7] Thumbnail created: DSCF1061.JPG.jpg.jpg
2021-08-11 15:23:17,622 INFO util.FileUtils$Companion [Thread-7] YAML metadata created: DSCF1062.JPG.jpg.yaml
2021-08-11 15:23:17,626 INFO util.FileUtils$Companion [Thread-7] Thumbnail created: DSCF1062.JPG.jpg.jpg
2021-08-11 15:23:17,645 INFO util.FileUtils$Companion [Thread-7] YAML metadata created: DSCF1063.JPG.jpg.yaml
2021-08-11 15:23:17,650 INFO util.FileUtils$Companion [Thread-7] Thumbnail created: DSCF1063.JPG.jpg.jpg
2021-08-11 15:23:17,668 INFO util.FileUtils$Companion [Thread-7] YAML metadata created: DSCF1080.JPG.jpg.yaml
2021-08-11 15:23:17,675 INFO util.FileUtils$Companion [Thread-7] Thumbnail created: DSCF1080.JPG.jpg.jpg
2021-08-11 15:23:17,702 INFO util.FileUtils$Companion [Thread-7] YAML metadata created: DSCF1074.JPG.jpg.yaml
2021-08-11 15:23:17,708 INFO util.FileUtils$Companion [Thread-7] Thumbnail created: DSCF1074.JPG.jpg.jpg
2021-08-11 15:23:17,728 INFO util.FileUtils$Companion [Thread-7] YAML metadata created: DSCF1075.JPG.jpg.yaml
2021-08-11 15:23:17,733 INFO util.FileUtils$Companion [Thread-7] Thumbnail created: DSCF1075.JPG.jpg.jpg
2021-08-11 15:23:17,759 INFO util.FileUtils$Companion [Thread-7] YAML metadata created: DSCF1076.JPG.jpg.yaml
2021-08-11 15:23:17,764 INFO util.FileUtils$Companion [Thread-7] Thumbnail created: DSCF1076.JPG.jpg.jpg
2021-08-11 15:23:17,786 INFO util.FileUtils$Companion [Thread-7] YAML metadata created: DSCF1077.JPG.jpg.yaml
2021-08-11 15:23:17,792 INFO util.FileUtils$Companion [Thread-7] Thumbnail created: DSCF1077.JPG.jpg.jpg
2021-08-11 15:23:17,815 INFO util.FileUtils$Companion [Thread-7] YAML metadata created: DSCF1078.JPG.jpg.yaml
2021-08-11 15:23:17,823 INFO util.FileUtils$Companion [Thread-7] Thumbnail created: DSCF1078.JPG.jpg.jpg
2021-08-11 15:23:17,847 INFO util.FileUtils$Companion [Thread-7] YAML metadata created: DSCF1079.JPG.jpg.yaml
2021-08-11 15:23:17,853 INFO util.FileUtils$Companion [Thread-7] Thumbnail created: DSCF1079.JPG.jpg.jpg
2021-08-11 15:47:26,210 INFO org.springframework.boot.StartupInfoLogger [restartedMain] Starting ShashinApplicationKt using Java 16.0.2 on LAPTOP-KQMN93J1 with PID 18884 (C:\Users\micha\IdeaProjects\shashin\target\classes started by micha in C:\Users\micha\IdeaProjects\shashin)
2021-08-11 15:47:26,214 INFO org.springframework.boot.SpringApplication [restartedMain] No active profile set, falling back to default profiles: default
2021-08-11 15:47:26,275 INFO org.springframework.boot.logging.DeferredLog [restartedMain] Devtools property defaults active! Set 'spring.devtools.add-properties' to 'false' to disable
2021-08-11 15:47:26,275 INFO org.springframework.boot.logging.DeferredLog [restartedMain] For additional web related logging consider setting the 'logging.level.web' property to 'DEBUG'
2021-08-11 15:47:27,585 INFO org.springframework.boot.web.embedded.tomcat.TomcatWebServer [restartedMain] Tomcat initialized with port(s): 8080 (http)
2021-08-11 15:47:27,595 INFO org.apache.juli.logging.DirectJDKLog [restartedMain] Initializing ProtocolHandler ["http-nio-8080"]
2021-08-11 15:47:27,596 INFO org.apache.juli.logging.DirectJDKLog [restartedMain] Starting service [Tomcat]
2021-08-11 15:47:27,596 INFO org.apache.juli.logging.DirectJDKLog [restartedMain] Starting Servlet engine: [Apache Tomcat/9.0.50]
2021-08-11 15:47:27,679 INFO org.apache.juli.logging.DirectJDKLog [restartedMain] Initializing Spring embedded WebApplicationContext
2021-08-11 15:47:27,679 INFO org.springframework.boot.web.servlet.context.ServletWebServerApplicationContext [restartedMain] Root WebApplicationContext: initialization completed in 1403 ms
2021-08-11 15:47:27,950 INFO org.springframework.boot.autoconfigure.web.servlet.WelcomePageHandlerMapping [restartedMain] Adding welcome page: class path resource [static/index.html]
2021-08-11 15:47:28,106 INFO org.springframework.boot.devtools.autoconfigure.OptionalLiveReloadServer [restartedMain] LiveReload server is running on port 35729
2021-08-11 15:47:28,127 INFO org.apache.juli.logging.DirectJDKLog [restartedMain] Starting ProtocolHandler ["http-nio-8080"]
2021-08-11 15:47:28,175 INFO org.springframework.boot.web.embedded.tomcat.TomcatWebServer [restartedMain] Tomcat started on port(s): 8080 (http) with context path ''
2021-08-11 15:47:28,190 INFO org.springframework.boot.StartupInfoLogger [restartedMain] Started ShashinApplicationKt in 2.55 seconds (JVM running for 3.51)
2021-08-11 15:48:18,798 INFO org.apache.juli.logging.DirectJDKLog [http-nio-8080-exec-1] Initializing Spring DispatcherServlet 'dispatcherServlet'
2021-08-11 15:48:18,798 INFO org.springframework.web.servlet.FrameworkServlet [http-nio-8080-exec-1] Initializing Servlet 'dispatcherServlet'
2021-08-11 15:48:18,799 INFO org.springframework.web.servlet.FrameworkServlet [http-nio-8080-exec-1] Completed initialization in 0 ms
2021-08-11 15:48:18,917 INFO util.FileUtils$Companion [Thread-7] Thread created: Thread-7.shashinscan
2021-08-11 15:48:18,985 INFO util.FileUtils$Companion [Thread-7] YAML metadata created: DSCF1061.JPG.yaml
2021-08-11 15:48:19,561 INFO util.FileUtils$Companion [Thread-7] Thumbnail created: DSCF1061.JPG.jpg
2021-08-11 15:48:19,602 INFO util.FileUtils$Companion [Thread-7] YAML metadata created: DSCF1062.JPG.yaml
2021-08-11 15:48:20,065 INFO util.FileUtils$Companion [Thread-7] Thumbnail created: DSCF1062.JPG.jpg
2021-08-11 15:48:20,086 INFO util.FileUtils$Companion [Thread-7] YAML metadata created: DSCF1063.JPG.yaml
2021-08-11 15:48:20,504 INFO util.FileUtils$Companion [Thread-7] Thumbnail created: DSCF1063.JPG.jpg
2021-08-11 15:48:20,525 INFO util.FileUtils$Companion [Thread-7] YAML metadata created: DSCF1080.JPG.yaml
2021-08-11 15:48:20,896 INFO util.FileUtils$Companion [Thread-7] Thumbnail created: DSCF1080.JPG.jpg
2021-08-11 15:48:20,913 INFO util.FileUtils$Companion [Thread-7] YAML metadata created: DSCF1074.JPG.yaml
2021-08-11 15:48:21,358 INFO util.FileUtils$Companion [Thread-7] Thumbnail created: DSCF1074.JPG.jpg
2021-08-11 15:48:21,381 INFO util.FileUtils$Companion [Thread-7] YAML metadata created: DSCF1075.JPG.yaml
2021-08-11 15:48:22,214 INFO util.FileUtils$Companion [Thread-7] Thumbnail created: DSCF1075.JPG.jpg
2021-08-11 15:48:22,235 INFO util.FileUtils$Companion [Thread-7] YAML metadata created: DSCF1076.JPG.yaml
2021-08-11 15:48:22,596 INFO util.FileUtils$Companion [Thread-7] Thumbnail created: DSCF1076.JPG.jpg
2021-08-11 15:48:22,616 INFO util.FileUtils$Companion [Thread-7] YAML metadata created: DSCF1077.JPG.yaml
2021-08-11 15:48:22,968 INFO util.FileUtils$Companion [Thread-7] Thumbnail created: DSCF1077.JPG.jpg
2021-08-11 15:48:22,986 INFO util.FileUtils$Companion [Thread-7] YAML metadata created: DSCF1078.JPG.yaml
2021-08-11 15:48:23,327 INFO util.FileUtils$Companion [Thread-7] Thumbnail created: DSCF1078.JPG.jpg
2021-08-11 15:48:23,347 INFO util.FileUtils$Companion [Thread-7] YAML metadata created: DSCF1079.JPG.yaml
2021-08-11 15:48:23,714 INFO util.FileUtils$Companion [Thread-7] Thumbnail created: DSCF1079.JPG.jpg
2021-08-11 15:49:24,095 INFO org.springframework.boot.StartupInfoLogger [restartedMain] Starting ShashinApplicationKt using Java 16.0.2 on LAPTOP-KQMN93J1 with PID 17204 (C:\Users\micha\IdeaProjects\shashin\target\classes started by micha in C:\Users\micha\IdeaProjects\shashin)
2021-08-11 15:49:24,099 INFO org.springframework.boot.SpringApplication [restartedMain] No active profile set, falling back to default profiles: default
2021-08-11 15:49:24,163 INFO org.springframework.boot.logging.DeferredLog [restartedMain] Devtools property defaults active! Set 'spring.devtools.add-properties' to 'false' to disable
2021-08-11 15:49:24,163 INFO org.springframework.boot.logging.DeferredLog [restartedMain] For additional web related logging consider setting the 'logging.level.web' property to 'DEBUG'
2021-08-11 15:49:25,453 INFO org.springframework.boot.web.embedded.tomcat.TomcatWebServer [restartedMain] Tomcat initialized with port(s): 8080 (http)
2021-08-11 15:49:25,463 INFO org.apache.juli.logging.DirectJDKLog [restartedMain] Initializing ProtocolHandler ["http-nio-8080"]
2021-08-11 15:49:25,464 INFO org.apache.juli.logging.DirectJDKLog [restartedMain] Starting service [Tomcat]
2021-08-11 15:49:25,464 INFO org.apache.juli.logging.DirectJDKLog [restartedMain] Starting Servlet engine: [Apache Tomcat/9.0.50]
2021-08-11 15:49:25,546 INFO org.apache.juli.logging.DirectJDKLog [restartedMain] Initializing Spring embedded WebApplicationContext
2021-08-11 15:49:25,546 INFO org.springframework.boot.web.servlet.context.ServletWebServerApplicationContext [restartedMain] Root WebApplicationContext: initialization completed in 1382 ms
2021-08-11 15:49:25,793 INFO org.springframework.boot.autoconfigure.web.servlet.WelcomePageHandlerMapping [restartedMain] Adding welcome page: class path resource [static/index.html]
2021-08-11 15:49:25,924 INFO org.springframework.boot.devtools.autoconfigure.OptionalLiveReloadServer [restartedMain] LiveReload server is running on port 35729
2021-08-11 15:49:25,941 INFO org.apache.juli.logging.DirectJDKLog [restartedMain] Starting ProtocolHandler ["http-nio-8080"]
2021-08-11 15:49:25,981 INFO org.springframework.boot.web.embedded.tomcat.TomcatWebServer [restartedMain] Tomcat started on port(s): 8080 (http) with context path ''
2021-08-11 15:49:25,994 INFO org.springframework.boot.StartupInfoLogger [restartedMain] Started ShashinApplicationKt in 2.472 seconds (JVM running for 3.396)
2021-08-11 15:49:39,419 INFO org.apache.juli.logging.DirectJDKLog [http-nio-8080-exec-1] Initializing Spring DispatcherServlet 'dispatcherServlet'
2021-08-11 15:49:39,419 INFO org.springframework.web.servlet.FrameworkServlet [http-nio-8080-exec-1] Initializing Servlet 'dispatcherServlet'
2021-08-11 15:49:39,420 INFO org.springframework.web.servlet.FrameworkServlet [http-nio-8080-exec-1] Completed initialization in 1 ms
2021-08-11 15:49:39,546 INFO util.FileUtils$Companion [Thread-7] Thread created: Thread-7.shashinscan
2021-08-11 15:49:39,608 INFO util.FileUtils$Companion [Thread-7] YAML metadata created: DSCF1061.JPG.yaml
2021-08-11 15:49:40,151 INFO util.FileUtils$Companion [Thread-7] Thumbnail created: DSCF1061.JPG.jpg
2021-08-11 15:49:40,181 INFO util.FileUtils$Companion [Thread-7] YAML metadata created: DSCF1062.JPG.yaml
2021-08-11 15:49:40,618 INFO util.FileUtils$Companion [Thread-7] Thumbnail created: DSCF1062.JPG.jpg
2021-08-11 15:49:40,641 INFO util.FileUtils$Companion [Thread-7] YAML metadata created: DSCF1063.JPG.yaml
2021-08-11 15:49:41,013 INFO util.FileUtils$Companion [Thread-7] Thumbnail created: DSCF1063.JPG.jpg
2021-08-11 15:49:41,029 INFO util.FileUtils$Companion [Thread-7] YAML metadata created: DSCF1080.JPG.yaml
2021-08-11 15:49:41,404 INFO util.FileUtils$Companion [Thread-7] Thumbnail created: DSCF1080.JPG.jpg
2021-08-11 15:49:41,420 INFO util.FileUtils$Companion [Thread-7] YAML metadata created: DSCF1074.JPG.yaml
2021-08-11 15:49:41,803 INFO util.FileUtils$Companion [Thread-7] Thumbnail created: DSCF1074.JPG.jpg
2021-08-11 15:49:41,820 INFO util.FileUtils$Companion [Thread-7] YAML metadata created: DSCF1075.JPG.yaml
2021-08-11 15:49:42,489 INFO util.FileUtils$Companion [Thread-7] Thumbnail created: DSCF1075.JPG.jpg
2021-08-11 15:49:42,518 INFO util.FileUtils$Companion [Thread-7] YAML metadata created: DSCF1076.JPG.yaml
2021-08-11 15:49:43,041 INFO util.FileUtils$Companion [Thread-7] Thumbnail created: DSCF1076.JPG.jpg
2021-08-11 15:49:43,055 INFO util.FileUtils$Companion [Thread-7] YAML metadata created: DSCF1077.JPG.yaml
2021-08-11 15:49:43,412 INFO util.FileUtils$Companion [Thread-7] Thumbnail created: DSCF1077.JPG.jpg
2021-08-11 15:49:43,428 INFO util.FileUtils$Companion [Thread-7] YAML metadata created: DSCF1078.JPG.yaml
2021-08-11 15:49:43,784 INFO util.FileUtils$Companion [Thread-7] Thumbnail created: DSCF1078.JPG.jpg
2021-08-11 15:49:43,801 INFO util.FileUtils$Companion [Thread-7] YAML metadata created: DSCF1079.JPG.yaml
2021-08-11 15:49:44,158 INFO util.FileUtils$Companion [Thread-7] Thumbnail created: DSCF1079.JPG.jpg
2021-08-11 15:54:36,491 INFO org.springframework.boot.StartupInfoLogger [restartedMain] Starting ShashinApplicationKt using Java 16.0.2 on LAPTOP-KQMN93J1 with PID 4492 (C:\Users\micha\IdeaProjects\shashin\target\classes started by micha in C:\Users\micha\IdeaProjects\shashin)
2021-08-11 15:54:36,495 INFO org.springframework.boot.SpringApplication [restartedMain] No active profile set, falling back to default profiles: default
2021-08-11 15:54:36,572 INFO org.springframework.boot.logging.DeferredLog [restartedMain] Devtools property defaults active! Set 'spring.devtools.add-properties' to 'false' to disable
2021-08-11 15:54:36,573 INFO org.springframework.boot.logging.DeferredLog [restartedMain] For additional web related logging consider setting the 'logging.level.web' property to 'DEBUG'
2021-08-11 15:54:38,222 INFO org.springframework.boot.web.embedded.tomcat.TomcatWebServer [restartedMain] Tomcat initialized with port(s): 8080 (http)
2021-08-11 15:54:38,241 INFO org.apache.juli.logging.DirectJDKLog [restartedMain] Initializing ProtocolHandler ["http-nio-8080"]
2021-08-11 15:54:38,242 INFO org.apache.juli.logging.DirectJDKLog [restartedMain] Starting service [Tomcat]
2021-08-11 15:54:38,242 INFO org.apache.juli.logging.DirectJDKLog [restartedMain] Starting Servlet engine: [Apache Tomcat/9.0.50]
2021-08-11 15:54:38,327 INFO org.apache.juli.logging.DirectJDKLog [restartedMain] Initializing Spring embedded WebApplicationContext
2021-08-11 15:54:38,328 INFO org.springframework.boot.web.servlet.context.ServletWebServerApplicationContext [restartedMain] Root WebApplicationContext: initialization completed in 1754 ms
2021-08-11 15:54:38,633 INFO org.springframework.boot.autoconfigure.web.servlet.WelcomePageHandlerMapping [restartedMain] Adding welcome page: class path resource [static/index.html]
2021-08-11 15:54:38,788 INFO org.springframework.boot.devtools.autoconfigure.OptionalLiveReloadServer [restartedMain] LiveReload server is running on port 35729
2021-08-11 15:54:38,808 INFO org.apache.juli.logging.DirectJDKLog [restartedMain] Starting ProtocolHandler ["http-nio-8080"]
2021-08-11 15:54:38,861 INFO org.springframework.boot.web.embedded.tomcat.TomcatWebServer [restartedMain] Tomcat started on port(s): 8080 (http) with context path ''
2021-08-11 15:54:38,877 INFO org.springframework.boot.StartupInfoLogger [restartedMain] Started ShashinApplicationKt in 3.155 seconds (JVM running for 4.188)
2021-08-11 15:54:42,364 INFO org.apache.juli.logging.DirectJDKLog [http-nio-8080-exec-1] Initializing Spring DispatcherServlet 'dispatcherServlet'
2021-08-11 15:54:42,365 INFO org.springframework.web.servlet.FrameworkServlet [http-nio-8080-exec-1] Initializing Servlet 'dispatcherServlet'
2021-08-11 15:54:42,368 INFO org.springframework.web.servlet.FrameworkServlet [http-nio-8080-exec-1] Completed initialization in 2 ms
2021-08-11 15:54:42,498 INFO util.FileUtils$Companion [Thread-7] Thread created: Thread-7.shashinscan
2021-08-11 15:54:42,572 INFO util.FileUtils$Companion [Thread-7] YAML metadata created: DSCF1061.JPG.yaml
2021-08-11 15:54:43,124 INFO util.FileUtils$Companion [Thread-7] Thumbnail created: DSCF1061.JPG.jpg
2021-08-11 15:54:43,150 INFO util.FileUtils$Companion [Thread-7] YAML metadata created: DSCF1062.JPG.yaml
2021-08-11 15:54:43,582 INFO util.FileUtils$Companion [Thread-7] Thumbnail created: DSCF1062.JPG.jpg
2021-08-11 15:54:43,598 INFO util.FileUtils$Companion [Thread-7] YAML metadata created: DSCF1063.JPG.yaml
2021-08-11 15:54:43,968 INFO util.FileUtils$Companion [Thread-7] Thumbnail created: DSCF1063.JPG.jpg
2021-08-11 15:54:43,984 INFO util.FileUtils$Companion [Thread-7] YAML metadata created: DSCF1080.JPG.yaml
2021-08-11 15:54:44,358 INFO util.FileUtils$Companion [Thread-7] Thumbnail created: DSCF1080.JPG.jpg
2021-08-11 15:54:44,372 INFO util.FileUtils$Companion [Thread-7] YAML metadata created: DSCF1074.JPG.yaml
2021-08-11 15:54:44,778 INFO util.FileUtils$Companion [Thread-7] Thumbnail created: DSCF1074.JPG.jpg
2021-08-11 15:54:44,792 INFO util.FileUtils$Companion [Thread-7] YAML metadata created: DSCF1075.JPG.yaml
2021-08-11 15:54:45,450 INFO util.FileUtils$Companion [Thread-7] Thumbnail created: DSCF1075.JPG.jpg
2021-08-11 15:54:45,468 INFO util.FileUtils$Companion [Thread-7] YAML metadata created: DSCF1076.JPG.yaml
2021-08-11 15:54:45,916 INFO util.FileUtils$Companion [Thread-7] Thumbnail created: DSCF1076.JPG.jpg
2021-08-11 15:54:45,928 INFO util.FileUtils$Companion [Thread-7] YAML metadata created: DSCF1077.JPG.yaml
2021-08-11 15:54:46,303 INFO util.FileUtils$Companion [Thread-7] Thumbnail created: DSCF1077.JPG.jpg
2021-08-11 15:54:46,315 INFO util.FileUtils$Companion [Thread-7] YAML metadata created: DSCF1078.JPG.yaml
2021-08-11 15:54:46,674 INFO util.FileUtils$Companion [Thread-7] Thumbnail created: DSCF1078.JPG.jpg
2021-08-11 15:54:46,684 INFO util.FileUtils$Companion [Thread-7] YAML metadata created: DSCF1079.JPG.yaml
2021-08-11 15:54:47,050 INFO util.FileUtils$Companion [Thread-7] Thumbnail created: DSCF1079.JPG.jpg
2021-08-11 16:34:22,122 INFO org.springframework.boot.StartupInfoLogger [restartedMain] Starting ShashinApplicationKt using Java 16.0.2 on LAPTOP-KQMN93J1 with PID 20288 (C:\Users\micha\IdeaProjects\shashin\target\classes started by micha in C:\Users\micha\IdeaProjects\shashin)
2021-08-11 16:34:22,126 INFO org.springframework.boot.SpringApplication [restartedMain] No active profile set, falling back to default profiles: default
2021-08-11 16:34:22,204 INFO org.springframework.boot.logging.DeferredLog [restartedMain] Devtools property defaults active! Set 'spring.devtools.add-properties' to 'false' to disable
2021-08-11 16:34:22,204 INFO org.springframework.boot.logging.DeferredLog [restartedMain] For additional web related logging consider setting the 'logging.level.web' property to 'DEBUG'
2021-08-11 16:34:23,817 INFO org.springframework.boot.web.embedded.tomcat.TomcatWebServer [restartedMain] Tomcat initialized with port(s): 8080 (http)
2021-08-11 16:34:23,851 INFO org.apache.juli.logging.DirectJDKLog [restartedMain] Initializing ProtocolHandler ["http-nio-8080"]
2021-08-11 16:34:23,852 INFO org.apache.juli.logging.DirectJDKLog [restartedMain] Starting service [Tomcat]
2021-08-11 16:34:23,854 INFO org.apache.juli.logging.DirectJDKLog [restartedMain] Starting Servlet engine: [Apache Tomcat/9.0.50]
2021-08-11 16:34:23,994 INFO org.apache.juli.logging.DirectJDKLog [restartedMain] Initializing Spring embedded WebApplicationContext
2021-08-11 16:34:23,995 INFO org.springframework.boot.web.servlet.context.ServletWebServerApplicationContext [restartedMain] Root WebApplicationContext: initialization completed in 1790 ms
2021-08-11 16:34:24,371 INFO org.springframework.boot.autoconfigure.web.servlet.WelcomePageHandlerMapping [restartedMain] Adding welcome page: class path resource [static/index.html]
2021-08-11 16:34:24,535 INFO org.springframework.boot.devtools.autoconfigure.OptionalLiveReloadServer [restartedMain] LiveReload server is running on port 35729
2021-08-11 16:34:24,559 INFO org.apache.juli.logging.DirectJDKLog [restartedMain] Starting ProtocolHandler ["http-nio-8080"]
2021-08-11 16:34:24,606 INFO org.springframework.boot.web.embedded.tomcat.TomcatWebServer [restartedMain] Tomcat started on port(s): 8080 (http) with context path ''
2021-08-11 16:34:24,621 INFO org.springframework.boot.StartupInfoLogger [restartedMain] Started ShashinApplicationKt in 3.151 seconds (JVM running for 4.206)
2021-08-11 16:34:26,789 INFO org.apache.juli.logging.DirectJDKLog [http-nio-8080-exec-3] Initializing Spring DispatcherServlet 'dispatcherServlet'
2021-08-11 16:34:26,790 INFO org.springframework.web.servlet.FrameworkServlet [http-nio-8080-exec-3] Initializing Servlet 'dispatcherServlet'
2021-08-11 16:34:26,791 INFO org.springframework.web.servlet.FrameworkServlet [http-nio-8080-exec-3] Completed initialization in 1 ms
2021-08-11 16:34:28,794 INFO util.FileUtils$Companion [Thread-7] Thread created: Thread-7.shashinscan
2021-08-11 16:34:28,876 INFO util.FileUtils$Companion [Thread-7] YAML metadata already exists: DSCF1061.JPG.yaml
2021-08-11 16:34:29,488 INFO util.FileUtils$Companion [Thread-7] Thumbnail already exists: DSCF1061.JPG.jpg
2021-08-11 16:34:29,520 INFO util.FileUtils$Companion [Thread-7] YAML metadata already exists: DSCF1062.JPG.yaml
2021-08-11 16:34:30,003 INFO util.FileUtils$Companion [Thread-7] Thumbnail already exists: DSCF1062.JPG.jpg
2021-08-11 16:34:30,028 INFO util.FileUtils$Companion [Thread-7] YAML metadata already exists: DSCF1063.JPG.yaml
2021-08-11 16:34:30,553 INFO util.FileUtils$Companion [Thread-7] Thumbnail already exists: DSCF1063.JPG.jpg
2021-08-11 16:34:30,573 INFO util.FileUtils$Companion [Thread-7] YAML metadata already exists: DSCF1080.JPG.yaml
2021-08-11 16:34:31,129 INFO util.FileUtils$Companion [Thread-7] Thumbnail already exists: DSCF1080.JPG.jpg
2021-08-11 16:34:31,172 INFO util.FileUtils$Companion [Thread-7] YAML metadata already exists: DSCF1074.JPG.yaml
2021-08-11 16:34:32,117 INFO util.FileUtils$Companion [Thread-7] Thumbnail already exists: DSCF1074.JPG.jpg
2021-08-11 16:34:32,132 INFO util.FileUtils$Companion [Thread-7] YAML metadata already exists: DSCF1075.JPG.yaml
2021-08-11 16:34:32,510 INFO util.FileUtils$Companion [Thread-7] Thumbnail already exists: DSCF1075.JPG.jpg
2021-08-11 16:34:32,528 INFO util.FileUtils$Companion [Thread-7] YAML metadata already exists: DSCF1076.JPG.yaml
2021-08-11 16:34:32,887 INFO util.FileUtils$Companion [Thread-7] Thumbnail already exists: DSCF1076.JPG.jpg
2021-08-11 16:34:32,906 INFO util.FileUtils$Companion [Thread-7] YAML metadata already exists: DSCF1077.JPG.yaml
2021-08-11 16:34:33,280 INFO util.FileUtils$Companion [Thread-7] Thumbnail already exists: DSCF1077.JPG.jpg
2021-08-11 16:34:33,295 INFO util.FileUtils$Companion [Thread-7] YAML metadata already exists: DSCF1078.JPG.yaml
2021-08-11 16:34:33,678 INFO util.FileUtils$Companion [Thread-7] Thumbnail already exists: DSCF1078.JPG.jpg
2021-08-11 16:34:33,694 INFO util.FileUtils$Companion [Thread-7] YAML metadata already exists: DSCF1079.JPG.yaml
2021-08-11 16:34:34,053 INFO util.FileUtils$Companion [Thread-7] Thumbnail already exists: DSCF1079.JPG.jpg
2021-08-11 16:34:34,088 INFO util.FileUtils$Companion [Thread-7] YAML metadata created: DSCF1061.JPG.jpg.yaml
2021-08-11 16:34:34,094 INFO util.FileUtils$Companion [Thread-7] Thumbnail created: DSCF1061.JPG.jpg.jpg
2021-08-11 16:34:34,112 INFO util.FileUtils$Companion [Thread-7] YAML metadata created: DSCF1062.JPG.jpg.yaml
2021-08-11 16:34:34,117 INFO util.FileUtils$Companion [Thread-7] Thumbnail created: DSCF1062.JPG.jpg.jpg
2021-08-11 16:34:34,138 INFO util.FileUtils$Companion [Thread-7] YAML metadata created: DSCF1063.JPG.jpg.yaml
2021-08-11 16:34:34,143 INFO util.FileUtils$Companion [Thread-7] Thumbnail created: DSCF1063.JPG.jpg.jpg
2021-08-11 16:34:34,160 INFO util.FileUtils$Companion [Thread-7] YAML metadata created: DSCF1080.JPG.jpg.yaml
2021-08-11 16:34:34,165 INFO util.FileUtils$Companion [Thread-7] Thumbnail created: DSCF1080.JPG.jpg.jpg
2021-08-11 16:34:34,181 INFO util.FileUtils$Companion [Thread-7] YAML metadata created: DSCF1074.JPG.jpg.yaml
2021-08-11 16:34:34,186 INFO util.FileUtils$Companion [Thread-7] Thumbnail created: DSCF1074.JPG.jpg.jpg
2021-08-11 16:34:34,202 INFO util.FileUtils$Companion [Thread-7] YAML metadata created: DSCF1075.JPG.jpg.yaml
2021-08-11 16:34:34,207 INFO util.FileUtils$Companion [Thread-7] Thumbnail created: DSCF1075.JPG.jpg.jpg
2021-08-11 16:34:34,223 INFO util.FileUtils$Companion [Thread-7] YAML metadata created: DSCF1076.JPG.jpg.yaml
2021-08-11 16:34:34,227 INFO util.FileUtils$Companion [Thread-7] Thumbnail created: DSCF1076.JPG.jpg.jpg
2021-08-11 16:34:34,243 INFO util.FileUtils$Companion [Thread-7] YAML metadata created: DSCF1077.JPG.jpg.yaml
2021-08-11 16:34:34,247 INFO util.FileUtils$Companion [Thread-7] Thumbnail created: DSCF1077.JPG.jpg.jpg
2021-08-11 16:34:34,270 INFO util.FileUtils$Companion [Thread-7] YAML metadata created: DSCF1078.JPG.jpg.yaml
2021-08-11 16:34:34,275 INFO util.FileUtils$Companion [Thread-7] Thumbnail created: DSCF1078.JPG.jpg.jpg
2021-08-11 16:34:34,295 INFO util.FileUtils$Companion [Thread-7] YAML metadata created: DSCF1079.JPG.jpg.yaml
2021-08-11 16:34:34,300 INFO util.FileUtils$Companion [Thread-7] Thumbnail created: DSCF1079.JPG.jpg.jpg
2021-08-11 16:36:31,300 INFO org.springframework.boot.StartupInfoLogger [restartedMain] Starting ShashinApplicationKt using Java 16.0.2 on LAPTOP-KQMN93J1 with PID 10744 (C:\Users\micha\IdeaProjects\shashin\target\classes started by micha in C:\Users\micha\IdeaProjects\shashin)
2021-08-11 16:36:31,305 INFO org.springframework.boot.SpringApplication [restartedMain] No active profile set, falling back to default profiles: default
2021-08-11 16:36:31,392 INFO org.springframework.boot.logging.DeferredLog [restartedMain] Devtools property defaults active! Set 'spring.devtools.add-properties' to 'false' to disable
2021-08-11 16:36:31,393 INFO org.springframework.boot.logging.DeferredLog [restartedMain] For additional web related logging consider setting the 'logging.level.web' property to 'DEBUG'
2021-08-11 16:36:32,841 INFO org.springframework.boot.web.embedded.tomcat.TomcatWebServer [restartedMain] Tomcat initialized with port(s): 8080 (http)
2021-08-11 16:36:32,851 INFO org.apache.juli.logging.DirectJDKLog [restartedMain] Initializing ProtocolHandler ["http-nio-8080"]
2021-08-11 16:36:32,852 INFO org.apache.juli.logging.DirectJDKLog [restartedMain] Starting service [Tomcat]
2021-08-11 16:36:32,853 INFO org.apache.juli.logging.DirectJDKLog [restartedMain] Starting Servlet engine: [Apache Tomcat/9.0.50]
2021-08-11 16:36:32,933 INFO org.apache.juli.logging.DirectJDKLog [restartedMain] Initializing Spring embedded WebApplicationContext
2021-08-11 16:36:32,934 INFO org.springframework.boot.web.servlet.context.ServletWebServerApplicationContext [restartedMain] Root WebApplicationContext: initialization completed in 1540 ms
2021-08-11 16:36:33,317 INFO org.springframework.boot.autoconfigure.web.servlet.WelcomePageHandlerMapping [restartedMain] Adding welcome page: class path resource [static/index.html]
2021-08-11 16:36:33,497 INFO org.springframework.boot.devtools.autoconfigure.OptionalLiveReloadServer [restartedMain] LiveReload server is running on port 35729
2021-08-11 16:36:33,525 INFO org.apache.juli.logging.DirectJDKLog [restartedMain] Starting ProtocolHandler ["http-nio-8080"]
2021-08-11 16:36:33,579 INFO org.springframework.boot.web.embedded.tomcat.TomcatWebServer [restartedMain] Tomcat started on port(s): 8080 (http) with context path ''
2021-08-11 16:36:33,596 INFO org.springframework.boot.StartupInfoLogger [restartedMain] Started ShashinApplicationKt in 2.933 seconds (JVM running for 4.011)
2021-08-11 16:36:34,802 INFO org.apache.juli.logging.DirectJDKLog [http-nio-8080-exec-1] Initializing Spring DispatcherServlet 'dispatcherServlet'
2021-08-11 16:36:34,803 INFO org.springframework.web.servlet.FrameworkServlet [http-nio-8080-exec-1] Initializing Servlet 'dispatcherServlet'
2021-08-11 16:36:34,804 INFO org.springframework.web.servlet.FrameworkServlet [http-nio-8080-exec-1] Completed initialization in 1 ms
2021-08-11 16:36:34,922 INFO util.FileUtils$Companion [Thread-7] Thread created: Thread-7.shashinscan
2021-08-11 16:36:34,985 INFO util.FileUtils$Companion [Thread-7] YAML metadata already exists: DSCF1061.JPG.yaml
2021-08-11 16:36:35,548 INFO util.FileUtils$Companion [Thread-7] Thumbnail already exists: DSCF1061.JPG.jpg
2021-08-11 16:36:35,578 INFO util.FileUtils$Companion [Thread-7] YAML metadata already exists: DSCF1062.JPG.yaml
2021-08-11 16:36:36,032 INFO util.FileUtils$Companion [Thread-7] Thumbnail already exists: DSCF1062.JPG.jpg
2021-08-11 16:36:36,047 INFO util.FileUtils$Companion [Thread-7] YAML metadata already exists: DSCF1063.JPG.yaml
2021-08-11 16:36:36,425 INFO util.FileUtils$Companion [Thread-7] Thumbnail already exists: DSCF1063.JPG.jpg
2021-08-11 16:36:36,440 INFO util.FileUtils$Companion [Thread-7] YAML metadata already exists: DSCF1080.JPG.yaml
2021-08-11 16:36:36,836 INFO util.FileUtils$Companion [Thread-7] Thumbnail already exists: DSCF1080.JPG.jpg
2021-08-11 16:36:36,849 INFO util.FileUtils$Companion [Thread-7] YAML metadata already exists: DSCF1074.JPG.yaml
2021-08-11 16:36:37,303 INFO util.FileUtils$Companion [Thread-7] Thumbnail already exists: DSCF1074.JPG.jpg
2021-08-11 16:36:37,320 INFO util.FileUtils$Companion [Thread-7] YAML metadata already exists: DSCF1075.JPG.yaml
2021-08-11 16:36:38,086 INFO util.FileUtils$Companion [Thread-7] Thumbnail already exists: DSCF1075.JPG.jpg
2021-08-11 16:36:38,112 INFO util.FileUtils$Companion [Thread-7] YAML metadata already exists: DSCF1076.JPG.yaml
2021-08-11 16:36:38,575 INFO util.FileUtils$Companion [Thread-7] Thumbnail already exists: DSCF1076.JPG.jpg
2021-08-11 16:36:38,585 INFO util.FileUtils$Companion [Thread-7] YAML metadata already exists: DSCF1077.JPG.yaml
2021-08-11 16:36:38,942 INFO util.FileUtils$Companion [Thread-7] Thumbnail already exists: DSCF1077.JPG.jpg
2021-08-11 16:36:38,954 INFO util.FileUtils$Companion [Thread-7] YAML metadata already exists: DSCF1078.JPG.yaml
2021-08-11 16:36:39,289 INFO util.FileUtils$Companion [Thread-7] Thumbnail already exists: DSCF1078.JPG.jpg
2021-08-11 16:36:39,302 INFO util.FileUtils$Companion [Thread-7] YAML metadata already exists: DSCF1079.JPG.yaml
2021-08-11 16:36:39,659 INFO util.FileUtils$Companion [Thread-7] Thumbnail already exists: DSCF1079.JPG.jpg
2021-08-11 16:36:39,684 INFO util.FileUtils$Companion [Thread-7] YAML metadata already exists: DSCF1061.JPG.jpg.yaml
2021-08-11 16:36:39,688 INFO util.FileUtils$Companion [Thread-7] Thumbnail already exists: DSCF1061.JPG.jpg.jpg
2021-08-11 16:36:39,703 INFO util.FileUtils$Companion [Thread-7] YAML metadata already exists: DSCF1062.JPG.jpg.yaml
2021-08-11 16:36:39,707 INFO util.FileUtils$Companion [Thread-7] Thumbnail already exists: DSCF1062.JPG.jpg.jpg
2021-08-11 16:36:39,721 INFO util.FileUtils$Companion [Thread-7] YAML metadata already exists: DSCF1063.JPG.jpg.yaml
2021-08-11 16:36:39,726 INFO util.FileUtils$Companion [Thread-7] Thumbnail already exists: DSCF1063.JPG.jpg.jpg
2021-08-11 16:36:39,743 INFO util.FileUtils$Companion [Thread-7] YAML metadata already exists: DSCF1080.JPG.jpg.yaml
2021-08-11 16:36:39,747 INFO util.FileUtils$Companion [Thread-7] Thumbnail already exists: DSCF1080.JPG.jpg.jpg
2021-08-11 16:36:39,764 INFO util.FileUtils$Companion [Thread-7] YAML metadata already exists: DSCF1074.JPG.jpg.yaml
2021-08-11 16:36:39,767 INFO util.FileUtils$Companion [Thread-7] Thumbnail already exists: DSCF1074.JPG.jpg.jpg
2021-08-11 16:36:39,785 INFO util.FileUtils$Companion [Thread-7] YAML metadata already exists: DSCF1075.JPG.jpg.yaml
2021-08-11 16:36:39,789 INFO util.FileUtils$Companion [Thread-7] Thumbnail already exists: DSCF1075.JPG.jpg.jpg
2021-08-11 16:36:39,806 INFO util.FileUtils$Companion [Thread-7] YAML metadata already exists: DSCF1076.JPG.jpg.yaml
2021-08-11 16:36:39,810 INFO util.FileUtils$Companion [Thread-7] Thumbnail already exists: DSCF1076.JPG.jpg.jpg
2021-08-11 16:36:39,826 INFO util.FileUtils$Companion [Thread-7] YAML metadata already exists: DSCF1077.JPG.jpg.yaml
2021-08-11 16:36:39,830 INFO util.FileUtils$Companion [Thread-7] Thumbnail already exists: DSCF1077.JPG.jpg.jpg
2021-08-11 16:36:39,846 INFO util.FileUtils$Companion [Thread-7] YAML metadata already exists: DSCF1078.JPG.jpg.yaml
2021-08-11 16:36:39,849 INFO util.FileUtils$Companion [Thread-7] Thumbnail already exists: DSCF1078.JPG.jpg.jpg
2021-08-11 16:36:39,866 INFO util.FileUtils$Companion [Thread-7] YAML metadata already exists: DSCF1079.JPG.jpg.yaml
2021-08-11 16:36:39,870 INFO util.FileUtils$Companion [Thread-7] Thumbnail already exists: DSCF1079.JPG.jpg.jpg
2021-08-11 16:36:39,889 INFO util.FileUtils$Companion [Thread-7] YAML metadata created: DSCF1061.JPG.jpg.jpg.yaml
2021-08-11 16:36:39,895 INFO util.FileUtils$Companion [Thread-7] Thumbnail created: DSCF1061.JPG.jpg.jpg.jpg
2021-08-11 16:36:39,911 INFO util.FileUtils$Companion [Thread-7] YAML metadata created: DSCF1062.JPG.jpg.jpg.yaml
2021-08-11 16:36:39,916 INFO util.FileUtils$Companion [Thread-7] Thumbnail created: DSCF1062.JPG.jpg.jpg.jpg
2021-08-11 16:36:39,932 INFO util.FileUtils$Companion [Thread-7] YAML metadata created: DSCF1063.JPG.jpg.jpg.yaml
2021-08-11 16:36:39,937 INFO util.FileUtils$Companion [Thread-7] Thumbnail created: DSCF1063.JPG.jpg.jpg.jpg
2021-08-11 16:36:39,955 INFO util.FileUtils$Companion [Thread-7] YAML metadata created: DSCF1080.JPG.jpg.jpg.yaml
2021-08-11 16:36:39,959 INFO util.FileUtils$Companion [Thread-7] Thumbnail created: DSCF1080.JPG.jpg.jpg.jpg
2021-08-11 16:36:39,977 INFO util.FileUtils$Companion [Thread-7] YAML metadata created: DSCF1074.JPG.jpg.jpg.yaml
2021-08-11 16:36:39,981 INFO util.FileUtils$Companion [Thread-7] Thumbnail created: DSCF1074.JPG.jpg.jpg.jpg
2021-08-11 16:36:39,998 INFO util.FileUtils$Companion [Thread-7] YAML metadata created: DSCF1075.JPG.jpg.jpg.yaml
2021-08-11 16:36:40,005 INFO util.FileUtils$Companion [Thread-7] Thumbnail created: DSCF1075.JPG.jpg.jpg.jpg
2021-08-11 16:36:40,021 INFO util.FileUtils$Companion [Thread-7] YAML metadata created: DSCF1076.JPG.jpg.jpg.yaml
2021-08-11 16:36:40,025 INFO util.FileUtils$Companion [Thread-7] Thumbnail created: DSCF1076.JPG.jpg.jpg.jpg
2021-08-11 16:36:40,042 INFO util.FileUtils$Companion [Thread-7] YAML metadata created: DSCF1077.JPG.jpg.jpg.yaml
2021-08-11 16:36:40,046 INFO util.FileUtils$Companion [Thread-7] Thumbnail created: DSCF1077.JPG.jpg.jpg.jpg
2021-08-11 16:36:40,061 INFO util.FileUtils$Companion [Thread-7] YAML metadata created: DSCF1078.JPG.jpg.jpg.yaml
2021-08-11 16:36:40,065 INFO util.FileUtils$Companion [Thread-7] Thumbnail created: DSCF1078.JPG.jpg.jpg.jpg
2021-08-11 16:36:40,081 INFO util.FileUtils$Companion [Thread-7] YAML metadata created: DSCF1079.JPG.jpg.jpg.yaml
2021-08-11 16:36:40,085 INFO util.FileUtils$Companion [Thread-7] Thumbnail created: DSCF1079.JPG.jpg.jpg.jpg
2021-08-11 16:38:08,515 INFO org.springframework.boot.StartupInfoLogger [restartedMain] Starting ShashinApplicationKt using Java 16.0.2 on LAPTOP-KQMN93J1 with PID 5288 (C:\Users\micha\IdeaProjects\shashin\target\classes started by micha in C:\Users\micha\IdeaProjects\shashin)
2021-08-11 16:38:08,520 INFO org.springframework.boot.SpringApplication [restartedMain] No active profile set, falling back to default profiles: default
2021-08-11 16:38:08,589 INFO org.springframework.boot.logging.DeferredLog [restartedMain] Devtools property defaults active! Set 'spring.devtools.add-properties' to 'false' to disable
2021-08-11 16:38:08,589 INFO org.springframework.boot.logging.DeferredLog [restartedMain] For additional web related logging consider setting the 'logging.level.web' property to 'DEBUG'
2021-08-11 16:38:10,070 INFO org.springframework.boot.web.embedded.tomcat.TomcatWebServer [restartedMain] Tomcat initialized with port(s): 8080 (http)
2021-08-11 16:38:10,087 INFO org.apache.juli.logging.DirectJDKLog [restartedMain] Initializing ProtocolHandler ["http-nio-8080"]
2021-08-11 16:38:10,088 INFO org.apache.juli.logging.DirectJDKLog [restartedMain] Starting service [Tomcat]
2021-08-11 16:38:10,088 INFO org.apache.juli.logging.DirectJDKLog [restartedMain] Starting Servlet engine: [Apache Tomcat/9.0.50]
2021-08-11 16:38:10,196 INFO org.apache.juli.logging.DirectJDKLog [restartedMain] Initializing Spring embedded WebApplicationContext
2021-08-11 16:38:10,197 INFO org.springframework.boot.web.servlet.context.ServletWebServerApplicationContext [restartedMain] Root WebApplicationContext: initialization completed in 1607 ms
2021-08-11 16:38:10,501 INFO org.springframework.boot.autoconfigure.web.servlet.WelcomePageHandlerMapping [restartedMain] Adding welcome page: class path resource [static/index.html]
2021-08-11 16:38:10,689 INFO org.springframework.boot.devtools.autoconfigure.OptionalLiveReloadServer [restartedMain] LiveReload server is running on port 35729
2021-08-11 16:38:10,709 INFO org.apache.juli.logging.DirectJDKLog [restartedMain] Starting ProtocolHandler ["http-nio-8080"]
2021-08-11 16:38:10,757 INFO org.springframework.boot.web.embedded.tomcat.TomcatWebServer [restartedMain] Tomcat started on port(s): 8080 (http) with context path ''
2021-08-11 16:38:10,772 INFO org.springframework.boot.StartupInfoLogger [restartedMain] Started ShashinApplicationKt in 2.885 seconds (JVM running for 3.872)
2021-08-11 16:38:11,727 INFO org.apache.juli.logging.DirectJDKLog [http-nio-8080-exec-1] Initializing Spring DispatcherServlet 'dispatcherServlet'
2021-08-11 16:38:11,728 INFO org.springframework.web.servlet.FrameworkServlet [http-nio-8080-exec-1] Initializing Servlet 'dispatcherServlet'
2021-08-11 16:38:11,729 INFO org.springframework.web.servlet.FrameworkServlet [http-nio-8080-exec-1] Completed initialization in 1 ms
2021-08-11 16:38:11,858 INFO util.FileUtils$Companion [Thread-7] Thread created: Thread-7.shashinscan
2021-08-11 16:38:11,931 INFO util.FileUtils$Companion [Thread-7] YAML metadata already exists: DSCF1061.JPG.yaml
2021-08-11 16:38:12,535 INFO util.FileUtils$Companion [Thread-7] Thumbnail already exists: DSCF1061.JPG.jpg
2021-08-11 16:38:12,565 INFO util.FileUtils$Companion [Thread-7] YAML metadata already exists: DSCF1062.JPG.yaml
2021-08-11 16:38:13,041 INFO util.FileUtils$Companion [Thread-7] Thumbnail already exists: DSCF1062.JPG.jpg
2021-08-11 16:38:13,060 INFO util.FileUtils$Companion [Thread-7] YAML metadata already exists: DSCF1063.JPG.yaml
2021-08-11 16:38:13,588 INFO util.FileUtils$Companion [Thread-7] Thumbnail already exists: DSCF1063.JPG.jpg
2021-08-11 16:38:13,604 INFO util.FileUtils$Companion [Thread-7] YAML metadata already exists: DSCF1080.JPG.yaml
2021-08-11 16:38:14,253 INFO util.FileUtils$Companion [Thread-7] Thumbnail already exists: DSCF1080.JPG.jpg
2021-08-11 16:38:14,275 INFO util.FileUtils$Companion [Thread-7] YAML metadata already exists: DSCF1074.JPG.yaml
2021-08-11 16:38:14,686 INFO util.FileUtils$Companion [Thread-7] Thumbnail already exists: DSCF1074.JPG.jpg
2021-08-11 16:38:14,696 INFO util.FileUtils$Companion [Thread-7] YAML metadata already exists: DSCF1075.JPG.yaml
2021-08-11 16:38:15,095 INFO util.FileUtils$Companion [Thread-7] Thumbnail already exists: DSCF1075.JPG.jpg
2021-08-11 16:38:15,108 INFO util.FileUtils$Companion [Thread-7] YAML metadata already exists: DSCF1076.JPG.yaml
2021-08-11 16:38:15,530 INFO util.FileUtils$Companion [Thread-7] Thumbnail already exists: DSCF1076.JPG.jpg
2021-08-11 16:38:15,542 INFO util.FileUtils$Companion [Thread-7] YAML metadata already exists: DSCF1077.JPG.yaml
2021-08-11 16:38:15,910 INFO util.FileUtils$Companion [Thread-7] Thumbnail already exists: DSCF1077.JPG.jpg
2021-08-11 16:38:15,921 INFO util.FileUtils$Companion [Thread-7] YAML metadata already exists: DSCF1078.JPG.yaml
2021-08-11 16:38:16,296 INFO util.FileUtils$Companion [Thread-7] Thumbnail already exists: DSCF1078.JPG.jpg
2021-08-11 16:38:16,308 INFO util.FileUtils$Companion [Thread-7] YAML metadata already exists: DSCF1079.JPG.yaml
2021-08-11 16:38:16,667 INFO util.FileUtils$Companion [Thread-7] Thumbnail already exists: DSCF1079.JPG.jpg
2021-08-11 16:38:16,699 INFO util.FileUtils$Companion [Thread-7] YAML metadata already exists: DSCF1061.JPG.jpg.yaml
2021-08-11 16:38:16,704 INFO util.FileUtils$Companion [Thread-7] Thumbnail already exists: DSCF1061.JPG.jpg.jpg
2021-08-11 16:38:16,720 INFO util.FileUtils$Companion [Thread-7] YAML metadata already exists: DSCF1062.JPG.jpg.yaml
2021-08-11 16:38:16,724 INFO util.FileUtils$Companion [Thread-7] Thumbnail already exists: DSCF1062.JPG.jpg.jpg
2021-08-11 16:38:16,741 INFO util.FileUtils$Companion [Thread-7] YAML metadata already exists: DSCF1063.JPG.jpg.yaml
2021-08-11 16:38:16,744 INFO util.FileUtils$Companion [Thread-7] Thumbnail already exists: DSCF1063.JPG.jpg.jpg
2021-08-11 16:38:16,759 INFO util.FileUtils$Companion [Thread-7] YAML metadata already exists: DSCF1080.JPG.jpg.yaml
2021-08-11 16:38:16,763 INFO util.FileUtils$Companion [Thread-7] Thumbnail already exists: DSCF1080.JPG.jpg.jpg
2021-08-11 16:38:16,777 INFO util.FileUtils$Companion [Thread-7] YAML metadata already exists: DSCF1074.JPG.jpg.yaml
2021-08-11 16:38:16,781 INFO util.FileUtils$Companion [Thread-7] Thumbnail already exists: DSCF1074.JPG.jpg.jpg
2021-08-11 16:38:16,795 INFO util.FileUtils$Companion [Thread-7] YAML metadata already exists: DSCF1075.JPG.jpg.yaml
2021-08-11 16:38:16,800 INFO util.FileUtils$Companion [Thread-7] Thumbnail already exists: DSCF1075.JPG.jpg.jpg
2021-08-11 16:38:16,814 INFO util.FileUtils$Companion [Thread-7] YAML metadata already exists: DSCF1076.JPG.jpg.yaml
2021-08-11 16:38:16,817 INFO util.FileUtils$Companion [Thread-7] Thumbnail already exists: DSCF1076.JPG.jpg.jpg
2021-08-11 16:38:16,831 INFO util.FileUtils$Companion [Thread-7] YAML metadata already exists: DSCF1077.JPG.jpg.yaml
2021-08-11 16:38:16,835 INFO util.FileUtils$Companion [Thread-7] Thumbnail already exists: DSCF1077.JPG.jpg.jpg
2021-08-11 16:38:16,852 INFO util.FileUtils$Companion [Thread-7] YAML metadata already exists: DSCF1078.JPG.jpg.yaml
2021-08-11 16:38:16,855 INFO util.FileUtils$Companion [Thread-7] Thumbnail already exists: DSCF1078.JPG.jpg.jpg
2021-08-11 16:38:16,871 INFO util.FileUtils$Companion [Thread-7] YAML metadata already exists: DSCF1079.JPG.jpg.yaml
2021-08-11 16:38:16,874 INFO util.FileUtils$Companion [Thread-7] Thumbnail already exists: DSCF1079.JPG.jpg.jpg
2021-08-11 16:38:16,890 INFO util.FileUtils$Companion [Thread-7] YAML metadata already exists: DSCF1061.JPG.jpg.jpg.yaml
2021-08-11 16:38:16,894 INFO util.FileUtils$Companion [Thread-7] Thumbnail already exists: DSCF1061.JPG.jpg.jpg.jpg
2021-08-11 16:38:16,913 INFO util.FileUtils$Companion [Thread-7] YAML metadata already exists: DSCF1062.JPG.jpg.jpg.yaml
2021-08-11 16:38:16,917 INFO util.FileUtils$Companion [Thread-7] Thumbnail already exists: DSCF1062.JPG.jpg.jpg.jpg
2021-08-11 16:38:16,933 INFO util.FileUtils$Companion [Thread-7] YAML metadata already exists: DSCF1063.JPG.jpg.jpg.yaml
2021-08-11 16:38:16,937 INFO util.FileUtils$Companion [Thread-7] Thumbnail already exists: DSCF1063.JPG.jpg.jpg.jpg
2021-08-11 16:38:16,951 INFO util.FileUtils$Companion [Thread-7] YAML metadata already exists: DSCF1080.JPG.jpg.jpg.yaml
2021-08-11 16:38:16,955 INFO util.FileUtils$Companion [Thread-7] Thumbnail already exists: DSCF1080.JPG.jpg.jpg.jpg
2021-08-11 16:38:16,971 INFO util.FileUtils$Companion [Thread-7] YAML metadata already exists: DSCF1074.JPG.jpg.jpg.yaml
2021-08-11 16:38:16,975 INFO util.FileUtils$Companion [Thread-7] Thumbnail already exists: DSCF1074.JPG.jpg.jpg.jpg
2021-08-11 16:38:16,994 INFO util.FileUtils$Companion [Thread-7] YAML metadata already exists: DSCF1075.JPG.jpg.jpg.yaml
2021-08-11 16:38:17,000 INFO util.FileUtils$Companion [Thread-7] Thumbnail already exists: DSCF1075.JPG.jpg.jpg.jpg
2021-08-11 16:38:17,016 INFO util.FileUtils$Companion [Thread-7] YAML metadata already exists: DSCF1076.JPG.jpg.jpg.yaml
2021-08-11 16:38:17,019 INFO util.FileUtils$Companion [Thread-7] Thumbnail already exists: DSCF1076.JPG.jpg.jpg.jpg
2021-08-11 16:38:17,038 INFO util.FileUtils$Companion [Thread-7] YAML metadata already exists: DSCF1077.JPG.jpg.jpg.yaml
2021-08-11 16:38:17,042 INFO util.FileUtils$Companion [Thread-7] Thumbnail already exists: DSCF1077.JPG.jpg.jpg.jpg
2021-08-11 16:38:17,059 INFO util.FileUtils$Companion [Thread-7] YAML metadata already exists: DSCF1078.JPG.jpg.jpg.yaml
2021-08-11 16:38:17,063 INFO util.FileUtils$Companion [Thread-7] Thumbnail already exists: DSCF1078.JPG.jpg.jpg.jpg
2021-08-11 16:38:17,081 INFO util.FileUtils$Companion [Thread-7] YAML metadata already exists: DSCF1079.JPG.jpg.jpg.yaml
2021-08-11 16:38:17,084 INFO util.FileUtils$Companion [Thread-7] Thumbnail already exists: DSCF1079.JPG.jpg.jpg.jpg
2021-08-11 16:38:17,105 INFO util.FileUtils$Companion [Thread-7] YAML metadata created: DSCF1061.JPG.jpg.jpg.jpg.yaml
2021-08-11 16:38:17,112 INFO util.FileUtils$Companion [Thread-7] Thumbnail created: DSCF1061.JPG.jpg.jpg.jpg.jpg
2021-08-11 16:38:17,129 INFO util.FileUtils$Companion [Thread-7] YAML metadata created: DSCF1062.JPG.jpg.jpg.jpg.yaml
2021-08-11 16:38:17,133 INFO util.FileUtils$Companion [Thread-7] Thumbnail created: DSCF1062.JPG.jpg.jpg.jpg.jpg
2021-08-11 16:38:17,154 INFO util.FileUtils$Companion [Thread-7] YAML metadata created: DSCF1063.JPG.jpg.jpg.jpg.yaml
2021-08-11 16:38:17,158 INFO util.FileUtils$Companion [Thread-7] Thumbnail created: DSCF1063.JPG.jpg.jpg.jpg.jpg
2021-08-11 16:38:17,173 INFO util.FileUtils$Companion [Thread-7] YAML metadata created: DSCF1080.JPG.jpg.jpg.jpg.yaml
2021-08-11 16:38:17,177 INFO util.FileUtils$Companion [Thread-7] Thumbnail created: DSCF1080.JPG.jpg.jpg.jpg.jpg
2021-08-11 16:38:17,191 INFO util.FileUtils$Companion [Thread-7] YAML metadata created: DSCF1074.JPG.jpg.jpg.jpg.yaml
2021-08-11 16:38:17,195 INFO util.FileUtils$Companion [Thread-7] Thumbnail created: DSCF1074.JPG.jpg.jpg.jpg.jpg
2021-08-11 16:38:17,212 INFO util.FileUtils$Companion [Thread-7] YAML metadata created: DSCF1075.JPG.jpg.jpg.jpg.yaml
2021-08-11 16:38:17,216 INFO util.FileUtils$Companion [Thread-7] Thumbnail created: DSCF1075.JPG.jpg.jpg.jpg.jpg
2021-08-11 16:38:17,231 INFO util.FileUtils$Companion [Thread-7] YAML metadata created: DSCF1076.JPG.jpg.jpg.jpg.yaml
2021-08-11 16:38:17,235 INFO util.FileUtils$Companion [Thread-7] Thumbnail created: DSCF1076.JPG.jpg.jpg.jpg.jpg
2021-08-11 16:38:17,251 INFO util.FileUtils$Companion [Thread-7] YAML metadata created: DSCF1077.JPG.jpg.jpg.jpg.yaml
2021-08-11 16:38:17,255 INFO util.FileUtils$Companion [Thread-7] Thumbnail created: DSCF1077.JPG.jpg.jpg.jpg.jpg
2021-08-11 16:38:17,272 INFO util.FileUtils$Companion [Thread-7] YAML metadata created: DSCF1078.JPG.jpg.jpg.jpg.yaml
2021-08-11 16:38:17,277 INFO util.FileUtils$Companion [Thread-7] Thumbnail created: DSCF1078.JPG.jpg.jpg.jpg.jpg
2021-08-11 16:38:17,297 INFO util.FileUtils$Companion [Thread-7] YAML metadata created: DSCF1079.JPG.jpg.jpg.jpg.yaml
2021-08-11 16:38:17,300 INFO util.FileUtils$Companion [Thread-7] Thumbnail created: DSCF1079.JPG.jpg.jpg.jpg.jpg
2021-08-11 16:40:18,355 INFO org.springframework.boot.StartupInfoLogger [restartedMain] Starting ShashinApplicationKt using Java 16.0.2 on LAPTOP-KQMN93J1 with PID 7124 (C:\Users\micha\IdeaProjects\shashin\target\classes started by micha in C:\Users\micha\IdeaProjects\shashin)
2021-08-11 16:40:18,359 INFO org.springframework.boot.SpringApplication [restartedMain] No active profile set, falling back to default profiles: default
2021-08-11 16:40:18,424 INFO org.springframework.boot.logging.DeferredLog [restartedMain] Devtools property defaults active! Set 'spring.devtools.add-properties' to 'false' to disable
2021-08-11 16:40:18,425 INFO org.springframework.boot.logging.DeferredLog [restartedMain] For additional web related logging consider setting the 'logging.level.web' property to 'DEBUG'
2021-08-11 16:40:19,839 INFO org.springframework.boot.web.embedded.tomcat.TomcatWebServer [restartedMain] Tomcat initialized with port(s): 8080 (http)
2021-08-11 16:40:19,856 INFO org.apache.juli.logging.DirectJDKLog [restartedMain] Initializing ProtocolHandler ["http-nio-8080"]
2021-08-11 16:40:19,857 INFO org.apache.juli.logging.DirectJDKLog [restartedMain] Starting service [Tomcat]
2021-08-11 16:40:19,858 INFO org.apache.juli.logging.DirectJDKLog [restartedMain] Starting Servlet engine: [Apache Tomcat/9.0.50]
2021-08-11 16:40:19,945 INFO org.apache.juli.logging.DirectJDKLog [restartedMain] Initializing Spring embedded WebApplicationContext
2021-08-11 16:40:19,945 INFO org.springframework.boot.web.servlet.context.ServletWebServerApplicationContext [restartedMain] Root WebApplicationContext: initialization completed in 1519 ms
2021-08-11 16:40:20,226 INFO org.springframework.boot.autoconfigure.web.servlet.WelcomePageHandlerMapping [restartedMain] Adding welcome page: class path resource [static/index.html]
2021-08-11 16:40:20,387 INFO org.springframework.boot.devtools.autoconfigure.OptionalLiveReloadServer [restartedMain] LiveReload server is running on port 35729
2021-08-11 16:40:20,408 INFO org.apache.juli.logging.DirectJDKLog [restartedMain] Starting ProtocolHandler ["http-nio-8080"]
2021-08-11 16:40:20,457 INFO org.springframework.boot.web.embedded.tomcat.TomcatWebServer [restartedMain] Tomcat started on port(s): 8080 (http) with context path ''
2021-08-11 16:40:20,471 INFO org.springframework.boot.StartupInfoLogger [restartedMain] Started ShashinApplicationKt in 2.696 seconds (JVM running for 3.55)
2021-08-11 16:40:35,708 INFO org.apache.juli.logging.DirectJDKLog [http-nio-8080-exec-1] Initializing Spring DispatcherServlet 'dispatcherServlet'
2021-08-11 16:40:35,709 INFO org.springframework.web.servlet.FrameworkServlet [http-nio-8080-exec-1] Initializing Servlet 'dispatcherServlet'
2021-08-11 16:40:35,710 INFO org.springframework.web.servlet.FrameworkServlet [http-nio-8080-exec-1] Completed initialization in 1 ms
2021-08-11 16:40:35,825 INFO util.FileUtils$Companion [Thread-7] Thread created: Thread-7.shashinscan
2021-08-11 16:40:35,884 INFO util.FileUtils$Companion [Thread-7] YAML metadata already exists: DSCF1061.JPG.yaml
2021-08-11 16:40:36,460 INFO util.FileUtils$Companion [Thread-7] Thumbnail already exists: DSCF1061.JPG.jpg
2021-08-11 16:40:36,490 INFO util.FileUtils$Companion [Thread-7] YAML metadata already exists: DSCF1062.JPG.yaml
2021-08-11 16:40:36,916 INFO util.FileUtils$Companion [Thread-7] Thumbnail already exists: DSCF1062.JPG.jpg
2021-08-11 16:40:36,931 INFO util.FileUtils$Companion [Thread-7] YAML metadata already exists: DSCF1063.JPG.yaml
2021-08-11 16:40:37,386 INFO util.FileUtils$Companion [Thread-7] Thumbnail already exists: DSCF1063.JPG.jpg
2021-08-11 16:40:37,400 INFO util.FileUtils$Companion [Thread-7] YAML metadata already exists: DSCF1080.JPG.yaml
2021-08-11 16:40:37,882 INFO util.FileUtils$Companion [Thread-7] Thumbnail already exists: DSCF1080.JPG.jpg
2021-08-11 16:40:37,903 INFO util.FileUtils$Companion [Thread-7] YAML metadata already exists: DSCF1074.JPG.yaml
2021-08-11 16:40:38,457 INFO util.FileUtils$Companion [Thread-7] Thumbnail already exists: DSCF1074.JPG.jpg
2021-08-11 16:40:38,469 INFO util.FileUtils$Companion [Thread-7] YAML metadata already exists: DSCF1075.JPG.yaml
2021-08-11 16:40:38,913 INFO util.FileUtils$Companion [Thread-7] Thumbnail already exists: DSCF1075.JPG.jpg
2021-08-11 16:40:38,928 INFO util.FileUtils$Companion [Thread-7] YAML metadata already exists: DSCF1076.JPG.yaml
2021-08-11 16:40:39,318 INFO util.FileUtils$Companion [Thread-7] Thumbnail already exists: DSCF1076.JPG.jpg
2021-08-11 16:40:39,331 INFO util.FileUtils$Companion [Thread-7] YAML metadata already exists: DSCF1077.JPG.yaml
2021-08-11 16:40:39,690 INFO util.FileUtils$Companion [Thread-7] Thumbnail already exists: DSCF1077.JPG.jpg
2021-08-11 16:40:39,701 INFO util.FileUtils$Companion [Thread-7] YAML metadata already exists: DSCF1078.JPG.yaml
2021-08-11 16:40:40,055 INFO util.FileUtils$Companion [Thread-7] Thumbnail already exists: DSCF1078.JPG.jpg
2021-08-11 16:40:40,065 INFO util.FileUtils$Companion [Thread-7] YAML metadata already exists: DSCF1079.JPG.yaml
2021-08-11 16:40:40,406 INFO util.FileUtils$Companion [Thread-7] Thumbnail already exists: DSCF1079.JPG.jpg
2021-08-11 16:40:40,431 INFO util.FileUtils$Companion [Thread-7] YAML metadata already exists: DSCF1061.JPG.jpg.yaml
2021-08-11 16:40:40,435 INFO util.FileUtils$Companion [Thread-7] Thumbnail already exists: DSCF1061.JPG.jpg.jpg
2021-08-11 16:40:40,453 INFO util.FileUtils$Companion [Thread-7] YAML metadata already exists: DSCF1062.JPG.jpg.yaml
2021-08-11 16:40:40,457 INFO util.FileUtils$Companion [Thread-7] Thumbnail already exists: DSCF1062.JPG.jpg.jpg
2021-08-11 16:40:40,475 INFO util.FileUtils$Companion [Thread-7] YAML metadata already exists: DSCF1063.JPG.jpg.yaml
2021-08-11 16:40:40,479 INFO util.FileUtils$Companion [Thread-7] Thumbnail already exists: DSCF1063.JPG.jpg.jpg
2021-08-11 16:40:40,495 INFO util.FileUtils$Companion [Thread-7] YAML metadata already exists: DSCF1080.JPG.jpg.yaml
2021-08-11 16:40:40,499 INFO util.FileUtils$Companion [Thread-7] Thumbnail already exists: DSCF1080.JPG.jpg.jpg
2021-08-11 16:40:40,518 INFO util.FileUtils$Companion [Thread-7] YAML metadata already exists: DSCF1074.JPG.jpg.yaml
2021-08-11 16:40:40,523 INFO util.FileUtils$Companion [Thread-7] Thumbnail already exists: DSCF1074.JPG.jpg.jpg
2021-08-11 16:40:40,541 INFO util.FileUtils$Companion [Thread-7] YAML metadata already exists: DSCF1075.JPG.jpg.yaml
2021-08-11 16:40:40,547 INFO util.FileUtils$Companion [Thread-7] Thumbnail already exists: DSCF1075.JPG.jpg.jpg
2021-08-11 16:40:40,563 INFO util.FileUtils$Companion [Thread-7] YAML metadata already exists: DSCF1076.JPG.jpg.yaml
2021-08-11 16:40:40,567 INFO util.FileUtils$Companion [Thread-7] Thumbnail already exists: DSCF1076.JPG.jpg.jpg
2021-08-11 16:40:40,584 INFO util.FileUtils$Companion [Thread-7] YAML metadata already exists: DSCF1077.JPG.jpg.yaml
2021-08-11 16:40:40,588 INFO util.FileUtils$Companion [Thread-7] Thumbnail already exists: DSCF1077.JPG.jpg.jpg
2021-08-11 16:40:40,606 INFO util.FileUtils$Companion [Thread-7] YAML metadata already exists: DSCF1078.JPG.jpg.yaml
2021-08-11 16:40:40,612 INFO util.FileUtils$Companion [Thread-7] Thumbnail already exists: DSCF1078.JPG.jpg.jpg
2021-08-11 16:40:40,631 INFO util.FileUtils$Companion [Thread-7] YAML metadata already exists: DSCF1079.JPG.jpg.yaml
2021-08-11 16:40:40,636 INFO util.FileUtils$Companion [Thread-7] Thumbnail already exists: DSCF1079.JPG.jpg.jpg
2021-08-11 16:40:40,654 INFO util.FileUtils$Companion [Thread-7] YAML metadata already exists: DSCF1061.JPG.jpg.jpg.yaml
2021-08-11 16:40:40,658 INFO util.FileUtils$Companion [Thread-7] Thumbnail already exists: DSCF1061.JPG.jpg.jpg.jpg
2021-08-11 16:40:40,675 INFO util.FileUtils$Companion [Thread-7] YAML metadata already exists: DSCF1062.JPG.jpg.jpg.yaml
2021-08-11 16:40:40,678 INFO util.FileUtils$Companion [Thread-7] Thumbnail already exists: DSCF1062.JPG.jpg.jpg.jpg
2021-08-11 16:40:40,695 INFO util.FileUtils$Companion [Thread-7] YAML metadata already exists: DSCF1063.JPG.jpg.jpg.yaml
2021-08-11 16:40:40,699 INFO util.FileUtils$Companion [Thread-7] Thumbnail already exists: DSCF1063.JPG.jpg.jpg.jpg
2021-08-11 16:40:40,718 INFO util.FileUtils$Companion [Thread-7] YAML metadata already exists: DSCF1080.JPG.jpg.jpg.yaml
2021-08-11 16:40:40,722 INFO util.FileUtils$Companion [Thread-7] Thumbnail already exists: DSCF1080.JPG.jpg.jpg.jpg
2021-08-11 16:40:40,740 INFO util.FileUtils$Companion [Thread-7] YAML metadata already exists: DSCF1074.JPG.jpg.jpg.yaml
2021-08-11 16:40:40,744 INFO util.FileUtils$Companion [Thread-7] Thumbnail already exists: DSCF1074.JPG.jpg.jpg.jpg
2021-08-11 16:40:40,761 INFO util.FileUtils$Companion [Thread-7] YAML metadata already exists: DSCF1075.JPG.jpg.jpg.yaml
2021-08-11 16:40:40,768 INFO util.FileUtils$Companion [Thread-7] Thumbnail already exists: DSCF1075.JPG.jpg.jpg.jpg
2021-08-11 16:40:40,785 INFO util.FileUtils$Companion [Thread-7] YAML metadata already exists: DSCF1076.JPG.jpg.jpg.yaml
2021-08-11 16:40:40,788 INFO util.FileUtils$Companion [Thread-7] Thumbnail already exists: DSCF1076.JPG.jpg.jpg.jpg
2021-08-11 16:40:40,805 INFO util.FileUtils$Companion [Thread-7] YAML metadata already exists: DSCF1077.JPG.jpg.jpg.yaml
2021-08-11 16:40:40,808 INFO util.FileUtils$Companion [Thread-7] Thumbnail already exists: DSCF1077.JPG.jpg.jpg.jpg
2021-08-11 16:40:40,823 INFO util.FileUtils$Companion [Thread-7] YAML metadata already exists: DSCF1078.JPG.jpg.jpg.yaml
2021-08-11 16:40:40,826 INFO util.FileUtils$Companion [Thread-7] Thumbnail already exists: DSCF1078.JPG.jpg.jpg.jpg
2021-08-11 16:40:40,841 INFO util.FileUtils$Companion [Thread-7] YAML metadata already exists: DSCF1079.JPG.jpg.jpg.yaml
2021-08-11 16:40:40,844 INFO util.FileUtils$Companion [Thread-7] Thumbnail already exists: DSCF1079.JPG.jpg.jpg.jpg
2021-08-11 16:40:40,862 INFO util.FileUtils$Companion [Thread-7] YAML metadata already exists: DSCF1061.JPG.jpg.jpg.jpg.yaml
2021-08-11 16:40:40,866 INFO util.FileUtils$Companion [Thread-7] Thumbnail already exists: DSCF1061.JPG.jpg.jpg.jpg.jpg
2021-08-11 16:40:40,884 INFO util.FileUtils$Companion [Thread-7] YAML metadata already exists: DSCF1062.JPG.jpg.jpg.jpg.yaml
2021-08-11 16:40:40,887 INFO util.FileUtils$Companion [Thread-7] Thumbnail already exists: DSCF1062.JPG.jpg.jpg.jpg.jpg
2021-08-11 16:40:40,904 INFO util.FileUtils$Companion [Thread-7] YAML metadata already exists: DSCF1063.JPG.jpg.jpg.jpg.yaml
2021-08-11 16:40:40,908 INFO util.FileUtils$Companion [Thread-7] Thumbnail already exists: DSCF1063.JPG.jpg.jpg.jpg.jpg
2021-08-11 16:40:40,923 INFO util.FileUtils$Companion [Thread-7] YAML metadata already exists: DSCF1080.JPG.jpg.jpg.jpg.yaml
2021-08-11 16:40:40,928 INFO util.FileUtils$Companion [Thread-7] Thumbnail already exists: DSCF1080.JPG.jpg.jpg.jpg.jpg
2021-08-11 16:40:40,945 INFO util.FileUtils$Companion [Thread-7] YAML metadata already exists: DSCF1074.JPG.jpg.jpg.jpg.yaml
2021-08-11 16:40:40,948 INFO util.FileUtils$Companion [Thread-7] Thumbnail already exists: DSCF1074.JPG.jpg.jpg.jpg.jpg
2021-08-11 16:40:40,965 INFO util.FileUtils$Companion [Thread-7] YAML metadata already exists: DSCF1075.JPG.jpg.jpg.jpg.yaml
2021-08-11 16:40:40,968 INFO util.FileUtils$Companion [Thread-7] Thumbnail already exists: DSCF1075.JPG.jpg.jpg.jpg.jpg
2021-08-11 16:40:40,986 INFO util.FileUtils$Companion [Thread-7] YAML metadata already exists: DSCF1076.JPG.jpg.jpg.jpg.yaml
2021-08-11 16:40:40,989 INFO util.FileUtils$Companion [Thread-7] Thumbnail already exists: DSCF1076.JPG.jpg.jpg.jpg.jpg
2021-08-11 16:40:41,004 INFO util.FileUtils$Companion [Thread-7] YAML metadata already exists: DSCF1077.JPG.jpg.jpg.jpg.yaml
2021-08-11 16:40:41,008 INFO util.FileUtils$Companion [Thread-7] Thumbnail already exists: DSCF1077.JPG.jpg.jpg.jpg.jpg
2021-08-11 16:40:41,025 INFO util.FileUtils$Companion [Thread-7] YAML metadata already exists: DSCF1078.JPG.jpg.jpg.jpg.yaml
2021-08-11 16:40:41,030 INFO util.FileUtils$Companion [Thread-7] Thumbnail already exists: DSCF1078.JPG.jpg.jpg.jpg.jpg
2021-08-11 16:40:41,045 INFO util.FileUtils$Companion [Thread-7] YAML metadata already exists: DSCF1079.JPG.jpg.jpg.jpg.yaml
2021-08-11 16:40:41,048 INFO util.FileUtils$Companion [Thread-7] Thumbnail already exists: DSCF1079.JPG.jpg.jpg.jpg.jpg
2021-08-11 16:40:41,069 INFO util.FileUtils$Companion [Thread-7] YAML metadata created: DSCF1061.JPG.jpg.jpg.jpg.jpg.yaml
2021-08-11 16:40:41,076 INFO util.FileUtils$Companion [Thread-7] Thumbnail created: DSCF1061.JPG.jpg.jpg.jpg.jpg.jpg
2021-08-11 16:40:41,091 INFO util.FileUtils$Companion [Thread-7] YAML metadata created: DSCF1062.JPG.jpg.jpg.jpg.jpg.yaml
2021-08-11 16:40:41,095 INFO util.FileUtils$Companion [Thread-7] Thumbnail created: DSCF1062.JPG.jpg.jpg.jpg.jpg.jpg
2021-08-11 16:40:41,112 INFO util.FileUtils$Companion [Thread-7] YAML metadata created: DSCF1063.JPG.jpg.jpg.jpg.jpg.yaml
2021-08-11 16:40:41,116 INFO util.FileUtils$Companion [Thread-7] Thumbnail created: DSCF1063.JPG.jpg.jpg.jpg.jpg.jpg
2021-08-11 16:40:41,132 INFO util.FileUtils$Companion [Thread-7] YAML metadata created: DSCF1080.JPG.jpg.jpg.jpg.jpg.yaml
2021-08-11 16:40:41,136 INFO util.FileUtils$Companion [Thread-7] Thumbnail created: DSCF1080.JPG.jpg.jpg.jpg.jpg.jpg
2021-08-11 16:40:41,154 INFO util.FileUtils$Companion [Thread-7] YAML metadata created: DSCF1074.JPG.jpg.jpg.jpg.jpg.yaml
2021-08-11 16:40:41,158 INFO util.FileUtils$Companion [Thread-7] Thumbnail created: DSCF1074.JPG.jpg.jpg.jpg.jpg.jpg
2021-08-11 16:40:41,173 INFO util.FileUtils$Companion [Thread-7] YAML metadata created: DSCF1075.JPG.jpg.jpg.jpg.jpg.yaml
2021-08-11 16:40:41,178 INFO util.FileUtils$Companion [Thread-7] Thumbnail created: DSCF1075.JPG.jpg.jpg.jpg.jpg.jpg
2021-08-11 16:40:41,198 INFO util.FileUtils$Companion [Thread-7] YAML metadata created: DSCF1076.JPG.jpg.jpg.jpg.jpg.yaml
2021-08-11 16:40:41,201 INFO util.FileUtils$Companion [Thread-7] Thumbnail created: DSCF1076.JPG.jpg.jpg.jpg.jpg.jpg
2021-08-11 16:40:41,218 INFO util.FileUtils$Companion [Thread-7] YAML metadata created: DSCF1077.JPG.jpg.jpg.jpg.jpg.yaml
2021-08-11 16:40:41,222 INFO util.FileUtils$Companion [Thread-7] Thumbnail created: DSCF1077.JPG.jpg.jpg.jpg.jpg.jpg
2021-08-11 16:40:41,238 INFO util.FileUtils$Companion [Thread-7] YAML metadata created: DSCF1078.JPG.jpg.jpg.jpg.jpg.yaml
2021-08-11 16:40:41,242 INFO util.FileUtils$Companion [Thread-7] Thumbnail created: DSCF1078.JPG.jpg.jpg.jpg.jpg.jpg
2021-08-11 16:40:41,258 INFO util.FileUtils$Companion [Thread-7] YAML metadata created: DSCF1079.JPG.jpg.jpg.jpg.jpg.yaml
2021-08-11 16:40:41,262 INFO util.FileUtils$Companion [Thread-7] Thumbnail created: DSCF1079.JPG.jpg.jpg.jpg.jpg.jpg
2021-08-11 16:45:59,758 INFO org.springframework.boot.StartupInfoLogger [restartedMain] Starting ShashinApplicationKt using Java 16.0.2 on LAPTOP-KQMN93J1 with PID 3460 (C:\Users\micha\IdeaProjects\shashin\target\classes started by micha in C:\Users\micha\IdeaProjects\shashin)
2021-08-11 16:45:59,762 INFO org.springframework.boot.SpringApplication [restartedMain] No active profile set, falling back to default profiles: default
2021-08-11 16:45:59,835 INFO org.springframework.boot.logging.DeferredLog [restartedMain] Devtools property defaults active! Set 'spring.devtools.add-properties' to 'false' to disable
2021-08-11 16:45:59,836 INFO org.springframework.boot.logging.DeferredLog [restartedMain] For additional web related logging consider setting the 'logging.level.web' property to 'DEBUG'
2021-08-11 16:46:01,362 INFO org.springframework.boot.web.embedded.tomcat.TomcatWebServer [restartedMain] Tomcat initialized with port(s): 8080 (http)
2021-08-11 16:46:01,376 INFO org.apache.juli.logging.DirectJDKLog [restartedMain] Initializing ProtocolHandler ["http-nio-8080"]
2021-08-11 16:46:01,377 INFO org.apache.juli.logging.DirectJDKLog [restartedMain] Starting service [Tomcat]
2021-08-11 16:46:01,377 INFO org.apache.juli.logging.DirectJDKLog [restartedMain] Starting Servlet engine: [Apache Tomcat/9.0.50]
2021-08-11 16:46:01,478 INFO org.apache.juli.logging.DirectJDKLog [restartedMain] Initializing Spring embedded WebApplicationContext
2021-08-11 16:46:01,478 INFO org.springframework.boot.web.servlet.context.ServletWebServerApplicationContext [restartedMain] Root WebApplicationContext: initialization completed in 1641 ms
2021-08-11 16:46:01,827 INFO org.springframework.boot.autoconfigure.web.servlet.WelcomePageHandlerMapping [restartedMain] Adding welcome page: class path resource [static/index.html]
2021-08-11 16:46:02,011 INFO org.springframework.boot.devtools.autoconfigure.OptionalLiveReloadServer [restartedMain] LiveReload server is running on port 35729
2021-08-11 16:46:02,032 INFO org.apache.juli.logging.DirectJDKLog [restartedMain] Starting ProtocolHandler ["http-nio-8080"]
2021-08-11 16:46:02,086 INFO org.springframework.boot.web.embedded.tomcat.TomcatWebServer [restartedMain] Tomcat started on port(s): 8080 (http) with context path ''
2021-08-11 16:46:02,103 INFO org.springframework.boot.StartupInfoLogger [restartedMain] Started ShashinApplicationKt in 2.974 seconds (JVM running for 3.865)
2021-08-11 16:46:03,227 INFO org.apache.juli.logging.DirectJDKLog [http-nio-8080-exec-1] Initializing Spring DispatcherServlet 'dispatcherServlet'
2021-08-11 16:46:03,228 INFO org.springframework.web.servlet.FrameworkServlet [http-nio-8080-exec-1] Initializing Servlet 'dispatcherServlet'
2021-08-11 16:46:03,229 INFO org.springframework.web.servlet.FrameworkServlet [http-nio-8080-exec-1] Completed initialization in 1 ms
2021-08-11 16:46:03,351 INFO util.FileUtils$Companion [Thread-7] Thread created: Thread-7.shashinscan
2021-08-11 16:46:03,408 INFO util.FileUtils$Companion [Thread-7] YAML metadata already exists: DSCF1061.JPG.yaml
2021-08-11 16:46:03,987 INFO util.FileUtils$Companion [Thread-7] Thumbnail already exists: DSCF1061.JPG.jpg
2021-08-11 16:46:04,014 INFO util.FileUtils$Companion [Thread-7] YAML metadata already exists: DSCF1062.JPG.yaml
2021-08-11 16:46:04,481 INFO util.FileUtils$Companion [Thread-7] Thumbnail already exists: DSCF1062.JPG.jpg
2021-08-11 16:46:04,496 INFO util.FileUtils$Companion [Thread-7] YAML metadata already exists: DSCF1063.JPG.yaml
2021-08-11 16:46:04,886 INFO util.FileUtils$Companion [Thread-7] Thumbnail already exists: DSCF1063.JPG.jpg
2021-08-11 16:46:04,899 INFO util.FileUtils$Companion [Thread-7] YAML metadata already exists: DSCF1080.JPG.yaml
2021-08-11 16:46:05,315 INFO util.FileUtils$Companion [Thread-7] Thumbnail already exists: DSCF1080.JPG.jpg
2021-08-11 16:46:05,340 INFO util.FileUtils$Companion [Thread-7] YAML metadata already exists: DSCF1074.JPG.yaml
2021-08-11 16:46:06,081 INFO util.FileUtils$Companion [Thread-7] Thumbnail already exists: DSCF1074.JPG.jpg
2021-08-11 16:46:06,114 INFO util.FileUtils$Companion [Thread-7] YAML metadata already exists: DSCF1075.JPG.yaml
2021-08-11 16:46:06,936 INFO util.FileUtils$Companion [Thread-7] Thumbnail already exists: DSCF1075.JPG.jpg
2021-08-11 16:46:06,951 INFO util.FileUtils$Companion [Thread-7] YAML metadata already exists: DSCF1076.JPG.yaml
2021-08-11 16:46:07,355 INFO util.FileUtils$Companion [Thread-7] Thumbnail already exists: DSCF1076.JPG.jpg
2021-08-11 16:46:07,367 INFO util.FileUtils$Companion [Thread-7] YAML metadata already exists: DSCF1077.JPG.yaml
2021-08-11 16:46:07,725 INFO util.FileUtils$Companion [Thread-7] Thumbnail already exists: DSCF1077.JPG.jpg
2021-08-11 16:46:07,738 INFO util.FileUtils$Companion [Thread-7] YAML metadata already exists: DSCF1078.JPG.yaml
2021-08-11 16:46:08,082 INFO util.FileUtils$Companion [Thread-7] Thumbnail already exists: DSCF1078.JPG.jpg
2021-08-11 16:46:08,094 INFO util.FileUtils$Companion [Thread-7] YAML metadata already exists: DSCF1079.JPG.yaml
2021-08-11 16:46:08,458 INFO util.FileUtils$Companion [Thread-7] Thumbnail already exists: DSCF1079.JPG.jpg
2021-08-11 16:46:08,492 INFO util.FileUtils$Companion [Thread-7] YAML metadata already exists: DSCF1061.JPG.jpg.yaml
2021-08-11 16:46:08,497 INFO util.FileUtils$Companion [Thread-7] Thumbnail already exists: DSCF1061.JPG.jpg.jpg
2021-08-11 16:46:08,514 INFO util.FileUtils$Companion [Thread-7] YAML metadata already exists: DSCF1062.JPG.jpg.yaml
2021-08-11 16:46:08,519 INFO util.FileUtils$Companion [Thread-7] Thumbnail already exists: DSCF1062.JPG.jpg.jpg
2021-08-11 16:46:08,534 INFO util.FileUtils$Companion [Thread-7] YAML metadata already exists: DSCF1063.JPG.jpg.yaml
2021-08-11 16:46:08,538 INFO util.FileUtils$Companion [Thread-7] Thumbnail already exists: DSCF1063.JPG.jpg.jpg
2021-08-11 16:46:08,555 INFO util.FileUtils$Companion [Thread-7] YAML metadata already exists: DSCF1080.JPG.jpg.yaml
2021-08-11 16:46:08,559 INFO util.FileUtils$Companion [Thread-7] Thumbnail already exists: DSCF1080.JPG.jpg.jpg
2021-08-11 16:46:08,574 INFO util.FileUtils$Companion [Thread-7] YAML metadata already exists: DSCF1074.JPG.jpg.yaml
2021-08-11 16:46:08,578 INFO util.FileUtils$Companion [Thread-7] Thumbnail already exists: DSCF1074.JPG.jpg.jpg
2021-08-11 16:46:08,594 INFO util.FileUtils$Companion [Thread-7] YAML metadata already exists: DSCF1075.JPG.jpg.yaml
2021-08-11 16:46:08,598 INFO util.FileUtils$Companion [Thread-7] Thumbnail already exists: DSCF1075.JPG.jpg.jpg
2021-08-11 16:46:08,616 INFO util.FileUtils$Companion [Thread-7] YAML metadata already exists: DSCF1076.JPG.jpg.yaml
2021-08-11 16:46:08,619 INFO util.FileUtils$Companion [Thread-7] Thumbnail already exists: DSCF1076.JPG.jpg.jpg
2021-08-11 16:46:08,636 INFO util.FileUtils$Companion [Thread-7] YAML metadata already exists: DSCF1077.JPG.jpg.yaml
2021-08-11 16:46:08,639 INFO util.FileUtils$Companion [Thread-7] Thumbnail already exists: DSCF1077.JPG.jpg.jpg
2021-08-11 16:46:08,655 INFO util.FileUtils$Companion [Thread-7] YAML metadata already exists: DSCF1078.JPG.jpg.yaml
2021-08-11 16:46:08,658 INFO util.FileUtils$Companion [Thread-7] Thumbnail already exists: DSCF1078.JPG.jpg.jpg
2021-08-11 16:46:08,675 INFO util.FileUtils$Companion [Thread-7] YAML metadata already exists: DSCF1079.JPG.jpg.yaml
2021-08-11 16:46:08,678 INFO util.FileUtils$Companion [Thread-7] Thumbnail already exists: DSCF1079.JPG.jpg.jpg
2021-08-11 16:46:08,694 INFO util.FileUtils$Companion [Thread-7] YAML metadata already exists: DSCF1061.JPG.jpg.jpg.yaml
2021-08-11 16:46:08,697 INFO util.FileUtils$Companion [Thread-7] Thumbnail already exists: DSCF1061.JPG.jpg.jpg.jpg
2021-08-11 16:46:08,711 INFO util.FileUtils$Companion [Thread-7] YAML metadata already exists: DSCF1062.JPG.jpg.jpg.yaml
2021-08-11 16:46:08,715 INFO util.FileUtils$Companion [Thread-7] Thumbnail already exists: DSCF1062.JPG.jpg.jpg.jpg
2021-08-11 16:46:08,732 INFO util.FileUtils$Companion [Thread-7] YAML metadata already exists: DSCF1063.JPG.jpg.jpg.yaml
2021-08-11 16:46:08,736 INFO util.FileUtils$Companion [Thread-7] Thumbnail already exists: DSCF1063.JPG.jpg.jpg.jpg
2021-08-11 16:46:08,753 INFO util.FileUtils$Companion [Thread-7] YAML metadata already exists: DSCF1080.JPG.jpg.jpg.yaml
2021-08-11 16:46:08,756 INFO util.FileUtils$Companion [Thread-7] Thumbnail already exists: DSCF1080.JPG.jpg.jpg.jpg
2021-08-11 16:46:08,773 INFO util.FileUtils$Companion [Thread-7] YAML metadata already exists: DSCF1074.JPG.jpg.jpg.yaml
2021-08-11 16:46:08,776 INFO util.FileUtils$Companion [Thread-7] Thumbnail already exists: DSCF1074.JPG.jpg.jpg.jpg
2021-08-11 16:46:08,794 INFO util.FileUtils$Companion [Thread-7] YAML metadata already exists: DSCF1075.JPG.jpg.jpg.yaml
2021-08-11 16:46:08,799 INFO util.FileUtils$Companion [Thread-7] Thumbnail already exists: DSCF1075.JPG.jpg.jpg.jpg
2021-08-11 16:46:08,816 INFO util.FileUtils$Companion [Thread-7] YAML metadata already exists: DSCF1076.JPG.jpg.jpg.yaml
2021-08-11 16:46:08,820 INFO util.FileUtils$Companion [Thread-7] Thumbnail already exists: DSCF1076.JPG.jpg.jpg.jpg
2021-08-11 16:46:08,835 INFO util.FileUtils$Companion [Thread-7] YAML metadata already exists: DSCF1077.JPG.jpg.jpg.yaml
2021-08-11 16:46:08,838 INFO util.FileUtils$Companion [Thread-7] Thumbnail already exists: DSCF1077.JPG.jpg.jpg.jpg
2021-08-11 16:46:08,853 INFO util.FileUtils$Companion [Thread-7] YAML metadata already exists: DSCF1078.JPG.jpg.jpg.yaml
2021-08-11 16:46:08,855 INFO util.FileUtils$Companion [Thread-7] Thumbnail already exists: DSCF1078.JPG.jpg.jpg.jpg
2021-08-11 16:46:08,870 INFO util.FileUtils$Companion [Thread-7] YAML metadata already exists: DSCF1079.JPG.jpg.jpg.yaml
2021-08-11 16:46:08,873 INFO util.FileUtils$Companion [Thread-7] Thumbnail already exists: DSCF1079.JPG.jpg.jpg.jpg
2021-08-11 16:46:08,889 INFO util.FileUtils$Companion [Thread-7] YAML metadata already exists: DSCF1061.JPG.jpg.jpg.jpg.yaml
2021-08-11 16:46:08,894 INFO util.FileUtils$Companion [Thread-7] Thumbnail already exists: DSCF1061.JPG.jpg.jpg.jpg.jpg
2021-08-11 16:46:08,910 INFO util.FileUtils$Companion [Thread-7] YAML metadata already exists: DSCF1062.JPG.jpg.jpg.jpg.yaml
2021-08-11 16:46:08,914 INFO util.FileUtils$Companion [Thread-7] Thumbnail already exists: DSCF1062.JPG.jpg.jpg.jpg.jpg
2021-08-11 16:46:08,931 INFO util.FileUtils$Companion [Thread-7] YAML metadata already exists: DSCF1063.JPG.jpg.jpg.jpg.yaml
2021-08-11 16:46:08,934 INFO util.FileUtils$Companion [Thread-7] Thumbnail already exists: DSCF1063.JPG.jpg.jpg.jpg.jpg
2021-08-11 16:46:08,951 INFO util.FileUtils$Companion [Thread-7] YAML metadata already exists: DSCF1080.JPG.jpg.jpg.jpg.yaml
2021-08-11 16:46:08,955 INFO util.FileUtils$Companion [Thread-7] Thumbnail already exists: DSCF1080.JPG.jpg.jpg.jpg.jpg
2021-08-11 16:46:08,969 INFO util.FileUtils$Companion [Thread-7] YAML metadata already exists: DSCF1074.JPG.jpg.jpg.jpg.yaml
2021-08-11 16:46:08,973 INFO util.FileUtils$Companion [Thread-7] Thumbnail already exists: DSCF1074.JPG.jpg.jpg.jpg.jpg
2021-08-11 16:46:08,989 INFO util.FileUtils$Companion [Thread-7] YAML metadata already exists: DSCF1075.JPG.jpg.jpg.jpg.yaml
2021-08-11 16:46:08,993 INFO util.FileUtils$Companion [Thread-7] Thumbnail already exists: DSCF1075.JPG.jpg.jpg.jpg.jpg
2021-08-11 16:46:09,009 INFO util.FileUtils$Companion [Thread-7] YAML metadata already exists: DSCF1076.JPG.jpg.jpg.jpg.yaml
2021-08-11 16:46:09,013 INFO util.FileUtils$Companion [Thread-7] Thumbnail already exists: DSCF1076.JPG.jpg.jpg.jpg.jpg
2021-08-11 16:46:09,028 INFO util.FileUtils$Companion [Thread-7] YAML metadata already exists: DSCF1077.JPG.jpg.jpg.jpg.yaml
2021-08-11 16:46:09,032 INFO util.FileUtils$Companion [Thread-7] Thumbnail already exists: DSCF1077.JPG.jpg.jpg.jpg.jpg
2021-08-11 16:46:09,046 INFO util.FileUtils$Companion [Thread-7] YAML metadata already exists: DSCF1078.JPG.jpg.jpg.jpg.yaml
2021-08-11 16:46:09,050 INFO util.FileUtils$Companion [Thread-7] Thumbnail already exists: DSCF1078.JPG.jpg.jpg.jpg.jpg
2021-08-11 16:46:09,068 INFO util.FileUtils$Companion [Thread-7] YAML metadata already exists: DSCF1079.JPG.jpg.jpg.jpg.yaml
2021-08-11 16:46:09,073 INFO util.FileUtils$Companion [Thread-7] Thumbnail already exists: DSCF1079.JPG.jpg.jpg.jpg.jpg
2021-08-11 16:46:09,090 INFO util.FileUtils$Companion [Thread-7] YAML metadata already exists: DSCF1061.JPG.jpg.jpg.jpg.jpg.yaml
2021-08-11 16:46:09,094 INFO util.FileUtils$Companion [Thread-7] Thumbnail already exists: DSCF1061.JPG.jpg.jpg.jpg.jpg.jpg
2021-08-11 16:46:09,111 INFO util.FileUtils$Companion [Thread-7] YAML metadata already exists: DSCF1062.JPG.jpg.jpg.jpg.jpg.yaml
2021-08-11 16:46:09,115 INFO util.FileUtils$Companion [Thread-7] Thumbnail already exists: DSCF1062.JPG.jpg.jpg.jpg.jpg.jpg
2021-08-11 16:46:09,129 INFO util.FileUtils$Companion [Thread-7] YAML metadata already exists: DSCF1063.JPG.jpg.jpg.jpg.jpg.yaml
2021-08-11 16:46:09,134 INFO util.FileUtils$Companion [Thread-7] Thumbnail already exists: DSCF1063.JPG.jpg.jpg.jpg.jpg.jpg
2021-08-11 16:46:09,149 INFO util.FileUtils$Companion [Thread-7] YAML metadata already exists: DSCF1080.JPG.jpg.jpg.jpg.jpg.yaml
2021-08-11 16:46:09,154 INFO util.FileUtils$Companion [Thread-7] Thumbnail already exists: DSCF1080.JPG.jpg.jpg.jpg.jpg.jpg
2021-08-11 16:46:09,168 INFO util.FileUtils$Companion [Thread-7] YAML metadata already exists: DSCF1074.JPG.jpg.jpg.jpg.jpg.yaml
2021-08-11 16:46:09,172 INFO util.FileUtils$Companion [Thread-7] Thumbnail already exists: DSCF1074.JPG.jpg.jpg.jpg.jpg.jpg
2021-08-11 16:46:09,187 INFO util.FileUtils$Companion [Thread-7] YAML metadata already exists: DSCF1075.JPG.jpg.jpg.jpg.jpg.yaml
2021-08-11 16:46:09,190 INFO util.FileUtils$Companion [Thread-7] Thumbnail already exists: DSCF1075.JPG.jpg.jpg.jpg.jpg.jpg
2021-08-11 16:46:09,204 INFO util.FileUtils$Companion [Thread-7] YAML metadata already exists: DSCF1076.JPG.jpg.jpg.jpg.jpg.yaml
2021-08-11 16:46:09,207 INFO util.FileUtils$Companion [Thread-7] Thumbnail already exists: DSCF1076.JPG.jpg.jpg.jpg.jpg.jpg
2021-08-11 16:46:09,221 INFO util.FileUtils$Companion [Thread-7] YAML metadata already exists: DSCF1077.JPG.jpg.jpg.jpg.jpg.yaml
2021-08-11 16:46:09,225 INFO util.FileUtils$Companion [Thread-7] Thumbnail already exists: DSCF1077.JPG.jpg.jpg.jpg.jpg.jpg
2021-08-11 16:46:09,239 INFO util.FileUtils$Companion [Thread-7] YAML metadata already exists: DSCF1078.JPG.jpg.jpg.jpg.jpg.yaml
2021-08-11 16:46:09,242 INFO util.FileUtils$Companion [Thread-7] Thumbnail already exists: DSCF1078.JPG.jpg.jpg.jpg.jpg.jpg
2021-08-11 16:46:09,256 INFO util.FileUtils$Companion [Thread-7] YAML metadata already exists: DSCF1079.JPG.jpg.jpg.jpg.jpg.yaml
2021-08-11 16:46:09,259 INFO util.FileUtils$Companion [Thread-7] Thumbnail already exists: DSCF1079.JPG.jpg.jpg.jpg.jpg.jpg
2021-08-11 16:46:09,278 INFO util.FileUtils$Companion [Thread-7] YAML metadata created: DSCF1061.JPG.jpg.jpg.jpg.jpg.jpg.yaml
2021-08-11 16:46:09,284 INFO util.FileUtils$Companion [Thread-7] Thumbnail created: DSCF1061.JPG.jpg.jpg.jpg.jpg.jpg.jpg
2021-08-11 16:46:09,299 INFO util.FileUtils$Companion [Thread-7] YAML metadata created: DSCF1062.JPG.jpg.jpg.jpg.jpg.jpg.yaml
2021-08-11 16:46:09,303 INFO util.FileUtils$Companion [Thread-7] Thumbnail created: DSCF1062.JPG.jpg.jpg.jpg.jpg.jpg.jpg
2021-08-11 16:46:09,320 INFO util.FileUtils$Companion [Thread-7] YAML metadata created: DSCF1063.JPG.jpg.jpg.jpg.jpg.jpg.yaml
2021-08-11 16:46:09,323 INFO util.FileUtils$Companion [Thread-7] Thumbnail created: DSCF1063.JPG.jpg.jpg.jpg.jpg.jpg.jpg
2021-08-11 16:46:09,338 INFO util.FileUtils$Companion [Thread-7] YAML metadata created: DSCF1080.JPG.jpg.jpg.jpg.jpg.jpg.yaml
2021-08-11 16:46:09,341 INFO util.FileUtils$Companion [Thread-7] Thumbnail created: DSCF1080.JPG.jpg.jpg.jpg.jpg.jpg.jpg
2021-08-11 16:46:09,355 INFO util.FileUtils$Companion [Thread-7] YAML metadata created: DSCF1074.JPG.jpg.jpg.jpg.jpg.jpg.yaml
2021-08-11 16:46:09,359 INFO util.FileUtils$Companion [Thread-7] Thumbnail created: DSCF1074.JPG.jpg.jpg.jpg.jpg.jpg.jpg
2021-08-11 16:46:09,375 INFO util.FileUtils$Companion [Thread-7] YAML metadata created: DSCF1075.JPG.jpg.jpg.jpg.jpg.jpg.yaml
2021-08-11 16:46:09,379 INFO util.FileUtils$Companion [Thread-7] Thumbnail created: DSCF1075.JPG.jpg.jpg.jpg.jpg.jpg.jpg
2021-08-11 16:46:09,393 INFO util.FileUtils$Companion [Thread-7] YAML metadata created: DSCF1076.JPG.jpg.jpg.jpg.jpg.jpg.yaml
2021-08-11 16:46:09,396 INFO util.FileUtils$Companion [Thread-7] Thumbnail created: DSCF1076.JPG.jpg.jpg.jpg.jpg.jpg.jpg
2021-08-11 16:46:09,409 INFO util.FileUtils$Companion [Thread-7] YAML metadata created: DSCF1077.JPG.jpg.jpg.jpg.jpg.jpg.yaml
2021-08-11 16:46:09,414 INFO util.FileUtils$Companion [Thread-7] Thumbnail created: DSCF1077.JPG.jpg.jpg.jpg.jpg.jpg.jpg
2021-08-11 16:46:09,428 INFO util.FileUtils$Companion [Thread-7] YAML metadata created: DSCF1078.JPG.jpg.jpg.jpg.jpg.jpg.yaml
2021-08-11 16:46:09,432 INFO util.FileUtils$Companion [Thread-7] Thumbnail created: DSCF1078.JPG.jpg.jpg.jpg.jpg.jpg.jpg
2021-08-11 16:46:09,452 INFO util.FileUtils$Companion [Thread-7] YAML metadata created: DSCF1079.JPG.jpg.jpg.jpg.jpg.jpg.yaml
2021-08-11 16:46:09,455 INFO util.FileUtils$Companion [Thread-7] Thumbnail created: DSCF1079.JPG.jpg.jpg.jpg.jpg.jpg.jpg
2021-08-11 16:48:14,562 INFO org.springframework.boot.StartupInfoLogger [restartedMain] Starting ShashinApplicationKt using Java 16.0.2 on LAPTOP-KQMN93J1 with PID 2348 (C:\Users\micha\IdeaProjects\shashin\target\classes started by micha in C:\Users\micha\IdeaProjects\shashin)
2021-08-11 16:48:14,572 INFO org.springframework.boot.SpringApplication [restartedMain] No active profile set, falling back to default profiles: default
2021-08-11 16:48:14,653 INFO org.springframework.boot.logging.DeferredLog [restartedMain] Devtools property defaults active! Set 'spring.devtools.add-properties' to 'false' to disable
2021-08-11 16:48:14,654 INFO org.springframework.boot.logging.DeferredLog [restartedMain] For additional web related logging consider setting the 'logging.level.web' property to 'DEBUG'
2021-08-11 16:48:15,961 INFO org.springframework.boot.web.embedded.tomcat.TomcatWebServer [restartedMain] Tomcat initialized with port(s): 8080 (http)
2021-08-11 16:48:15,969 INFO org.apache.juli.logging.DirectJDKLog [restartedMain] Initializing ProtocolHandler ["http-nio-8080"]
2021-08-11 16:48:15,970 INFO org.apache.juli.logging.DirectJDKLog [restartedMain] Starting service [Tomcat]
2021-08-11 16:48:15,971 INFO org.apache.juli.logging.DirectJDKLog [restartedMain] Starting Servlet engine: [Apache Tomcat/9.0.50]
2021-08-11 16:48:16,051 INFO org.apache.juli.logging.DirectJDKLog [restartedMain] Initializing Spring embedded WebApplicationContext
2021-08-11 16:48:16,051 INFO org.springframework.boot.web.servlet.context.ServletWebServerApplicationContext [restartedMain] Root WebApplicationContext: initialization completed in 1396 ms
2021-08-11 16:48:16,342 INFO org.springframework.boot.autoconfigure.web.servlet.WelcomePageHandlerMapping [restartedMain] Adding welcome page: class path resource [static/index.html]
2021-08-11 16:48:16,478 INFO org.springframework.boot.devtools.autoconfigure.OptionalLiveReloadServer [restartedMain] LiveReload server is running on port 35729
2021-08-11 16:48:16,497 INFO org.apache.juli.logging.DirectJDKLog [restartedMain] Starting ProtocolHandler ["http-nio-8080"]
2021-08-11 16:48:16,564 INFO org.springframework.boot.web.embedded.tomcat.TomcatWebServer [restartedMain] Tomcat started on port(s): 8080 (http) with context path ''
2021-08-11 16:48:16,584 INFO org.springframework.boot.StartupInfoLogger [restartedMain] Started ShashinApplicationKt in 2.586 seconds (JVM running for 3.487)
2021-08-11 16:48:18,944 INFO org.apache.juli.logging.DirectJDKLog [http-nio-8080-exec-1] Initializing Spring DispatcherServlet 'dispatcherServlet'
2021-08-11 16:48:18,945 INFO org.springframework.web.servlet.FrameworkServlet [http-nio-8080-exec-1] Initializing Servlet 'dispatcherServlet'
2021-08-11 16:48:18,946 INFO org.springframework.web.servlet.FrameworkServlet [http-nio-8080-exec-1] Completed initialization in 1 ms
2021-08-11 16:48:19,076 INFO util.FileUtils$Companion [Thread-7] Thread created: Thread-7.shashinscan
2021-08-11 16:48:19,129 INFO util.FileUtils$Companion [Thread-7] YAML metadata already exists: DSCF1061.JPG.yaml
2021-08-11 16:48:19,674 INFO util.FileUtils$Companion [Thread-7] Thumbnail already exists: DSCF1061.JPG.jpg
2021-08-11 16:48:19,702 INFO util.FileUtils$Companion [Thread-7] YAML metadata already exists: DSCF1062.JPG.yaml
2021-08-11 16:48:20,161 INFO util.FileUtils$Companion [Thread-7] Thumbnail already exists: DSCF1062.JPG.jpg
2021-08-11 16:48:20,177 INFO util.FileUtils$Companion [Thread-7] YAML metadata already exists: DSCF1063.JPG.yaml
2021-08-11 16:48:20,602 INFO util.FileUtils$Companion [Thread-7] Thumbnail already exists: DSCF1063.JPG.jpg
2021-08-11 16:48:20,613 INFO util.FileUtils$Companion [Thread-7] YAML metadata already exists: DSCF1080.JPG.yaml
2021-08-11 16:48:20,984 INFO util.FileUtils$Companion [Thread-7] Thumbnail already exists: DSCF1080.JPG.jpg
2021-08-11 16:48:20,997 INFO util.FileUtils$Companion [Thread-7] YAML metadata already exists: DSCF1074.JPG.yaml
2021-08-11 16:48:21,478 INFO util.FileUtils$Companion [Thread-7] Thumbnail already exists: DSCF1074.JPG.jpg
2021-08-11 16:48:21,495 INFO util.FileUtils$Companion [Thread-7] YAML metadata already exists: DSCF1075.JPG.yaml
2021-08-11 16:48:22,239 INFO util.FileUtils$Companion [Thread-7] Thumbnail already exists: DSCF1075.JPG.jpg
2021-08-11 16:48:22,252 INFO util.FileUtils$Companion [Thread-7] YAML metadata already exists: DSCF1076.JPG.yaml
2021-08-11 16:48:22,601 INFO util.FileUtils$Companion [Thread-7] Thumbnail already exists: DSCF1076.JPG.jpg
2021-08-11 16:48:22,614 INFO util.FileUtils$Companion [Thread-7] YAML metadata already exists: DSCF1077.JPG.yaml
2021-08-11 16:48:22,977 INFO util.FileUtils$Companion [Thread-7] Thumbnail already exists: DSCF1077.JPG.jpg
2021-08-11 16:48:22,991 INFO util.FileUtils$Companion [Thread-7] YAML metadata already exists: DSCF1078.JPG.yaml
2021-08-11 16:48:23,352 INFO util.FileUtils$Companion [Thread-7] Thumbnail already exists: DSCF1078.JPG.jpg
2021-08-11 16:48:23,361 INFO util.FileUtils$Companion [Thread-7] YAML metadata already exists: DSCF1079.JPG.yaml
2021-08-11 16:48:23,716 INFO util.FileUtils$Companion [Thread-7] Thumbnail already exists: DSCF1079.JPG.jpg
2021-08-11 16:48:23,754 INFO util.FileUtils$Companion [Thread-7] YAML metadata already exists: DSCF1061.JPG.jpg.yaml
2021-08-11 16:48:23,759 INFO util.FileUtils$Companion [Thread-7] Thumbnail already exists: DSCF1061.JPG.jpg.jpg
2021-08-11 16:48:23,780 INFO util.FileUtils$Companion [Thread-7] YAML metadata already exists: DSCF1062.JPG.jpg.yaml
2021-08-11 16:48:23,785 INFO util.FileUtils$Companion [Thread-7] Thumbnail already exists: DSCF1062.JPG.jpg.jpg
2021-08-11 16:48:23,805 INFO util.FileUtils$Companion [Thread-7] YAML metadata already exists: DSCF1063.JPG.jpg.yaml
2021-08-11 16:48:23,809 INFO util.FileUtils$Companion [Thread-7] Thumbnail already exists: DSCF1063.JPG.jpg.jpg
2021-08-11 16:48:23,828 INFO util.FileUtils$Companion [Thread-7] YAML metadata already exists: DSCF1080.JPG.jpg.yaml
2021-08-11 16:48:23,833 INFO util.FileUtils$Companion [Thread-7] Thumbnail already exists: DSCF1080.JPG.jpg.jpg
2021-08-11 16:48:23,853 INFO util.FileUtils$Companion [Thread-7] YAML metadata already exists: DSCF1074.JPG.jpg.yaml
2021-08-11 16:48:23,858 INFO util.FileUtils$Companion [Thread-7] Thumbnail already exists: DSCF1074.JPG.jpg.jpg
2021-08-11 16:48:23,878 INFO util.FileUtils$Companion [Thread-7] YAML metadata already exists: DSCF1075.JPG.jpg.yaml
2021-08-11 16:48:23,883 INFO util.FileUtils$Companion [Thread-7] Thumbnail already exists: DSCF1075.JPG.jpg.jpg
2021-08-11 16:48:23,904 INFO util.FileUtils$Companion [Thread-7] YAML metadata already exists: DSCF1076.JPG.jpg.yaml
2021-08-11 16:48:23,909 INFO util.FileUtils$Companion [Thread-7] Thumbnail already exists: DSCF1076.JPG.jpg.jpg
2021-08-11 16:48:23,929 INFO util.FileUtils$Companion [Thread-7] YAML metadata already exists: DSCF1077.JPG.jpg.yaml
2021-08-11 16:48:23,935 INFO util.FileUtils$Companion [Thread-7] Thumbnail already exists: DSCF1077.JPG.jpg.jpg
2021-08-11 16:48:23,957 INFO util.FileUtils$Companion [Thread-7] YAML metadata already exists: DSCF1078.JPG.jpg.yaml
2021-08-11 16:48:23,962 INFO util.FileUtils$Companion [Thread-7] Thumbnail already exists: DSCF1078.JPG.jpg.jpg
2021-08-11 16:48:23,983 INFO util.FileUtils$Companion [Thread-7] YAML metadata already exists: DSCF1079.JPG.jpg.yaml
2021-08-11 16:48:23,988 INFO util.FileUtils$Companion [Thread-7] Thumbnail already exists: DSCF1079.JPG.jpg.jpg
2021-08-11 16:48:24,011 INFO util.FileUtils$Companion [Thread-7] YAML metadata already exists: DSCF1061.JPG.jpg.jpg.yaml
2021-08-11 16:48:24,016 INFO util.FileUtils$Companion [Thread-7] Thumbnail already exists: DSCF1061.JPG.jpg.jpg.jpg
2021-08-11 16:48:24,041 INFO util.FileUtils$Companion [Thread-7] YAML metadata already exists: DSCF1062.JPG.jpg.jpg.yaml
2021-08-11 16:48:24,046 INFO util.FileUtils$Companion [Thread-7] Thumbnail already exists: DSCF1062.JPG.jpg.jpg.jpg
2021-08-11 16:48:24,070 INFO util.FileUtils$Companion [Thread-7] YAML metadata already exists: DSCF1063.JPG.jpg.jpg.yaml
2021-08-11 16:48:24,076 INFO util.FileUtils$Companion [Thread-7] Thumbnail already exists: DSCF1063.JPG.jpg.jpg.jpg
2021-08-11 16:48:24,099 INFO util.FileUtils$Companion [Thread-7] YAML metadata already exists: DSCF1080.JPG.jpg.jpg.yaml
2021-08-11 16:48:24,104 INFO util.FileUtils$Companion [Thread-7] Thumbnail already exists: DSCF1080.JPG.jpg.jpg.jpg
2021-08-11 16:48:24,125 INFO util.FileUtils$Companion [Thread-7] YAML metadata already exists: DSCF1074.JPG.jpg.jpg.yaml
2021-08-11 16:48:24,130 INFO util.FileUtils$Companion [Thread-7] Thumbnail already exists: DSCF1074.JPG.jpg.jpg.jpg
2021-08-11 16:48:24,152 INFO util.FileUtils$Companion [Thread-7] YAML metadata already exists: DSCF1075.JPG.jpg.jpg.yaml
2021-08-11 16:48:24,158 INFO util.FileUtils$Companion [Thread-7] Thumbnail already exists: DSCF1075.JPG.jpg.jpg.jpg
2021-08-11 16:48:24,182 INFO util.FileUtils$Companion [Thread-7] YAML metadata already exists: DSCF1076.JPG.jpg.jpg.yaml
2021-08-11 16:48:24,187 INFO util.FileUtils$Companion [Thread-7] Thumbnail already exists: DSCF1076.JPG.jpg.jpg.jpg
2021-08-11 16:48:24,207 INFO util.FileUtils$Companion [Thread-7] YAML metadata already exists: DSCF1077.JPG.jpg.jpg.yaml
2021-08-11 16:48:24,212 INFO util.FileUtils$Companion [Thread-7] Thumbnail already exists: DSCF1077.JPG.jpg.jpg.jpg
2021-08-11 16:48:24,232 INFO util.FileUtils$Companion [Thread-7] YAML metadata already exists: DSCF1078.JPG.jpg.jpg.yaml
2021-08-11 16:48:24,237 INFO util.FileUtils$Companion [Thread-7] Thumbnail already exists: DSCF1078.JPG.jpg.jpg.jpg
2021-08-11 16:48:24,257 INFO util.FileUtils$Companion [Thread-7] YAML metadata already exists: DSCF1079.JPG.jpg.jpg.yaml
2021-08-11 16:48:24,262 INFO util.FileUtils$Companion [Thread-7] Thumbnail already exists: DSCF1079.JPG.jpg.jpg.jpg
2021-08-11 16:48:24,281 INFO util.FileUtils$Companion [Thread-7] YAML metadata already exists: DSCF1061.JPG.jpg.jpg.jpg.yaml
2021-08-11 16:48:24,286 INFO util.FileUtils$Companion [Thread-7] Thumbnail already exists: DSCF1061.JPG.jpg.jpg.jpg.jpg
2021-08-11 16:48:24,303 INFO util.FileUtils$Companion [Thread-7] YAML metadata already exists: DSCF1062.JPG.jpg.jpg.jpg.yaml
2021-08-11 16:48:24,308 INFO util.FileUtils$Companion [Thread-7] Thumbnail already exists: DSCF1062.JPG.jpg.jpg.jpg.jpg
2021-08-11 16:48:24,324 INFO util.FileUtils$Companion [Thread-7] YAML metadata already exists: DSCF1063.JPG.jpg.jpg.jpg.yaml
2021-08-11 16:48:24,328 INFO util.FileUtils$Companion [Thread-7] Thumbnail already exists: DSCF1063.JPG.jpg.jpg.jpg.jpg
2021-08-11 16:48:24,345 INFO util.FileUtils$Companion [Thread-7] YAML metadata already exists: DSCF1080.JPG.jpg.jpg.jpg.yaml
2021-08-11 16:48:24,348 INFO util.FileUtils$Companion [Thread-7] Thumbnail already exists: DSCF1080.JPG.jpg.jpg.jpg.jpg
2021-08-11 16:48:24,364 INFO util.FileUtils$Companion [Thread-7] YAML metadata already exists: DSCF1074.JPG.jpg.jpg.jpg.yaml
2021-08-11 16:48:24,368 INFO util.FileUtils$Companion [Thread-7] Thumbnail already exists: DSCF1074.JPG.jpg.jpg.jpg.jpg
2021-08-11 16:48:24,385 INFO util.FileUtils$Companion [Thread-7] YAML metadata already exists: DSCF1075.JPG.jpg.jpg.jpg.yaml
2021-08-11 16:48:24,389 INFO util.FileUtils$Companion [Thread-7] Thumbnail already exists: DSCF1075.JPG.jpg.jpg.jpg.jpg
2021-08-11 16:48:24,404 INFO util.FileUtils$Companion [Thread-7] YAML metadata already exists: DSCF1076.JPG.jpg.jpg.jpg.yaml
2021-08-11 16:48:24,408 INFO util.FileUtils$Companion [Thread-7] Thumbnail already exists: DSCF1076.JPG.jpg.jpg.jpg.jpg
2021-08-11 16:48:24,424 INFO util.FileUtils$Companion [Thread-7] YAML metadata already exists: DSCF1077.JPG.jpg.jpg.jpg.yaml
2021-08-11 16:48:24,428 INFO util.FileUtils$Companion [Thread-7] Thumbnail already exists: DSCF1077.JPG.jpg.jpg.jpg.jpg
2021-08-11 16:48:24,446 INFO util.FileUtils$Companion [Thread-7] YAML metadata already exists: DSCF1078.JPG.jpg.jpg.jpg.yaml
2021-08-11 16:48:24,450 INFO util.FileUtils$Companion [Thread-7] Thumbnail already exists: DSCF1078.JPG.jpg.jpg.jpg.jpg
2021-08-11 16:48:24,468 INFO util.FileUtils$Companion [Thread-7] YAML metadata already exists: DSCF1079.JPG.jpg.jpg.jpg.yaml
2021-08-11 16:48:24,472 INFO util.FileUtils$Companion [Thread-7] Thumbnail already exists: DSCF1079.JPG.jpg.jpg.jpg.jpg
2021-08-11 16:48:24,490 INFO util.FileUtils$Companion [Thread-7] YAML metadata already exists: DSCF1061.JPG.jpg.jpg.jpg.jpg.yaml
2021-08-11 16:48:24,494 INFO util.FileUtils$Companion [Thread-7] Thumbnail already exists: DSCF1061.JPG.jpg.jpg.jpg.jpg.jpg
2021-08-11 16:48:24,510 INFO util.FileUtils$Companion [Thread-7] YAML metadata already exists: DSCF1062.JPG.jpg.jpg.jpg.jpg.yaml
2021-08-11 16:48:24,514 INFO util.FileUtils$Companion [Thread-7] Thumbnail already exists: DSCF1062.JPG.jpg.jpg.jpg.jpg.jpg
2021-08-11 16:48:24,531 INFO util.FileUtils$Companion [Thread-7] YAML metadata already exists: DSCF1063.JPG.jpg.jpg.jpg.jpg.yaml
2021-08-11 16:48:24,536 INFO util.FileUtils$Companion [Thread-7] Thumbnail already exists: DSCF1063.JPG.jpg.jpg.jpg.jpg.jpg
2021-08-11 16:48:24,553 INFO util.FileUtils$Companion [Thread-7] YAML metadata already exists: DSCF1080.JPG.jpg.jpg.jpg.jpg.yaml
2021-08-11 16:48:24,556 INFO util.FileUtils$Companion [Thread-7] Thumbnail already exists: DSCF1080.JPG.jpg.jpg.jpg.jpg.jpg
2021-08-11 16:48:24,574 INFO util.FileUtils$Companion [Thread-7] YAML metadata already exists: DSCF1074.JPG.jpg.jpg.jpg.jpg.yaml
2021-08-11 16:48:24,579 INFO util.FileUtils$Companion [Thread-7] Thumbnail already exists: DSCF1074.JPG.jpg.jpg.jpg.jpg.jpg
2021-08-11 16:48:24,593 INFO util.FileUtils$Companion [Thread-7] YAML metadata already exists: DSCF1075.JPG.jpg.jpg.jpg.jpg.yaml
2021-08-11 16:48:24,597 INFO util.FileUtils$Companion [Thread-7] Thumbnail already exists: DSCF1075.JPG.jpg.jpg.jpg.jpg.jpg
2021-08-11 16:48:24,612 INFO util.FileUtils$Companion [Thread-7] YAML metadata already exists: DSCF1076.JPG.jpg.jpg.jpg.jpg.yaml
2021-08-11 16:48:24,617 INFO util.FileUtils$Companion [Thread-7] Thumbnail already exists: DSCF1076.JPG.jpg.jpg.jpg.jpg.jpg
2021-08-11 16:48:24,632 INFO util.FileUtils$Companion [Thread-7] YAML metadata already exists: DSCF1077.JPG.jpg.jpg.jpg.jpg.yaml
2021-08-11 16:48:24,635 INFO util.FileUtils$Companion [Thread-7] Thumbnail already exists: DSCF1077.JPG.jpg.jpg.jpg.jpg.jpg
2021-08-11 16:48:24,651 INFO util.FileUtils$Companion [Thread-7] YAML metadata already exists: DSCF1078.JPG.jpg.jpg.jpg.jpg.yaml
2021-08-11 16:48:24,656 INFO util.FileUtils$Companion [Thread-7] Thumbnail already exists: DSCF1078.JPG.jpg.jpg.jpg.jpg.jpg
2021-08-11 16:48:24,675 INFO util.FileUtils$Companion [Thread-7] YAML metadata already exists: DSCF1079.JPG.jpg.jpg.jpg.jpg.yaml
2021-08-11 16:48:24,678 INFO util.FileUtils$Companion [Thread-7] Thumbnail already exists: DSCF1079.JPG.jpg.jpg.jpg.jpg.jpg
2021-08-11 16:48:24,697 INFO util.FileUtils$Companion [Thread-7] YAML metadata already exists: DSCF1061.JPG.jpg.jpg.jpg.jpg.jpg.yaml
2021-08-11 16:48:24,702 INFO util.FileUtils$Companion [Thread-7] Thumbnail already exists: DSCF1061.JPG.jpg.jpg.jpg.jpg.jpg.jpg
2021-08-11 16:48:24,718 INFO util.FileUtils$Companion [Thread-7] YAML metadata already exists: DSCF1062.JPG.jpg.jpg.jpg.jpg.jpg.yaml
2021-08-11 16:48:24,723 INFO util.FileUtils$Companion [Thread-7] Thumbnail already exists: DSCF1062.JPG.jpg.jpg.jpg.jpg.jpg.jpg
2021-08-11 16:48:24,741 INFO util.FileUtils$Companion [Thread-7] YAML metadata already exists: DSCF1063.JPG.jpg.jpg.jpg.jpg.jpg.yaml
2021-08-11 16:48:24,745 INFO util.FileUtils$Companion [Thread-7] Thumbnail already exists: DSCF1063.JPG.jpg.jpg.jpg.jpg.jpg.jpg
2021-08-11 16:48:24,763 INFO util.FileUtils$Companion [Thread-7] YAML metadata already exists: DSCF1080.JPG.jpg.jpg.jpg.jpg.jpg.yaml
2021-08-11 16:48:24,767 INFO util.FileUtils$Companion [Thread-7] Thumbnail already exists: DSCF1080.JPG.jpg.jpg.jpg.jpg.jpg.jpg
2021-08-11 16:48:24,786 INFO util.FileUtils$Companion [Thread-7] YAML metadata already exists: DSCF1074.JPG.jpg.jpg.jpg.jpg.jpg.yaml
2021-08-11 16:48:24,791 INFO util.FileUtils$Companion [Thread-7] Thumbnail already exists: DSCF1074.JPG.jpg.jpg.jpg.jpg.jpg.jpg
2021-08-11 16:48:24,809 INFO util.FileUtils$Companion [Thread-7] YAML metadata already exists: DSCF1075.JPG.jpg.jpg.jpg.jpg.jpg.yaml
2021-08-11 16:48:24,814 INFO util.FileUtils$Companion [Thread-7] Thumbnail already exists: DSCF1075.JPG.jpg.jpg.jpg.jpg.jpg.jpg
2021-08-11 16:48:24,833 INFO util.FileUtils$Companion [Thread-7] YAML metadata already exists: DSCF1076.JPG.jpg.jpg.jpg.jpg.jpg.yaml
2021-08-11 16:48:24,838 INFO util.FileUtils$Companion [Thread-7] Thumbnail already exists: DSCF1076.JPG.jpg.jpg.jpg.jpg.jpg.jpg
2021-08-11 16:48:24,856 INFO util.FileUtils$Companion [Thread-7] YAML metadata already exists: DSCF1077.JPG.jpg.jpg.jpg.jpg.jpg.yaml
2021-08-11 16:48:24,860 INFO util.FileUtils$Companion [Thread-7] Thumbnail already exists: DSCF1077.JPG.jpg.jpg.jpg.jpg.jpg.jpg
2021-08-11 16:48:24,877 INFO util.FileUtils$Companion [Thread-7] YAML metadata already exists: DSCF1078.JPG.jpg.jpg.jpg.jpg.jpg.yaml
2021-08-11 16:48:24,881 INFO util.FileUtils$Companion [Thread-7] Thumbnail already exists: DSCF1078.JPG.jpg.jpg.jpg.jpg.jpg.jpg
2021-08-11 16:48:24,899 INFO util.FileUtils$Companion [Thread-7] YAML metadata already exists: DSCF1079.JPG.jpg.jpg.jpg.jpg.jpg.yaml
2021-08-11 16:48:24,903 INFO util.FileUtils$Companion [Thread-7] Thumbnail already exists: DSCF1079.JPG.jpg.jpg.jpg.jpg.jpg.jpg
2021-08-11 16:48:24,929 INFO util.FileUtils$Companion [Thread-7] YAML metadata created: DSCF1061.JPG.jpg.jpg.jpg.jpg.jpg.jpg.yaml
2021-08-11 16:48:24,938 INFO util.FileUtils$Companion [Thread-7] Thumbnail created: DSCF1061.JPG.jpg.jpg.jpg.jpg.jpg.jpg.jpg
2021-08-11 16:48:24,957 INFO util.FileUtils$Companion [Thread-7] YAML metadata created: DSCF1062.JPG.jpg.jpg.jpg.jpg.jpg.jpg.yaml
2021-08-11 16:48:24,961 INFO util.FileUtils$Companion [Thread-7] Thumbnail created: DSCF1062.JPG.jpg.jpg.jpg.jpg.jpg.jpg.jpg
2021-08-11 16:48:24,980 INFO util.FileUtils$Companion [Thread-7] YAML metadata created: DSCF1063.JPG.jpg.jpg.jpg.jpg.jpg.jpg.yaml
2021-08-11 16:48:24,985 INFO util.FileUtils$Companion [Thread-7] Thumbnail created: DSCF1063.JPG.jpg.jpg.jpg.jpg.jpg.jpg.jpg
2021-08-11 16:48:25,003 INFO util.FileUtils$Companion [Thread-7] YAML metadata created: DSCF1080.JPG.jpg.jpg.jpg.jpg.jpg.jpg.yaml
2021-08-11 16:48:25,007 INFO util.FileUtils$Companion [Thread-7] Thumbnail created: DSCF1080.JPG.jpg.jpg.jpg.jpg.jpg.jpg.jpg
2021-08-11 16:48:25,024 INFO util.FileUtils$Companion [Thread-7] YAML metadata created: DSCF1074.JPG.jpg.jpg.jpg.jpg.jpg.jpg.yaml
2021-08-11 16:48:25,028 INFO util.FileUtils$Companion [Thread-7] Thumbnail created: DSCF1074.JPG.jpg.jpg.jpg.jpg.jpg.jpg.jpg
2021-08-11 16:48:25,044 INFO util.FileUtils$Companion [Thread-7] YAML metadata created: DSCF1075.JPG.jpg.jpg.jpg.jpg.jpg.jpg.yaml
2021-08-11 16:48:25,050 INFO util.FileUtils$Companion [Thread-7] Thumbnail created: DSCF1075.JPG.jpg.jpg.jpg.jpg.jpg.jpg.jpg
2021-08-11 16:48:25,067 INFO util.FileUtils$Companion [Thread-7] YAML metadata created: DSCF1076.JPG.jpg.jpg.jpg.jpg.jpg.jpg.yaml
2021-08-11 16:48:25,071 INFO util.FileUtils$Companion [Thread-7] Thumbnail created: DSCF1076.JPG.jpg.jpg.jpg.jpg.jpg.jpg.jpg
2021-08-11 16:48:25,087 INFO util.FileUtils$Companion [Thread-7] YAML metadata created: DSCF1077.JPG.jpg.jpg.jpg.jpg.jpg.jpg.yaml
2021-08-11 16:48:25,091 INFO util.FileUtils$Companion [Thread-7] Thumbnail created: DSCF1077.JPG.jpg.jpg.jpg.jpg.jpg.jpg.jpg
2021-08-11 16:48:25,108 INFO util.FileUtils$Companion [Thread-7] YAML metadata created: DSCF1078.JPG.jpg.jpg.jpg.jpg.jpg.jpg.yaml
2021-08-11 16:48:25,112 INFO util.FileUtils$Companion [Thread-7] Thumbnail created: DSCF1078.JPG.jpg.jpg.jpg.jpg.jpg.jpg.jpg
2021-08-11 16:48:25,128 INFO util.FileUtils$Companion [Thread-7] YAML metadata created: DSCF1079.JPG.jpg.jpg.jpg.jpg.jpg.jpg.yaml
2021-08-11 16:48:25,131 INFO util.FileUtils$Companion [Thread-7] Thumbnail created: DSCF1079.JPG.jpg.jpg.jpg.jpg.jpg.jpg.jpg
2021-08-11 16:48:57,343 INFO org.springframework.boot.StartupInfoLogger [restartedMain] Starting ShashinApplicationKt using Java 16.0.2 on LAPTOP-KQMN93J1 with PID 16576 (C:\Users\micha\IdeaProjects\shashin\target\classes started by micha in C:\Users\micha\IdeaProjects\shashin)
2021-08-11 16:48:57,346 INFO org.springframework.boot.SpringApplication [restartedMain] No active profile set, falling back to default profiles: default
2021-08-11 16:48:57,413 INFO org.springframework.boot.logging.DeferredLog [restartedMain] Devtools property defaults active! Set 'spring.devtools.add-properties' to 'false' to disable
2021-08-11 16:48:57,414 INFO org.springframework.boot.logging.DeferredLog [restartedMain] For additional web related logging consider setting the 'logging.level.web' property to 'DEBUG'
2021-08-11 16:48:58,636 INFO org.springframework.boot.web.embedded.tomcat.TomcatWebServer [restartedMain] Tomcat initialized with port(s): 8080 (http)
2021-08-11 16:48:58,650 INFO org.apache.juli.logging.DirectJDKLog [restartedMain] Initializing ProtocolHandler ["http-nio-8080"]
2021-08-11 16:48:58,651 INFO org.apache.juli.logging.DirectJDKLog [restartedMain] Starting service [Tomcat]
2021-08-11 16:48:58,651 INFO org.apache.juli.logging.DirectJDKLog [restartedMain] Starting Servlet engine: [Apache Tomcat/9.0.50]
2021-08-11 16:48:58,717 INFO org.apache.juli.logging.DirectJDKLog [restartedMain] Initializing Spring embedded WebApplicationContext
2021-08-11 16:48:58,717 INFO org.springframework.boot.web.servlet.context.ServletWebServerApplicationContext [restartedMain] Root WebApplicationContext: initialization completed in 1302 ms
2021-08-11 16:48:58,973 INFO org.springframework.boot.autoconfigure.web.servlet.WelcomePageHandlerMapping [restartedMain] Adding welcome page: class path resource [static/index.html]
2021-08-11 16:48:59,121 INFO org.springframework.boot.devtools.autoconfigure.OptionalLiveReloadServer [restartedMain] LiveReload server is running on port 35729
2021-08-11 16:48:59,142 INFO org.apache.juli.logging.DirectJDKLog [restartedMain] Starting ProtocolHandler ["http-nio-8080"]
2021-08-11 16:48:59,184 INFO org.springframework.boot.web.embedded.tomcat.TomcatWebServer [restartedMain] Tomcat started on port(s): 8080 (http) with context path ''
2021-08-11 16:48:59,198 INFO org.springframework.boot.StartupInfoLogger [restartedMain] Started ShashinApplicationKt in 2.401 seconds (JVM running for 3.247)
2021-08-11 17:21:37,494 INFO org.springframework.boot.StartupInfoLogger [restartedMain] Starting ShashinApplicationKt using Java 16.0.2 on LAPTOP-KQMN93J1 with PID 10868 (C:\Users\micha\IdeaProjects\shashin\target\classes started by micha in C:\Users\micha\IdeaProjects\shashin)
2021-08-11 17:21:37,498 INFO org.springframework.boot.SpringApplication [restartedMain] No active profile set, falling back to default profiles: default
2021-08-11 17:21:37,568 INFO org.springframework.boot.logging.DeferredLog [restartedMain] Devtools property defaults active! Set 'spring.devtools.add-properties' to 'false' to disable
2021-08-11 17:21:37,569 INFO org.springframework.boot.logging.DeferredLog [restartedMain] For additional web related logging consider setting the 'logging.level.web' property to 'DEBUG'
2021-08-11 17:21:38,918 INFO org.springframework.boot.web.embedded.tomcat.TomcatWebServer [restartedMain] Tomcat initialized with port(s): 8080 (http)
2021-08-11 17:21:38,929 INFO org.apache.juli.logging.DirectJDKLog [restartedMain] Initializing ProtocolHandler ["http-nio-8080"]
2021-08-11 17:21:38,930 INFO org.apache.juli.logging.DirectJDKLog [restartedMain] Starting service [Tomcat]
2021-08-11 17:21:38,931 INFO org.apache.juli.logging.DirectJDKLog [restartedMain] Starting Servlet engine: [Apache Tomcat/9.0.50]
2021-08-11 17:21:39,012 INFO org.apache.juli.logging.DirectJDKLog [restartedMain] Initializing Spring embedded WebApplicationContext
2021-08-11 17:21:39,013 INFO org.springframework.boot.web.servlet.context.ServletWebServerApplicationContext [restartedMain] Root WebApplicationContext: initialization completed in 1443 ms
2021-08-11 17:21:39,286 INFO org.springframework.boot.autoconfigure.web.servlet.WelcomePageHandlerMapping [restartedMain] Adding welcome page: class path resource [static/index.html]
2021-08-11 17:21:39,428 INFO org.springframework.boot.devtools.autoconfigure.OptionalLiveReloadServer [restartedMain] LiveReload server is running on port 35729
2021-08-11 17:21:39,445 INFO org.apache.juli.logging.DirectJDKLog [restartedMain] Starting ProtocolHandler ["http-nio-8080"]
2021-08-11 17:21:39,491 INFO org.springframework.boot.web.embedded.tomcat.TomcatWebServer [restartedMain] Tomcat started on port(s): 8080 (http) with context path ''
2021-08-11 17:21:39,507 INFO org.springframework.boot.StartupInfoLogger [restartedMain] Started ShashinApplicationKt in 2.607 seconds (JVM running for 3.578)
2021-08-11 17:21:45,388 INFO org.apache.juli.logging.DirectJDKLog [http-nio-8080-exec-1] Initializing Spring DispatcherServlet 'dispatcherServlet'
2021-08-11 17:21:45,389 INFO org.springframework.web.servlet.FrameworkServlet [http-nio-8080-exec-1] Initializing Servlet 'dispatcherServlet'
2021-08-11 17:21:45,391 INFO org.springframework.web.servlet.FrameworkServlet [http-nio-8080-exec-1] Completed initialization in 1 ms
2021-08-11 17:21:45,521 INFO util.FileUtils$Companion [Thread-7] Thread created: Thread-7.shashinscan
2021-08-11 17:21:45,595 INFO util.FileUtils$Companion [Thread-7] YAML metadata already exists: DSCF1061.JPG.yaml
2021-08-11 17:21:46,173 INFO util.FileUtils$Companion [Thread-7] Thumbnail already exists: DSCF1061.JPG.jpg
2021-08-11 17:22:35,725 INFO org.springframework.boot.StartupInfoLogger [restartedMain] Starting ShashinApplicationKt using Java 16.0.2 on LAPTOP-KQMN93J1 with PID 20216 (C:\Users\micha\IdeaProjects\shashin\target\classes started by micha in C:\Users\micha\IdeaProjects\shashin)
2021-08-11 17:22:35,728 INFO org.springframework.boot.SpringApplication [restartedMain] No active profile set, falling back to default profiles: default
2021-08-11 17:22:35,799 INFO org.springframework.boot.logging.DeferredLog [restartedMain] Devtools property defaults active! Set 'spring.devtools.add-properties' to 'false' to disable
2021-08-11 17:22:35,800 INFO org.springframework.boot.logging.DeferredLog [restartedMain] For additional web related logging consider setting the 'logging.level.web' property to 'DEBUG'
2021-08-11 17:22:37,131 INFO org.springframework.boot.web.embedded.tomcat.TomcatWebServer [restartedMain] Tomcat initialized with port(s): 8080 (http)
2021-08-11 17:22:37,142 INFO org.apache.juli.logging.DirectJDKLog [restartedMain] Initializing ProtocolHandler ["http-nio-8080"]
2021-08-11 17:22:37,143 INFO org.apache.juli.logging.DirectJDKLog [restartedMain] Starting service [Tomcat]
2021-08-11 17:22:37,143 INFO org.apache.juli.logging.DirectJDKLog [restartedMain] Starting Servlet engine: [Apache Tomcat/9.0.50]
2021-08-11 17:22:37,222 INFO org.apache.juli.logging.DirectJDKLog [restartedMain] Initializing Spring embedded WebApplicationContext
2021-08-11 17:22:37,223 INFO org.springframework.boot.web.servlet.context.ServletWebServerApplicationContext [restartedMain] Root WebApplicationContext: initialization completed in 1422 ms
2021-08-11 17:22:37,570 INFO org.springframework.boot.autoconfigure.web.servlet.WelcomePageHandlerMapping [restartedMain] Adding welcome page: class path resource [static/index.html]
2021-08-11 17:22:37,753 INFO org.springframework.boot.devtools.autoconfigure.OptionalLiveReloadServer [restartedMain] LiveReload server is running on port 35729
2021-08-11 17:22:37,773 INFO org.apache.juli.logging.DirectJDKLog [restartedMain] Starting ProtocolHandler ["http-nio-8080"]
2021-08-11 17:22:37,824 INFO org.springframework.boot.web.embedded.tomcat.TomcatWebServer [restartedMain] Tomcat started on port(s): 8080 (http) with context path ''
2021-08-11 17:22:37,839 INFO org.springframework.boot.StartupInfoLogger [restartedMain] Started ShashinApplicationKt in 2.696 seconds (JVM running for 3.571)
2021-08-11 17:22:38,887 INFO org.apache.juli.logging.DirectJDKLog [http-nio-8080-exec-2] Initializing Spring DispatcherServlet 'dispatcherServlet'
2021-08-11 17:22:38,888 INFO org.springframework.web.servlet.FrameworkServlet [http-nio-8080-exec-2] Initializing Servlet 'dispatcherServlet'
2021-08-11 17:22:38,889 INFO org.springframework.web.servlet.FrameworkServlet [http-nio-8080-exec-2] Completed initialization in 1 ms
2021-08-11 17:22:39,023 INFO util.FileUtils$Companion [Thread-7] Thread created: Thread-7.shashinscan
2021-08-11 17:23:17,419 INFO org.springframework.boot.StartupInfoLogger [restartedMain] Starting ShashinApplicationKt using Java 16.0.2 on LAPTOP-KQMN93J1 with PID 4368 (C:\Users\micha\IdeaProjects\shashin\target\classes started by micha in C:\Users\micha\IdeaProjects\shashin)
2021-08-11 17:23:17,423 INFO org.springframework.boot.SpringApplication [restartedMain] No active profile set, falling back to default profiles: default
2021-08-11 17:23:17,499 INFO org.springframework.boot.logging.DeferredLog [restartedMain] Devtools property defaults active! Set 'spring.devtools.add-properties' to 'false' to disable
2021-08-11 17:23:17,500 INFO org.springframework.boot.logging.DeferredLog [restartedMain] For additional web related logging consider setting the 'logging.level.web' property to 'DEBUG'
2021-08-11 17:23:18,838 INFO org.springframework.boot.web.embedded.tomcat.TomcatWebServer [restartedMain] Tomcat initialized with port(s): 8080 (http)
2021-08-11 17:23:18,848 INFO org.apache.juli.logging.DirectJDKLog [restartedMain] Initializing ProtocolHandler ["http-nio-8080"]
2021-08-11 17:23:18,849 INFO org.apache.juli.logging.DirectJDKLog [restartedMain] Starting service [Tomcat]
2021-08-11 17:23:18,849 INFO org.apache.juli.logging.DirectJDKLog [restartedMain] Starting Servlet engine: [Apache Tomcat/9.0.50]
2021-08-11 17:23:18,936 INFO org.apache.juli.logging.DirectJDKLog [restartedMain] Initializing Spring embedded WebApplicationContext
2021-08-11 17:23:18,936 INFO org.springframework.boot.web.servlet.context.ServletWebServerApplicationContext [restartedMain] Root WebApplicationContext: initialization completed in 1435 ms
2021-08-11 17:23:19,212 INFO org.springframework.boot.autoconfigure.web.servlet.WelcomePageHandlerMapping [restartedMain] Adding welcome page: class path resource [static/index.html]
2021-08-11 17:23:19,357 INFO org.springframework.boot.devtools.autoconfigure.OptionalLiveReloadServer [restartedMain] LiveReload server is running on port 35729
2021-08-11 17:23:19,374 INFO org.apache.juli.logging.DirectJDKLog [restartedMain] Starting ProtocolHandler ["http-nio-8080"]
2021-08-11 17:23:19,418 INFO org.springframework.boot.web.embedded.tomcat.TomcatWebServer [restartedMain] Tomcat started on port(s): 8080 (http) with context path ''
2021-08-11 17:23:19,433 INFO org.springframework.boot.StartupInfoLogger [restartedMain] Started ShashinApplicationKt in 2.693 seconds (JVM running for 3.988)
2021-08-11 17:23:19,615 INFO org.apache.juli.logging.DirectJDKLog [http-nio-8080-exec-1] Initializing Spring DispatcherServlet 'dispatcherServlet'
2021-08-11 17:23:19,616 INFO org.springframework.web.servlet.FrameworkServlet [http-nio-8080-exec-1] Initializing Servlet 'dispatcherServlet'
2021-08-11 17:23:19,617 INFO org.springframework.web.servlet.FrameworkServlet [http-nio-8080-exec-1] Completed initialization in 1 ms
2021-08-11 17:23:19,778 INFO util.FileUtils$Companion [Thread-7] Thread created: Thread-7.shashinscan
2021-08-11 17:27:07,202 INFO org.springframework.boot.StartupInfoLogger [restartedMain] Starting ShashinApplicationKt using Java 16.0.2 on LAPTOP-KQMN93J1 with PID 15136 (C:\Users\micha\IdeaProjects\shashin\target\classes started by micha in C:\Users\micha\IdeaProjects\shashin)
2021-08-11 17:27:07,206 INFO org.springframework.boot.SpringApplication [restartedMain] No active profile set, falling back to default profiles: default
2021-08-11 17:27:07,289 INFO org.springframework.boot.logging.DeferredLog [restartedMain] Devtools property defaults active! Set 'spring.devtools.add-properties' to 'false' to disable
2021-08-11 17:27:07,290 INFO org.springframework.boot.logging.DeferredLog [restartedMain] For additional web related logging consider setting the 'logging.level.web' property to 'DEBUG'
2021-08-11 17:27:08,788 INFO org.springframework.boot.web.embedded.tomcat.TomcatWebServer [restartedMain] Tomcat initialized with port(s): 8080 (http)
2021-08-11 17:27:08,798 INFO org.apache.juli.logging.DirectJDKLog [restartedMain] Initializing ProtocolHandler ["http-nio-8080"]
2021-08-11 17:27:08,799 INFO org.apache.juli.logging.DirectJDKLog [restartedMain] Starting service [Tomcat]
2021-08-11 17:27:08,799 INFO org.apache.juli.logging.DirectJDKLog [restartedMain] Starting Servlet engine: [Apache Tomcat/9.0.50]
2021-08-11 17:27:08,886 INFO org.apache.juli.logging.DirectJDKLog [restartedMain] Initializing Spring embedded WebApplicationContext
2021-08-11 17:27:08,887 INFO org.springframework.boot.web.servlet.context.ServletWebServerApplicationContext [restartedMain] Root WebApplicationContext: initialization completed in 1596 ms
2021-08-11 17:27:09,226 INFO org.springframework.boot.autoconfigure.web.servlet.WelcomePageHandlerMapping [restartedMain] Adding welcome page: class path resource [static/index.html]
2021-08-11 17:27:09,413 INFO org.springframework.boot.devtools.autoconfigure.OptionalLiveReloadServer [restartedMain] LiveReload server is running on port 35729
2021-08-11 17:27:09,437 INFO org.apache.juli.logging.DirectJDKLog [restartedMain] Starting ProtocolHandler ["http-nio-8080"]
2021-08-11 17:27:09,497 INFO org.springframework.boot.web.embedded.tomcat.TomcatWebServer [restartedMain] Tomcat started on port(s): 8080 (http) with context path ''
2021-08-11 17:27:09,513 INFO org.springframework.boot.StartupInfoLogger [restartedMain] Started ShashinApplicationKt in 2.974 seconds (JVM running for 4.052)
2021-08-11 17:27:13,642 INFO org.apache.juli.logging.DirectJDKLog [http-nio-8080-exec-1] Initializing Spring DispatcherServlet 'dispatcherServlet'
2021-08-11 17:27:13,643 INFO org.springframework.web.servlet.FrameworkServlet [http-nio-8080-exec-1] Initializing Servlet 'dispatcherServlet'
2021-08-11 17:27:13,644 INFO org.springframework.web.servlet.FrameworkServlet [http-nio-8080-exec-1] Completed initialization in 1 ms
2021-08-11 17:27:13,772 INFO util.FileUtils$Companion [Thread-7] Thread created: Thread-7.shashinscan
2021-08-11 17:27:13,848 INFO util.FileUtils$Companion [Thread-7] YAML metadata already exists: DSCF1061.JPG.yaml
2021-08-11 17:27:14,491 INFO util.FileUtils$Companion [Thread-7] Thumbnail already exists: DSCF1061.JPG.jpg
2021-08-11 17:28:16,921 INFO org.springframework.boot.StartupInfoLogger [restartedMain] Starting ShashinApplicationKt using Java 16.0.2 on LAPTOP-KQMN93J1 with PID 4684 (C:\Users\micha\IdeaProjects\shashin\target\classes started by micha in C:\Users\micha\IdeaProjects\shashin)
2021-08-11 17:28:16,924 INFO org.springframework.boot.SpringApplication [restartedMain] No active profile set, falling back to default profiles: default
2021-08-11 17:28:17,001 INFO org.springframework.boot.logging.DeferredLog [restartedMain] Devtools property defaults active! Set 'spring.devtools.add-properties' to 'false' to disable
2021-08-11 17:28:17,001 INFO org.springframework.boot.logging.DeferredLog [restartedMain] For additional web related logging consider setting the 'logging.level.web' property to 'DEBUG'
2021-08-11 17:28:18,381 INFO org.springframework.boot.web.embedded.tomcat.TomcatWebServer [restartedMain] Tomcat initialized with port(s): 8080 (http)
2021-08-11 17:28:18,393 INFO org.apache.juli.logging.DirectJDKLog [restartedMain] Initializing ProtocolHandler ["http-nio-8080"]
2021-08-11 17:28:18,394 INFO org.apache.juli.logging.DirectJDKLog [restartedMain] Starting service [Tomcat]
2021-08-11 17:28:18,394 INFO org.apache.juli.logging.DirectJDKLog [restartedMain] Starting Servlet engine: [Apache Tomcat/9.0.50]
2021-08-11 17:28:18,465 INFO org.apache.juli.logging.DirectJDKLog [restartedMain] Initializing Spring embedded WebApplicationContext
2021-08-11 17:28:18,466 INFO org.springframework.boot.web.servlet.context.ServletWebServerApplicationContext [restartedMain] Root WebApplicationContext: initialization completed in 1463 ms
2021-08-11 17:28:18,724 INFO org.springframework.boot.autoconfigure.web.servlet.WelcomePageHandlerMapping [restartedMain] Adding welcome page: class path resource [static/index.html]
2021-08-11 17:28:18,873 INFO org.springframework.boot.devtools.autoconfigure.OptionalLiveReloadServer [restartedMain] LiveReload server is running on port 35729
2021-08-11 17:28:18,892 INFO org.apache.juli.logging.DirectJDKLog [restartedMain] Starting ProtocolHandler ["http-nio-8080"]
2021-08-11 17:28:18,939 INFO org.springframework.boot.web.embedded.tomcat.TomcatWebServer [restartedMain] Tomcat started on port(s): 8080 (http) with context path ''
2021-08-11 17:28:18,955 INFO org.springframework.boot.StartupInfoLogger [restartedMain] Started ShashinApplicationKt in 2.688 seconds (JVM running for 3.567)
2021-08-11 17:28:19,043 INFO org.apache.juli.logging.DirectJDKLog [http-nio-8080-exec-1] Initializing Spring DispatcherServlet 'dispatcherServlet'
2021-08-11 17:28:19,044 INFO org.springframework.web.servlet.FrameworkServlet [http-nio-8080-exec-1] Initializing Servlet 'dispatcherServlet'
2021-08-11 17:28:19,045 INFO org.springframework.web.servlet.FrameworkServlet [http-nio-8080-exec-1] Completed initialization in 1 ms
2021-08-11 17:28:19,174 INFO util.FileUtils$Companion [Thread-7] Thread created: Thread-7.shashinscan
2021-08-11 17:28:19,229 INFO util.FileUtils$Companion [Thread-7] YAML metadata already exists: DSCF1061.JPG.yaml
2021-08-11 17:28:19,862 INFO util.FileUtils$Companion [Thread-7] Thumbnail already exists: DSCF1061.JPG.jpg
2021-08-11 17:29:34,893 INFO org.springframework.boot.StartupInfoLogger [restartedMain] Starting ShashinApplicationKt using Java 16.0.2 on LAPTOP-KQMN93J1 with PID 2584 (C:\Users\micha\IdeaProjects\shashin\target\classes started by micha in C:\Users\micha\IdeaProjects\shashin)
2021-08-11 17:29:34,897 INFO org.springframework.boot.SpringApplication [restartedMain] No active profile set, falling back to default profiles: default
2021-08-11 17:29:34,970 INFO org.springframework.boot.logging.DeferredLog [restartedMain] Devtools property defaults active! Set 'spring.devtools.add-properties' to 'false' to disable
2021-08-11 17:29:34,970 INFO org.springframework.boot.logging.DeferredLog [restartedMain] For additional web related logging consider setting the 'logging.level.web' property to 'DEBUG'
2021-08-11 17:29:36,269 INFO org.springframework.boot.web.embedded.tomcat.TomcatWebServer [restartedMain] Tomcat initialized with port(s): 8080 (http)
2021-08-11 17:29:36,283 INFO org.apache.juli.logging.DirectJDKLog [restartedMain] Initializing ProtocolHandler ["http-nio-8080"]
2021-08-11 17:29:36,284 INFO org.apache.juli.logging.DirectJDKLog [restartedMain] Starting service [Tomcat]
2021-08-11 17:29:36,285 INFO org.apache.juli.logging.DirectJDKLog [restartedMain] Starting Servlet engine: [Apache Tomcat/9.0.50]
2021-08-11 17:29:36,355 INFO org.apache.juli.logging.DirectJDKLog [restartedMain] Initializing Spring embedded WebApplicationContext
2021-08-11 17:29:36,355 INFO org.springframework.boot.web.servlet.context.ServletWebServerApplicationContext [restartedMain] Root WebApplicationContext: initialization completed in 1384 ms
2021-08-11 17:29:36,704 INFO org.springframework.boot.autoconfigure.web.servlet.WelcomePageHandlerMapping [restartedMain] Adding welcome page: class path resource [static/index.html]
2021-08-11 17:29:36,859 INFO org.springframework.boot.devtools.autoconfigure.OptionalLiveReloadServer [restartedMain] LiveReload server is running on port 35729
2021-08-11 17:29:36,879 INFO org.apache.juli.logging.DirectJDKLog [restartedMain] Starting ProtocolHandler ["http-nio-8080"]
2021-08-11 17:29:36,924 INFO org.springframework.boot.web.embedded.tomcat.TomcatWebServer [restartedMain] Tomcat started on port(s): 8080 (http) with context path ''
2021-08-11 17:29:36,938 INFO org.springframework.boot.StartupInfoLogger [restartedMain] Started ShashinApplicationKt in 2.586 seconds (JVM running for 3.471)
2021-08-11 17:29:37,835 INFO org.apache.juli.logging.DirectJDKLog [http-nio-8080-exec-1] Initializing Spring DispatcherServlet 'dispatcherServlet'
2021-08-11 17:29:37,836 INFO org.springframework.web.servlet.FrameworkServlet [http-nio-8080-exec-1] Initializing Servlet 'dispatcherServlet'
2021-08-11 17:29:37,838 INFO org.springframework.web.servlet.FrameworkServlet [http-nio-8080-exec-1] Completed initialization in 2 ms
2021-08-11 17:29:37,960 INFO util.FileUtils$Companion [Thread-7] Thread created: Thread-7.shashinscan
2021-08-11 17:29:38,022 INFO util.FileUtils$Companion [Thread-7] YAML metadata already exists: DSCF1061.JPG.yaml
2021-08-11 17:29:38,604 INFO util.FileUtils$Companion [Thread-7] Thumbnail already exists: DSCF1061.JPG.jpg
2021-08-11 17:30:29,456 INFO org.springframework.boot.StartupInfoLogger [restartedMain] Starting ShashinApplicationKt using Java 16.0.2 on LAPTOP-KQMN93J1 with PID 20248 (C:\Users\micha\IdeaProjects\shashin\target\classes started by micha in C:\Users\micha\IdeaProjects\shashin)
2021-08-11 17:30:29,460 INFO org.springframework.boot.SpringApplication [restartedMain] No active profile set, falling back to default profiles: default
2021-08-11 17:30:29,543 INFO org.springframework.boot.logging.DeferredLog [restartedMain] Devtools property defaults active! Set 'spring.devtools.add-properties' to 'false' to disable
2021-08-11 17:30:29,544 INFO org.springframework.boot.logging.DeferredLog [restartedMain] For additional web related logging consider setting the 'logging.level.web' property to 'DEBUG'
2021-08-11 17:30:30,952 INFO org.springframework.boot.web.embedded.tomcat.TomcatWebServer [restartedMain] Tomcat initialized with port(s): 8080 (http)
2021-08-11 17:30:30,962 INFO org.apache.juli.logging.DirectJDKLog [restartedMain] Initializing ProtocolHandler ["http-nio-8080"]
2021-08-11 17:30:30,963 INFO org.apache.juli.logging.DirectJDKLog [restartedMain] Starting service [Tomcat]
2021-08-11 17:30:30,964 INFO org.apache.juli.logging.DirectJDKLog [restartedMain] Starting Servlet engine: [Apache Tomcat/9.0.50]
2021-08-11 17:30:31,038 INFO org.apache.juli.logging.DirectJDKLog [restartedMain] Initializing Spring embedded WebApplicationContext
2021-08-11 17:30:31,038 INFO org.springframework.boot.web.servlet.context.ServletWebServerApplicationContext [restartedMain] Root WebApplicationContext: initialization completed in 1493 ms
2021-08-11 17:30:31,321 INFO org.springframework.boot.autoconfigure.web.servlet.WelcomePageHandlerMapping [restartedMain] Adding welcome page: class path resource [static/index.html]
2021-08-11 17:30:31,468 INFO org.springframework.boot.devtools.autoconfigure.OptionalLiveReloadServer [restartedMain] LiveReload server is running on port 35729
2021-08-11 17:30:31,485 INFO org.apache.juli.logging.DirectJDKLog [restartedMain] Starting ProtocolHandler ["http-nio-8080"]
2021-08-11 17:30:31,528 INFO org.springframework.boot.web.embedded.tomcat.TomcatWebServer [restartedMain] Tomcat started on port(s): 8080 (http) with context path ''
2021-08-11 17:30:31,546 INFO org.springframework.boot.StartupInfoLogger [restartedMain] Started ShashinApplicationKt in 2.639 seconds (JVM running for 3.499)
2021-08-11 17:30:31,595 INFO org.apache.juli.logging.DirectJDKLog [http-nio-8080-exec-1] Initializing Spring DispatcherServlet 'dispatcherServlet'
2021-08-11 17:30:31,597 INFO org.springframework.web.servlet.FrameworkServlet [http-nio-8080-exec-1] Initializing Servlet 'dispatcherServlet'
2021-08-11 17:30:31,599 INFO org.springframework.web.servlet.FrameworkServlet [http-nio-8080-exec-1] Completed initialization in 1 ms
2021-08-11 17:30:31,752 INFO util.FileUtils$Companion [Thread-7] Thread created: Thread-7.shashinscan
2021-08-11 17:30:31,818 INFO util.FileUtils$Companion [Thread-7] YAML metadata already exists: DSCF1061.JPG.yaml
2021-08-11 17:30:32,456 INFO util.FileUtils$Companion [Thread-7] Thumbnail already exists: DSCF1061.JPG.jpg
2021-08-11 17:33:40,082 INFO org.springframework.boot.StartupInfoLogger [restartedMain] Starting ShashinApplicationKt using Java 16.0.2 on LAPTOP-KQMN93J1 with PID 20216 (C:\Users\micha\IdeaProjects\shashin\target\classes started by micha in C:\Users\micha\IdeaProjects\shashin)
2021-08-11 17:33:40,087 INFO org.springframework.boot.SpringApplication [restartedMain] No active profile set, falling back to default profiles: default
2021-08-11 17:33:40,171 INFO org.springframework.boot.logging.DeferredLog [restartedMain] Devtools property defaults active! Set 'spring.devtools.add-properties' to 'false' to disable
2021-08-11 17:33:40,171 INFO org.springframework.boot.logging.DeferredLog [restartedMain] For additional web related logging consider setting the 'logging.level.web' property to 'DEBUG'
2021-08-11 17:33:41,684 INFO org.springframework.boot.web.embedded.tomcat.TomcatWebServer [restartedMain] Tomcat initialized with port(s): 8080 (http)
2021-08-11 17:33:41,694 INFO org.apache.juli.logging.DirectJDKLog [restartedMain] Initializing ProtocolHandler ["http-nio-8080"]
2021-08-11 17:33:41,695 INFO org.apache.juli.logging.DirectJDKLog [restartedMain] Starting service [Tomcat]
2021-08-11 17:33:41,696 INFO org.apache.juli.logging.DirectJDKLog [restartedMain] Starting Servlet engine: [Apache Tomcat/9.0.50]
2021-08-11 17:33:41,785 INFO org.apache.juli.logging.DirectJDKLog [restartedMain] Initializing Spring embedded WebApplicationContext
2021-08-11 17:33:41,785 INFO org.springframework.boot.web.servlet.context.ServletWebServerApplicationContext [restartedMain] Root WebApplicationContext: initialization completed in 1613 ms
2021-08-11 17:33:42,081 INFO org.springframework.boot.autoconfigure.web.servlet.WelcomePageHandlerMapping [restartedMain] Adding welcome page: class path resource [static/index.html]
2021-08-11 17:33:42,230 INFO org.springframework.boot.devtools.autoconfigure.OptionalLiveReloadServer [restartedMain] LiveReload server is running on port 35729
2021-08-11 17:33:42,247 INFO org.apache.juli.logging.DirectJDKLog [restartedMain] Starting ProtocolHandler ["http-nio-8080"]
2021-08-11 17:33:42,289 INFO org.springframework.boot.web.embedded.tomcat.TomcatWebServer [restartedMain] Tomcat started on port(s): 8080 (http) with context path ''
2021-08-11 17:33:42,306 INFO org.springframework.boot.StartupInfoLogger [restartedMain] Started ShashinApplicationKt in 2.893 seconds (JVM running for 3.897)
2021-08-11 17:33:44,433 INFO org.apache.juli.logging.DirectJDKLog [http-nio-8080-exec-1] Initializing Spring DispatcherServlet 'dispatcherServlet'
2021-08-11 17:33:44,434 INFO org.springframework.web.servlet.FrameworkServlet [http-nio-8080-exec-1] Initializing Servlet 'dispatcherServlet'
2021-08-11 17:33:44,435 INFO org.springframework.web.servlet.FrameworkServlet [http-nio-8080-exec-1] Completed initialization in 1 ms
2021-08-11 17:33:44,555 INFO util.FileUtils$Companion [Thread-7] Thread created: Thread-7.shashinscan
2021-08-11 17:33:44,613 INFO util.FileUtils$Companion [Thread-7] YAML metadata already exists: DSCF1061.JPG.yaml
2021-08-11 17:33:45,140 INFO util.FileUtils$Companion [Thread-7] Thumbnail already exists: DSCF1061.JPG.jpg
2021-08-11 17:36:16,012 INFO org.springframework.boot.StartupInfoLogger [restartedMain] Starting ShashinApplicationKt using Java 16.0.2 on LAPTOP-KQMN93J1 with PID 19768 (C:\Users\micha\IdeaProjects\shashin\target\classes started by micha in C:\Users\micha\IdeaProjects\shashin)
2021-08-11 17:36:16,015 INFO org.springframework.boot.SpringApplication [restartedMain] No active profile set, falling back to default profiles: default
2021-08-11 17:36:16,081 INFO org.springframework.boot.logging.DeferredLog [restartedMain] Devtools property defaults active! Set 'spring.devtools.add-properties' to 'false' to disable
2021-08-11 17:36:16,082 INFO org.springframework.boot.logging.DeferredLog [restartedMain] For additional web related logging consider setting the 'logging.level.web' property to 'DEBUG'
2021-08-11 17:36:17,497 INFO org.springframework.boot.web.embedded.tomcat.TomcatWebServer [restartedMain] Tomcat initialized with port(s): 8080 (http)
2021-08-11 17:36:17,505 INFO org.apache.juli.logging.DirectJDKLog [restartedMain] Initializing ProtocolHandler ["http-nio-8080"]
2021-08-11 17:36:17,506 INFO org.apache.juli.logging.DirectJDKLog [restartedMain] Starting service [Tomcat]
2021-08-11 17:36:17,506 INFO org.apache.juli.logging.DirectJDKLog [restartedMain] Starting Servlet engine: [Apache Tomcat/9.0.50]
2021-08-11 17:36:17,584 INFO org.apache.juli.logging.DirectJDKLog [restartedMain] Initializing Spring embedded WebApplicationContext
2021-08-11 17:36:17,585 INFO org.springframework.boot.web.servlet.context.ServletWebServerApplicationContext [restartedMain] Root WebApplicationContext: initialization completed in 1502 ms
2021-08-11 17:36:17,840 INFO org.springframework.boot.autoconfigure.web.servlet.WelcomePageHandlerMapping [restartedMain] Adding welcome page: class path resource [static/index.html]
2021-08-11 17:36:17,993 INFO org.springframework.boot.devtools.autoconfigure.OptionalLiveReloadServer [restartedMain] LiveReload server is running on port 35729
2021-08-11 17:36:18,015 INFO org.apache.juli.logging.DirectJDKLog [restartedMain] Starting ProtocolHandler ["http-nio-8080"]
2021-08-11 17:36:18,062 INFO org.springframework.boot.web.embedded.tomcat.TomcatWebServer [restartedMain] Tomcat started on port(s): 8080 (http) with context path ''
2021-08-11 17:36:18,076 INFO org.springframework.boot.StartupInfoLogger [restartedMain] Started ShashinApplicationKt in 3.339 seconds (JVM running for 5.261)
2021-08-11 17:36:18,182 INFO org.apache.juli.logging.DirectJDKLog [http-nio-8080-exec-1] Initializing Spring DispatcherServlet 'dispatcherServlet'
2021-08-11 17:36:18,183 INFO org.springframework.web.servlet.FrameworkServlet [http-nio-8080-exec-1] Initializing Servlet 'dispatcherServlet'
2021-08-11 17:36:18,185 INFO org.springframework.web.servlet.FrameworkServlet [http-nio-8080-exec-1] Completed initialization in 1 ms
2021-08-11 17:36:18,315 INFO util.FileUtils$Companion [Thread-7] Thread created: Thread-7.shashinscan
2021-08-11 17:36:18,391 INFO util.FileUtils$Companion [Thread-7] YAML metadata already exists: DSCF1061.JPG.yaml
2021-08-11 17:36:19,076 INFO util.FileUtils$Companion [Thread-7] Thumbnail already exists: DSCF1061.JPG.jpg
2021-08-11 17:37:08,203 INFO org.springframework.boot.StartupInfoLogger [restartedMain] Starting ShashinApplicationKt using Java 16.0.2 on LAPTOP-KQMN93J1 with PID 2436 (C:\Users\micha\IdeaProjects\shashin\target\classes started by micha in C:\Users\micha\IdeaProjects\shashin)
2021-08-11 17:37:08,207 INFO org.springframework.boot.SpringApplication [restartedMain] No active profile set, falling back to default profiles: default
2021-08-11 17:37:08,276 INFO org.springframework.boot.logging.DeferredLog [restartedMain] Devtools property defaults active! Set 'spring.devtools.add-properties' to 'false' to disable
2021-08-11 17:37:08,277 INFO org.springframework.boot.logging.DeferredLog [restartedMain] For additional web related logging consider setting the 'logging.level.web' property to 'DEBUG'
2021-08-11 17:37:09,643 INFO org.springframework.boot.web.embedded.tomcat.TomcatWebServer [restartedMain] Tomcat initialized with port(s): 8080 (http)
2021-08-11 17:37:09,671 INFO org.apache.juli.logging.DirectJDKLog [restartedMain] Initializing ProtocolHandler ["http-nio-8080"]
2021-08-11 17:37:09,672 INFO org.apache.juli.logging.DirectJDKLog [restartedMain] Starting service [Tomcat]
2021-08-11 17:37:09,673 INFO org.apache.juli.logging.DirectJDKLog [restartedMain] Starting Servlet engine: [Apache Tomcat/9.0.50]
2021-08-11 17:37:09,757 INFO org.apache.juli.logging.DirectJDKLog [restartedMain] Initializing Spring embedded WebApplicationContext
2021-08-11 17:37:09,757 INFO org.springframework.boot.web.servlet.context.ServletWebServerApplicationContext [restartedMain] Root WebApplicationContext: initialization completed in 1479 ms
2021-08-11 17:37:10,050 INFO org.springframework.boot.autoconfigure.web.servlet.WelcomePageHandlerMapping [restartedMain] Adding welcome page: class path resource [static/index.html]
2021-08-11 17:37:10,235 INFO org.springframework.boot.devtools.autoconfigure.OptionalLiveReloadServer [restartedMain] LiveReload server is running on port 35729
2021-08-11 17:37:10,264 INFO org.apache.juli.logging.DirectJDKLog [restartedMain] Starting ProtocolHandler ["http-nio-8080"]
2021-08-11 17:37:10,342 INFO org.springframework.boot.web.embedded.tomcat.TomcatWebServer [restartedMain] Tomcat started on port(s): 8080 (http) with context path ''
2021-08-11 17:37:10,366 INFO org.springframework.boot.StartupInfoLogger [restartedMain] Started ShashinApplicationKt in 2.827 seconds (JVM running for 4.211)
2021-08-11 17:37:10,528 INFO org.apache.juli.logging.DirectJDKLog [http-nio-8080-exec-1] Initializing Spring DispatcherServlet 'dispatcherServlet'
2021-08-11 17:37:10,529 INFO org.springframework.web.servlet.FrameworkServlet [http-nio-8080-exec-1] Initializing Servlet 'dispatcherServlet'
2021-08-11 17:37:10,531 INFO org.springframework.web.servlet.FrameworkServlet [http-nio-8080-exec-1] Completed initialization in 2 ms
2021-08-11 17:37:10,742 INFO util.FileUtils$Companion [Thread-7] Thread created: Thread-7.shashinscan
2021-08-11 17:37:10,823 INFO util.FileUtils$Companion [Thread-7] YAML metadata already exists: DSCF1061.JPG.yaml
2021-08-11 17:37:11,730 INFO util.FileUtils$Companion [Thread-7] Thumbnail already exists: DSCF1061.JPG.jpg
2021-08-11 17:38:26,799 INFO org.springframework.boot.StartupInfoLogger [restartedMain] Starting ShashinApplicationKt using Java 16.0.2 on LAPTOP-KQMN93J1 with PID 11672 (C:\Users\micha\IdeaProjects\shashin\target\classes started by micha in C:\Users\micha\IdeaProjects\shashin)
2021-08-11 17:38:26,803 INFO org.springframework.boot.SpringApplication [restartedMain] No active profile set, falling back to default profiles: default
2021-08-11 17:38:26,886 INFO org.springframework.boot.logging.DeferredLog [restartedMain] Devtools property defaults active! Set 'spring.devtools.add-properties' to 'false' to disable
2021-08-11 17:38:26,887 INFO org.springframework.boot.logging.DeferredLog [restartedMain] For additional web related logging consider setting the 'logging.level.web' property to 'DEBUG'
2021-08-11 17:38:28,194 INFO org.springframework.boot.web.embedded.tomcat.TomcatWebServer [restartedMain] Tomcat initialized with port(s): 8080 (http)
2021-08-11 17:38:28,206 INFO org.apache.juli.logging.DirectJDKLog [restartedMain] Initializing ProtocolHandler ["http-nio-8080"]
2021-08-11 17:38:28,207 INFO org.apache.juli.logging.DirectJDKLog [restartedMain] Starting service [Tomcat]
2021-08-11 17:38:28,207 INFO org.apache.juli.logging.DirectJDKLog [restartedMain] Starting Servlet engine: [Apache Tomcat/9.0.50]
2021-08-11 17:38:28,277 INFO org.apache.juli.logging.DirectJDKLog [restartedMain] Initializing Spring embedded WebApplicationContext
2021-08-11 17:38:28,277 INFO org.springframework.boot.web.servlet.context.ServletWebServerApplicationContext [restartedMain] Root WebApplicationContext: initialization completed in 1389 ms
2021-08-11 17:38:28,556 INFO org.springframework.boot.autoconfigure.web.servlet.WelcomePageHandlerMapping [restartedMain] Adding welcome page: class path resource [static/index.html]
2021-08-11 17:38:28,715 INFO org.springframework.boot.devtools.autoconfigure.OptionalLiveReloadServer [restartedMain] LiveReload server is running on port 35729
2021-08-11 17:38:28,735 INFO org.apache.juli.logging.DirectJDKLog [restartedMain] Starting ProtocolHandler ["http-nio-8080"]
2021-08-11 17:38:28,782 INFO org.springframework.boot.web.embedded.tomcat.TomcatWebServer [restartedMain] Tomcat started on port(s): 8080 (http) with context path ''
2021-08-11 17:38:28,797 INFO org.springframework.boot.StartupInfoLogger [restartedMain] Started ShashinApplicationKt in 2.645 seconds (JVM running for 3.557)
2021-08-11 17:38:28,898 INFO org.apache.juli.logging.DirectJDKLog [http-nio-8080-exec-1] Initializing Spring DispatcherServlet 'dispatcherServlet'
2021-08-11 17:38:28,899 INFO org.springframework.web.servlet.FrameworkServlet [http-nio-8080-exec-1] Initializing Servlet 'dispatcherServlet'
2021-08-11 17:38:28,900 INFO org.springframework.web.servlet.FrameworkServlet [http-nio-8080-exec-1] Completed initialization in 1 ms
2021-08-11 17:38:29,025 INFO util.FileUtils$Companion [Thread-7] Thread created: Thread-7.shashinscan
2021-08-11 17:38:29,084 INFO util.FileUtils$Companion [Thread-7] YAML metadata already exists: DSCF1061.JPG.yaml
2021-08-11 17:38:29,752 INFO util.FileUtils$Companion [Thread-7] Thumbnail already exists: DSCF1061.JPG.jpg
2021-08-11 17:38:29,776 INFO util.FileUtils$Companion [Thread-7] YAML metadata already exists: DSCF1062.JPG.yaml
2021-08-11 17:38:30,307 INFO util.FileUtils$Companion [Thread-7] Thumbnail already exists: DSCF1062.JPG.jpg
2021-08-11 17:38:30,327 INFO util.FileUtils$Companion [Thread-7] YAML metadata already exists: DSCF1063.JPG.yaml
2021-08-11 17:38:30,819 INFO util.FileUtils$Companion [Thread-7] Thumbnail already exists: DSCF1063.JPG.jpg
2021-08-11 17:38:30,834 INFO util.FileUtils$Companion [Thread-7] YAML metadata already exists: DSCF1080.JPG.yaml
2021-08-11 17:38:31,186 INFO util.FileUtils$Companion [Thread-7] Thumbnail already exists: DSCF1080.JPG.jpg
2021-08-11 17:38:31,199 INFO util.FileUtils$Companion [Thread-7] YAML metadata already exists: DSCF1074.JPG.yaml
2021-08-11 17:38:31,563 INFO util.FileUtils$Companion [Thread-7] Thumbnail already exists: DSCF1074.JPG.jpg
2021-08-11 17:38:31,577 INFO util.FileUtils$Companion [Thread-7] YAML metadata already exists: DSCF1075.JPG.yaml
2021-08-11 17:38:31,952 INFO util.FileUtils$Companion [Thread-7] Thumbnail already exists: DSCF1075.JPG.jpg
2021-08-11 17:38:31,965 INFO util.FileUtils$Companion [Thread-7] YAML metadata already exists: DSCF1076.JPG.yaml
2021-08-11 17:38:32,315 INFO util.FileUtils$Companion [Thread-7] Thumbnail already exists: DSCF1076.JPG.jpg
2021-08-11 17:38:32,325 INFO util.FileUtils$Companion [Thread-7] YAML metadata already exists: DSCF1077.JPG.yaml
2021-08-11 17:38:32,671 INFO util.FileUtils$Companion [Thread-7] Thumbnail already exists: DSCF1077.JPG.jpg
2021-08-11 17:38:32,684 INFO util.FileUtils$Companion [Thread-7] YAML metadata already exists: DSCF1078.JPG.yaml
2021-08-11 17:38:33,027 INFO util.FileUtils$Companion [Thread-7] Thumbnail already exists: DSCF1078.JPG.jpg
2021-08-11 17:38:33,040 INFO util.FileUtils$Companion [Thread-7] YAML metadata already exists: DSCF1079.JPG.yaml
2021-08-11 17:38:33,378 INFO util.FileUtils$Companion [Thread-7] Thumbnail already exists: DSCF1079.JPG.jpg
2021-08-11 17:38:33,433 INFO util.FileUtils$Companion [Thread-7] YAML metadata already exists: DSCF1061.JPG.jpg.yaml
2021-08-11 17:38:33,438 INFO util.FileUtils$Companion [Thread-7] Thumbnail already exists: DSCF1061.JPG.jpg.jpg
2021-08-11 17:38:33,454 INFO util.FileUtils$Companion [Thread-7] YAML metadata already exists: DSCF1062.JPG.jpg.yaml
2021-08-11 17:38:33,458 INFO util.FileUtils$Companion [Thread-7] Thumbnail already exists: DSCF1062.JPG.jpg.jpg
2021-08-11 17:38:33,475 INFO util.FileUtils$Companion [Thread-7] YAML metadata already exists: DSCF1063.JPG.jpg.yaml
2021-08-11 17:38:33,478 INFO util.FileUtils$Companion [Thread-7] Thumbnail already exists: DSCF1063.JPG.jpg.jpg
2021-08-11 17:38:33,493 INFO util.FileUtils$Companion [Thread-7] YAML metadata already exists: DSCF1080.JPG.jpg.yaml
2021-08-11 17:38:33,497 INFO util.FileUtils$Companion [Thread-7] Thumbnail already exists: DSCF1080.JPG.jpg.jpg
2021-08-11 17:38:33,523 INFO util.FileUtils$Companion [Thread-7] YAML metadata already exists: DSCF1074.JPG.jpg.yaml
2021-08-11 17:38:33,527 INFO util.FileUtils$Companion [Thread-7] Thumbnail already exists: DSCF1074.JPG.jpg.jpg
2021-08-11 17:38:33,542 INFO util.FileUtils$Companion [Thread-7] YAML metadata already exists: DSCF1075.JPG.jpg.yaml
2021-08-11 17:38:33,546 INFO util.FileUtils$Companion [Thread-7] Thumbnail already exists: DSCF1075.JPG.jpg.jpg
2021-08-11 17:38:33,561 INFO util.FileUtils$Companion [Thread-7] YAML metadata already exists: DSCF1076.JPG.jpg.yaml
2021-08-11 17:38:33,566 INFO util.FileUtils$Companion [Thread-7] Thumbnail already exists: DSCF1076.JPG.jpg.jpg
2021-08-11 17:38:33,583 INFO util.FileUtils$Companion [Thread-7] YAML metadata already exists: DSCF1077.JPG.jpg.yaml
2021-08-11 17:38:33,587 INFO util.FileUtils$Companion [Thread-7] Thumbnail already exists: DSCF1077.JPG.jpg.jpg
2021-08-11 17:38:33,603 INFO util.FileUtils$Companion [Thread-7] YAML metadata already exists: DSCF1078.JPG.jpg.yaml
2021-08-11 17:38:33,607 INFO util.FileUtils$Companion [Thread-7] Thumbnail already exists: DSCF1078.JPG.jpg.jpg
2021-08-11 17:38:33,621 INFO util.FileUtils$Companion [Thread-7] YAML metadata already exists: DSCF1079.JPG.jpg.yaml
2021-08-11 17:38:33,625 INFO util.FileUtils$Companion [Thread-7] Thumbnail already exists: DSCF1079.JPG.jpg.jpg
2021-08-11 17:38:33,642 INFO util.FileUtils$Companion [Thread-7] YAML metadata already exists: DSCF1061.JPG.jpg.jpg.yaml
2021-08-11 17:38:33,646 INFO util.FileUtils$Companion [Thread-7] Thumbnail already exists: DSCF1061.JPG.jpg.jpg.jpg
2021-08-11 17:38:33,664 INFO util.FileUtils$Companion [Thread-7] YAML metadata already exists: DSCF1062.JPG.jpg.jpg.yaml
2021-08-11 17:38:33,667 INFO util.FileUtils$Companion [Thread-7] Thumbnail already exists: DSCF1062.JPG.jpg.jpg.jpg
2021-08-11 17:38:33,685 INFO util.FileUtils$Companion [Thread-7] YAML metadata already exists: DSCF1063.JPG.jpg.jpg.yaml
2021-08-11 17:38:33,690 INFO util.FileUtils$Companion [Thread-7] Thumbnail already exists: DSCF1063.JPG.jpg.jpg.jpg
2021-08-11 17:38:33,705 INFO util.FileUtils$Companion [Thread-7] YAML metadata already exists: DSCF1080.JPG.jpg.jpg.yaml
2021-08-11 17:38:33,709 INFO util.FileUtils$Companion [Thread-7] Thumbnail already exists: DSCF1080.JPG.jpg.jpg.jpg
2021-08-11 17:38:33,724 INFO util.FileUtils$Companion [Thread-7] YAML metadata already exists: DSCF1074.JPG.jpg.jpg.yaml
2021-08-11 17:38:33,728 INFO util.FileUtils$Companion [Thread-7] Thumbnail already exists: DSCF1074.JPG.jpg.jpg.jpg
2021-08-11 17:38:33,745 INFO util.FileUtils$Companion [Thread-7] YAML metadata already exists: DSCF1075.JPG.jpg.jpg.yaml
2021-08-11 17:38:33,751 INFO util.FileUtils$Companion [Thread-7] Thumbnail already exists: DSCF1075.JPG.jpg.jpg.jpg
2021-08-11 17:38:33,766 INFO util.FileUtils$Companion [Thread-7] YAML metadata already exists: DSCF1076.JPG.jpg.jpg.yaml
2021-08-11 17:38:33,769 INFO util.FileUtils$Companion [Thread-7] Thumbnail already exists: DSCF1076.JPG.jpg.jpg.jpg
2021-08-11 17:38:33,787 INFO util.FileUtils$Companion [Thread-7] YAML metadata already exists: DSCF1077.JPG.jpg.jpg.yaml
2021-08-11 17:38:33,790 INFO util.FileUtils$Companion [Thread-7] Thumbnail already exists: DSCF1077.JPG.jpg.jpg.jpg
2021-08-11 17:38:33,804 INFO util.FileUtils$Companion [Thread-7] YAML metadata already exists: DSCF1078.JPG.jpg.jpg.yaml
2021-08-11 17:38:33,808 INFO util.FileUtils$Companion [Thread-7] Thumbnail already exists: DSCF1078.JPG.jpg.jpg.jpg
2021-08-11 17:38:33,823 INFO util.FileUtils$Companion [Thread-7] YAML metadata already exists: DSCF1079.JPG.jpg.jpg.yaml
2021-08-11 17:38:33,827 INFO util.FileUtils$Companion [Thread-7] Thumbnail already exists: DSCF1079.JPG.jpg.jpg.jpg
2021-08-11 17:38:33,842 INFO util.FileUtils$Companion [Thread-7] YAML metadata already exists: DSCF1061.JPG.jpg.jpg.jpg.yaml
2021-08-11 17:38:33,847 INFO util.FileUtils$Companion [Thread-7] Thumbnail already exists: DSCF1061.JPG.jpg.jpg.jpg.jpg
2021-08-11 17:38:33,864 INFO util.FileUtils$Companion [Thread-7] YAML metadata already exists: DSCF1062.JPG.jpg.jpg.jpg.yaml
2021-08-11 17:38:33,868 INFO util.FileUtils$Companion [Thread-7] Thumbnail already exists: DSCF1062.JPG.jpg.jpg.jpg.jpg
2021-08-11 17:38:33,885 INFO util.FileUtils$Companion [Thread-7] YAML metadata already exists: DSCF1063.JPG.jpg.jpg.jpg.yaml
2021-08-11 17:38:33,889 INFO util.FileUtils$Companion [Thread-7] Thumbnail already exists: DSCF1063.JPG.jpg.jpg.jpg.jpg
2021-08-11 17:38:33,902 INFO util.FileUtils$Companion [Thread-7] YAML metadata already exists: DSCF1080.JPG.jpg.jpg.jpg.yaml
2021-08-11 17:38:33,906 INFO util.FileUtils$Companion [Thread-7] Thumbnail already exists: DSCF1080.JPG.jpg.jpg.jpg.jpg
2021-08-11 17:38:33,921 INFO util.FileUtils$Companion [Thread-7] YAML metadata already exists: DSCF1074.JPG.jpg.jpg.jpg.yaml
2021-08-11 17:38:33,924 INFO util.FileUtils$Companion [Thread-7] Thumbnail already exists: DSCF1074.JPG.jpg.jpg.jpg.jpg
2021-08-11 17:38:33,938 INFO util.FileUtils$Companion [Thread-7] YAML metadata already exists: DSCF1075.JPG.jpg.jpg.jpg.yaml
2021-08-11 17:38:33,941 INFO util.FileUtils$Companion [Thread-7] Thumbnail already exists: DSCF1075.JPG.jpg.jpg.jpg.jpg
2021-08-11 17:38:33,955 INFO util.FileUtils$Companion [Thread-7] YAML metadata already exists: DSCF1076.JPG.jpg.jpg.jpg.yaml
2021-08-11 17:38:33,958 INFO util.FileUtils$Companion [Thread-7] Thumbnail already exists: DSCF1076.JPG.jpg.jpg.jpg.jpg
2021-08-11 17:38:33,972 INFO util.FileUtils$Companion [Thread-7] YAML metadata already exists: DSCF1077.JPG.jpg.jpg.jpg.yaml
2021-08-11 17:38:33,975 INFO util.FileUtils$Companion [Thread-7] Thumbnail already exists: DSCF1077.JPG.jpg.jpg.jpg.jpg
2021-08-11 17:38:33,989 INFO util.FileUtils$Companion [Thread-7] YAML metadata already exists: DSCF1078.JPG.jpg.jpg.jpg.yaml
2021-08-11 17:38:33,993 INFO util.FileUtils$Companion [Thread-7] Thumbnail already exists: DSCF1078.JPG.jpg.jpg.jpg.jpg
2021-08-11 17:38:34,007 INFO util.FileUtils$Companion [Thread-7] YAML metadata already exists: DSCF1079.JPG.jpg.jpg.jpg.yaml
2021-08-11 17:38:34,010 INFO util.FileUtils$Companion [Thread-7] Thumbnail already exists: DSCF1079.JPG.jpg.jpg.jpg.jpg
2021-08-11 17:38:34,025 INFO util.FileUtils$Companion [Thread-7] YAML metadata already exists: DSCF1061.JPG.jpg.jpg.jpg.jpg.yaml
2021-08-11 17:38:34,030 INFO util.FileUtils$Companion [Thread-7] Thumbnail already exists: DSCF1061.JPG.jpg.jpg.jpg.jpg.jpg
2021-08-11 17:38:34,046 INFO util.FileUtils$Companion [Thread-7] YAML metadata already exists: DSCF1062.JPG.jpg.jpg.jpg.jpg.yaml
2021-08-11 17:38:34,050 INFO util.FileUtils$Companion [Thread-7] Thumbnail already exists: DSCF1062.JPG.jpg.jpg.jpg.jpg.jpg
2021-08-11 17:38:34,066 INFO util.FileUtils$Companion [Thread-7] YAML metadata already exists: DSCF1063.JPG.jpg.jpg.jpg.jpg.yaml
2021-08-11 17:38:34,071 INFO util.FileUtils$Companion [Thread-7] Thumbnail already exists: DSCF1063.JPG.jpg.jpg.jpg.jpg.jpg
2021-08-11 17:38:34,087 INFO util.FileUtils$Companion [Thread-7] YAML metadata already exists: DSCF1080.JPG.jpg.jpg.jpg.jpg.yaml
2021-08-11 17:38:34,091 INFO util.FileUtils$Companion [Thread-7] Thumbnail already exists: DSCF1080.JPG.jpg.jpg.jpg.jpg.jpg
2021-08-11 17:38:34,107 INFO util.FileUtils$Companion [Thread-7] YAML metadata already exists: DSCF1074.JPG.jpg.jpg.jpg.jpg.yaml
2021-08-11 17:38:34,111 INFO util.FileUtils$Companion [Thread-7] Thumbnail already exists: DSCF1074.JPG.jpg.jpg.jpg.jpg.jpg
2021-08-11 17:38:34,126 INFO util.FileUtils$Companion [Thread-7] YAML metadata already exists: DSCF1075.JPG.jpg.jpg.jpg.jpg.yaml
2021-08-11 17:38:34,130 INFO util.FileUtils$Companion [Thread-7] Thumbnail already exists: DSCF1075.JPG.jpg.jpg.jpg.jpg.jpg
2021-08-11 17:38:34,143 INFO util.FileUtils$Companion [Thread-7] YAML metadata already exists: DSCF1076.JPG.jpg.jpg.jpg.jpg.yaml
2021-08-11 17:38:34,148 INFO util.FileUtils$Companion [Thread-7] Thumbnail already exists: DSCF1076.JPG.jpg.jpg.jpg.jpg.jpg
2021-08-11 17:38:34,163 INFO util.FileUtils$Companion [Thread-7] YAML metadata already exists: DSCF1077.JPG.jpg.jpg.jpg.jpg.yaml
2021-08-11 17:38:34,166 INFO util.FileUtils$Companion [Thread-7] Thumbnail already exists: DSCF1077.JPG.jpg.jpg.jpg.jpg.jpg
2021-08-11 17:38:34,180 INFO util.FileUtils$Companion [Thread-7] YAML metadata already exists: DSCF1078.JPG.jpg.jpg.jpg.jpg.yaml
2021-08-11 17:38:34,183 INFO util.FileUtils$Companion [Thread-7] Thumbnail already exists: DSCF1078.JPG.jpg.jpg.jpg.jpg.jpg
2021-08-11 17:38:34,197 INFO util.FileUtils$Companion [Thread-7] YAML metadata already exists: DSCF1079.JPG.jpg.jpg.jpg.jpg.yaml
2021-08-11 17:38:34,200 INFO util.FileUtils$Companion [Thread-7] Thumbnail already exists: DSCF1079.JPG.jpg.jpg.jpg.jpg.jpg
2021-08-11 17:38:34,215 INFO util.FileUtils$Companion [Thread-7] YAML metadata already exists: DSCF1061.JPG.jpg.jpg.jpg.jpg.jpg.yaml
2021-08-11 17:38:34,219 INFO util.FileUtils$Companion [Thread-7] Thumbnail already exists: DSCF1061.JPG.jpg.jpg.jpg.jpg.jpg.jpg
2021-08-11 17:38:34,234 INFO util.FileUtils$Companion [Thread-7] YAML metadata already exists: DSCF1062.JPG.jpg.jpg.jpg.jpg.jpg.yaml
2021-08-11 17:38:34,237 INFO util.FileUtils$Companion [Thread-7] Thumbnail already exists: DSCF1062.JPG.jpg.jpg.jpg.jpg.jpg.jpg
2021-08-11 17:38:34,252 INFO util.FileUtils$Companion [Thread-7] YAML metadata already exists: DSCF1063.JPG.jpg.jpg.jpg.jpg.jpg.yaml
2021-08-11 17:38:34,255 INFO util.FileUtils$Companion [Thread-7] Thumbnail already exists: DSCF1063.JPG.jpg.jpg.jpg.jpg.jpg.jpg
2021-08-11 17:38:34,269 INFO util.FileUtils$Companion [Thread-7] YAML metadata already exists: DSCF1080.JPG.jpg.jpg.jpg.jpg.jpg.yaml
2021-08-11 17:38:34,273 INFO util.FileUtils$Companion [Thread-7] Thumbnail already exists: DSCF1080.JPG.jpg.jpg.jpg.jpg.jpg.jpg
2021-08-11 17:38:34,288 INFO util.FileUtils$Companion [Thread-7] YAML metadata already exists: DSCF1074.JPG.jpg.jpg.jpg.jpg.jpg.yaml
2021-08-11 17:38:34,292 INFO util.FileUtils$Companion [Thread-7] Thumbnail already exists: DSCF1074.JPG.jpg.jpg.jpg.jpg.jpg.jpg
2021-08-11 17:38:34,307 INFO util.FileUtils$Companion [Thread-7] YAML metadata already exists: DSCF1075.JPG.jpg.jpg.jpg.jpg.jpg.yaml
2021-08-11 17:38:34,311 INFO util.FileUtils$Companion [Thread-7] Thumbnail already exists: DSCF1075.JPG.jpg.jpg.jpg.jpg.jpg.jpg
2021-08-11 17:38:34,326 INFO util.FileUtils$Companion [Thread-7] YAML metadata already exists: DSCF1076.JPG.jpg.jpg.jpg.jpg.jpg.yaml
2021-08-11 17:38:34,330 INFO util.FileUtils$Companion [Thread-7] Thumbnail already exists: DSCF1076.JPG.jpg.jpg.jpg.jpg.jpg.jpg
2021-08-11 17:38:34,343 INFO util.FileUtils$Companion [Thread-7] YAML metadata already exists: DSCF1077.JPG.jpg.jpg.jpg.jpg.jpg.yaml
2021-08-11 17:38:34,346 INFO util.FileUtils$Companion [Thread-7] Thumbnail already exists: DSCF1077.JPG.jpg.jpg.jpg.jpg.jpg.jpg
2021-08-11 17:38:34,360 INFO util.FileUtils$Companion [Thread-7] YAML metadata already exists: DSCF1078.JPG.jpg.jpg.jpg.jpg.jpg.yaml
2021-08-11 17:38:34,364 INFO util.FileUtils$Companion [Thread-7] Thumbnail already exists: DSCF1078.JPG.jpg.jpg.jpg.jpg.jpg.jpg
2021-08-11 17:38:34,377 INFO util.FileUtils$Companion [Thread-7] YAML metadata already exists: DSCF1079.JPG.jpg.jpg.jpg.jpg.jpg.yaml
2021-08-11 17:38:34,380 INFO util.FileUtils$Companion [Thread-7] Thumbnail already exists: DSCF1079.JPG.jpg.jpg.jpg.jpg.jpg.jpg
2021-08-11 17:38:34,397 INFO util.FileUtils$Companion [Thread-7] YAML metadata already exists: DSCF1061.JPG.jpg.jpg.jpg.jpg.jpg.jpg.yaml
2021-08-11 17:38:34,402 INFO util.FileUtils$Companion [Thread-7] Thumbnail already exists: DSCF1061.JPG.jpg.jpg.jpg.jpg.jpg.jpg.jpg
2021-08-11 17:38:34,418 INFO util.FileUtils$Companion [Thread-7] YAML metadata already exists: DSCF1062.JPG.jpg.jpg.jpg.jpg.jpg.jpg.yaml
2021-08-11 17:38:34,421 INFO util.FileUtils$Companion [Thread-7] Thumbnail already exists: DSCF1062.JPG.jpg.jpg.jpg.jpg.jpg.jpg.jpg
2021-08-11 17:38:34,438 INFO util.FileUtils$Companion [Thread-7] YAML metadata already exists: DSCF1063.JPG.jpg.jpg.jpg.jpg.jpg.jpg.yaml
2021-08-11 17:38:34,442 INFO util.FileUtils$Companion [Thread-7] Thumbnail already exists: DSCF1063.JPG.jpg.jpg.jpg.jpg.jpg.jpg.jpg
2021-08-11 17:38:34,456 INFO util.FileUtils$Companion [Thread-7] YAML metadata already exists: DSCF1080.JPG.jpg.jpg.jpg.jpg.jpg.jpg.yaml
2021-08-11 17:38:34,460 INFO util.FileUtils$Companion [Thread-7] Thumbnail already exists: DSCF1080.JPG.jpg.jpg.jpg.jpg.jpg.jpg.jpg
2021-08-11 17:38:34,474 INFO util.FileUtils$Companion [Thread-7] YAML metadata already exists: DSCF1074.JPG.jpg.jpg.jpg.jpg.jpg.jpg.yaml
2021-08-11 17:38:34,477 INFO util.FileUtils$Companion [Thread-7] Thumbnail already exists: DSCF1074.JPG.jpg.jpg.jpg.jpg.jpg.jpg.jpg
2021-08-11 17:38:34,494 INFO util.FileUtils$Companion [Thread-7] YAML metadata already exists: DSCF1075.JPG.jpg.jpg.jpg.jpg.jpg.jpg.yaml
2021-08-11 17:38:34,499 INFO util.FileUtils$Companion [Thread-7] Thumbnail already exists: DSCF1075.JPG.jpg.jpg.jpg.jpg.jpg.jpg.jpg
2021-08-11 17:38:34,514 INFO util.FileUtils$Companion [Thread-7] YAML metadata already exists: DSCF1076.JPG.jpg.jpg.jpg.jpg.jpg.jpg.yaml
2021-08-11 17:38:34,519 INFO util.FileUtils$Companion [Thread-7] Thumbnail already exists: DSCF1076.JPG.jpg.jpg.jpg.jpg.jpg.jpg.jpg
2021-08-11 17:38:34,534 INFO util.FileUtils$Companion [Thread-7] YAML metadata already exists: DSCF1077.JPG.jpg.jpg.jpg.jpg.jpg.jpg.yaml
2021-08-11 17:38:34,539 INFO util.FileUtils$Companion [Thread-7] Thumbnail already exists: DSCF1077.JPG.jpg.jpg.jpg.jpg.jpg.jpg.jpg
2021-08-11 17:38:34,554 INFO util.FileUtils$Companion [Thread-7] YAML metadata already exists: DSCF1078.JPG.jpg.jpg.jpg.jpg.jpg.jpg.yaml
2021-08-11 17:38:34,557 INFO util.FileUtils$Companion [Thread-7] Thumbnail already exists: DSCF1078.JPG.jpg.jpg.jpg.jpg.jpg.jpg.jpg
2021-08-11 17:38:34,572 INFO util.FileUtils$Companion [Thread-7] YAML metadata already exists: DSCF1079.JPG.jpg.jpg.jpg.jpg.jpg.jpg.yaml
2021-08-11 17:38:34,575 INFO util.FileUtils$Companion [Thread-7] Thumbnail already exists: DSCF1079.JPG.jpg.jpg.jpg.jpg.jpg.jpg.jpg
2021-08-11 17:38:34,597 INFO util.FileUtils$Companion [Thread-7] YAML metadata created: DSCF1061.JPG.jpg.jpg.jpg.jpg.jpg.jpg.jpg.yaml
2021-08-11 17:38:34,605 INFO util.FileUtils$Companion [Thread-7] Thumbnail created: DSCF1061.JPG.jpg.jpg.jpg.jpg.jpg.jpg.jpg.jpg
2021-08-11 17:38:34,621 INFO util.FileUtils$Companion [Thread-7] YAML metadata created: DSCF1062.JPG.jpg.jpg.jpg.jpg.jpg.jpg.jpg.yaml
2021-08-11 17:38:34,628 INFO util.FileUtils$Companion [Thread-7] Thumbnail created: DSCF1062.JPG.jpg.jpg.jpg.jpg.jpg.jpg.jpg.jpg
2021-08-11 17:38:34,644 INFO util.FileUtils$Companion [Thread-7] YAML metadata created: DSCF1063.JPG.jpg.jpg.jpg.jpg.jpg.jpg.jpg.yaml
2021-08-11 17:38:34,648 INFO util.FileUtils$Companion [Thread-7] Thumbnail created: DSCF1063.JPG.jpg.jpg.jpg.jpg.jpg.jpg.jpg.jpg
2021-08-11 17:38:34,666 INFO util.FileUtils$Companion [Thread-7] YAML metadata created: DSCF1080.JPG.jpg.jpg.jpg.jpg.jpg.jpg.jpg.yaml
2021-08-11 17:38:34,669 INFO util.FileUtils$Companion [Thread-7] Thumbnail created: DSCF1080.JPG.jpg.jpg.jpg.jpg.jpg.jpg.jpg.jpg
2021-08-11 17:38:34,683 INFO util.FileUtils$Companion [Thread-7] YAML metadata created: DSCF1074.JPG.jpg.jpg.jpg.jpg.jpg.jpg.jpg.yaml
2021-08-11 17:38:34,687 INFO util.FileUtils$Companion [Thread-7] Thumbnail created: DSCF1074.JPG.jpg.jpg.jpg.jpg.jpg.jpg.jpg.jpg
2021-08-11 17:38:34,706 INFO util.FileUtils$Companion [Thread-7] YAML metadata created: DSCF1075.JPG.jpg.jpg.jpg.jpg.jpg.jpg.jpg.yaml
2021-08-11 17:38:34,710 INFO util.FileUtils$Companion [Thread-7] Thumbnail created: DSCF1075.JPG.jpg.jpg.jpg.jpg.jpg.jpg.jpg.jpg
2021-08-11 17:38:34,727 INFO util.FileUtils$Companion [Thread-7] YAML metadata created: DSCF1076.JPG.jpg.jpg.jpg.jpg.jpg.jpg.jpg.yaml
2021-08-11 17:38:34,730 INFO util.FileUtils$Companion [Thread-7] Thumbnail created: DSCF1076.JPG.jpg.jpg.jpg.jpg.jpg.jpg.jpg.jpg
2021-08-11 17:38:34,745 INFO util.FileUtils$Companion [Thread-7] YAML metadata created: DSCF1077.JPG.jpg.jpg.jpg.jpg.jpg.jpg.jpg.yaml
2021-08-11 17:38:34,749 INFO util.FileUtils$Companion [Thread-7] Thumbnail created: DSCF1077.JPG.jpg.jpg.jpg.jpg.jpg.jpg.jpg.jpg
2021-08-11 17:38:34,766 INFO util.FileUtils$Companion [Thread-7] YAML metadata created: DSCF1078.JPG.jpg.jpg.jpg.jpg.jpg.jpg.jpg.yaml
2021-08-11 17:38:34,770 INFO util.FileUtils$Companion [Thread-7] Thumbnail created: DSCF1078.JPG.jpg.jpg.jpg.jpg.jpg.jpg.jpg.jpg
2021-08-11 17:38:34,787 INFO util.FileUtils$Companion [Thread-7] YAML metadata created: DSCF1079.JPG.jpg.jpg.jpg.jpg.jpg.jpg.jpg.yaml
2021-08-11 17:38:34,790 INFO util.FileUtils$Companion [Thread-7] Thumbnail created: DSCF1079.JPG.jpg.jpg.jpg.jpg.jpg.jpg.jpg.jpg
2021-08-11 17:39:14,657 INFO org.springframework.boot.StartupInfoLogger [restartedMain] Starting ShashinApplicationKt using Java 16.0.2 on LAPTOP-KQMN93J1 with PID 16720 (C:\Users\micha\IdeaProjects\shashin\target\classes started by micha in C:\Users\micha\IdeaProjects\shashin)
2021-08-11 17:39:14,661 INFO org.springframework.boot.SpringApplication [restartedMain] No active profile set, falling back to default profiles: default
2021-08-11 17:39:14,743 INFO org.springframework.boot.logging.DeferredLog [restartedMain] Devtools property defaults active! Set 'spring.devtools.add-properties' to 'false' to disable
2021-08-11 17:39:14,744 INFO org.springframework.boot.logging.DeferredLog [restartedMain] For additional web related logging consider setting the 'logging.level.web' property to 'DEBUG'
2021-08-11 17:39:16,093 INFO org.springframework.boot.web.embedded.tomcat.TomcatWebServer [restartedMain] Tomcat initialized with port(s): 8080 (http)
2021-08-11 17:39:16,104 INFO org.apache.juli.logging.DirectJDKLog [restartedMain] Initializing ProtocolHandler ["http-nio-8080"]
2021-08-11 17:39:16,105 INFO org.apache.juli.logging.DirectJDKLog [restartedMain] Starting service [Tomcat]
2021-08-11 17:39:16,106 INFO org.apache.juli.logging.DirectJDKLog [restartedMain] Starting Servlet engine: [Apache Tomcat/9.0.50]
2021-08-11 17:39:16,185 INFO org.apache.juli.logging.DirectJDKLog [restartedMain] Initializing Spring embedded WebApplicationContext
2021-08-11 17:39:16,185 INFO org.springframework.boot.web.servlet.context.ServletWebServerApplicationContext [restartedMain] Root WebApplicationContext: initialization completed in 1440 ms
2021-08-11 17:39:16,513 INFO org.springframework.boot.autoconfigure.web.servlet.WelcomePageHandlerMapping [restartedMain] Adding welcome page: class path resource [static/index.html]
2021-08-11 17:39:16,654 INFO org.springframework.boot.devtools.autoconfigure.OptionalLiveReloadServer [restartedMain] LiveReload server is running on port 35729
2021-08-11 17:39:16,671 INFO org.apache.juli.logging.DirectJDKLog [restartedMain] Starting ProtocolHandler ["http-nio-8080"]
2021-08-11 17:39:16,722 INFO org.springframework.boot.web.embedded.tomcat.TomcatWebServer [restartedMain] Tomcat started on port(s): 8080 (http) with context path ''
2021-08-11 17:39:16,739 INFO org.springframework.boot.StartupInfoLogger [restartedMain] Started ShashinApplicationKt in 2.72 seconds (JVM running for 3.689)
2021-08-11 17:39:16,779 INFO org.apache.juli.logging.DirectJDKLog [http-nio-8080-exec-1] Initializing Spring DispatcherServlet 'dispatcherServlet'
2021-08-11 17:39:16,780 INFO org.springframework.web.servlet.FrameworkServlet [http-nio-8080-exec-1] Initializing Servlet 'dispatcherServlet'
2021-08-11 17:39:16,781 INFO org.springframework.web.servlet.FrameworkServlet [http-nio-8080-exec-1] Completed initialization in 1 ms
2021-08-11 17:39:16,896 INFO util.FileUtils$Companion [Thread-7] Thread created: Thread-7.shashinscan
2021-08-11 17:39:16,955 INFO util.FileUtils$Companion [Thread-7] YAML metadata already exists: DSCF1061.JPG.yaml
2021-08-11 17:39:17,504 INFO util.FileUtils$Companion [Thread-7] Thumbnail already exists: DSCF1061.JPG.jpg
2021-08-11 17:39:17,566 INFO util.FileUtils$Companion [Thread-7] YAML metadata already exists: DSCF1062.JPG.yaml
2021-08-11 17:39:18,078 INFO util.FileUtils$Companion [Thread-7] Thumbnail already exists: DSCF1062.JPG.jpg
2021-08-11 17:39:18,089 INFO util.FileUtils$Companion [Thread-7] YAML metadata already exists: DSCF1063.JPG.yaml
2021-08-11 17:39:18,464 INFO util.FileUtils$Companion [Thread-7] Thumbnail already exists: DSCF1063.JPG.jpg
2021-08-11 17:39:18,478 INFO util.FileUtils$Companion [Thread-7] YAML metadata already exists: DSCF1080.JPG.yaml
2021-08-11 17:39:18,921 INFO util.FileUtils$Companion [Thread-7] Thumbnail already exists: DSCF1080.JPG.jpg
2021-08-11 17:39:18,936 INFO util.FileUtils$Companion [Thread-7] YAML metadata already exists: DSCF1074.JPG.yaml
2021-08-11 17:39:19,747 INFO util.FileUtils$Companion [Thread-7] Thumbnail already exists: DSCF1074.JPG.jpg
2021-08-11 17:39:19,759 INFO util.FileUtils$Companion [Thread-7] YAML metadata already exists: DSCF1075.JPG.yaml
2021-08-11 17:39:20,118 INFO util.FileUtils$Companion [Thread-7] Thumbnail already exists: DSCF1075.JPG.jpg
2021-08-11 17:39:20,129 INFO util.FileUtils$Companion [Thread-7] YAML metadata already exists: DSCF1076.JPG.yaml
2021-08-11 17:39:20,473 INFO util.FileUtils$Companion [Thread-7] Thumbnail already exists: DSCF1076.JPG.jpg
2021-08-11 17:39:20,486 INFO util.FileUtils$Companion [Thread-7] YAML metadata already exists: DSCF1077.JPG.yaml
2021-08-11 17:39:20,830 INFO util.FileUtils$Companion [Thread-7] Thumbnail already exists: DSCF1077.JPG.jpg
2021-08-11 17:39:20,840 INFO util.FileUtils$Companion [Thread-7] YAML metadata already exists: DSCF1078.JPG.yaml
2021-08-11 17:39:21,194 INFO util.FileUtils$Companion [Thread-7] Thumbnail already exists: DSCF1078.JPG.jpg
2021-08-11 17:39:21,208 INFO util.FileUtils$Companion [Thread-7] YAML metadata already exists: DSCF1079.JPG.yaml
2021-08-11 17:39:21,566 INFO util.FileUtils$Companion [Thread-7] Thumbnail already exists: DSCF1079.JPG.jpg
2021-08-11 17:39:21,597 INFO util.FileUtils$Companion [Thread-7] YAML metadata already exists: DSCF1061.JPG.jpg.yaml
2021-08-11 17:39:21,602 INFO util.FileUtils$Companion [Thread-7] Thumbnail already exists: DSCF1061.JPG.jpg.jpg
2021-08-11 17:39:21,616 INFO util.FileUtils$Companion [Thread-7] YAML metadata already exists: DSCF1062.JPG.jpg.yaml
2021-08-11 17:39:21,620 INFO util.FileUtils$Companion [Thread-7] Thumbnail already exists: DSCF1062.JPG.jpg.jpg
2021-08-11 17:39:21,638 INFO util.FileUtils$Companion [Thread-7] YAML metadata already exists: DSCF1063.JPG.jpg.yaml
2021-08-11 17:39:21,643 INFO util.FileUtils$Companion [Thread-7] Thumbnail already exists: DSCF1063.JPG.jpg.jpg
2021-08-11 17:39:21,660 INFO util.FileUtils$Companion [Thread-7] YAML metadata already exists: DSCF1080.JPG.jpg.yaml
2021-08-11 17:39:21,663 INFO util.FileUtils$Companion [Thread-7] Thumbnail already exists: DSCF1080.JPG.jpg.jpg
2021-08-11 17:39:21,681 INFO util.FileUtils$Companion [Thread-7] YAML metadata already exists: DSCF1074.JPG.jpg.yaml
2021-08-11 17:39:21,684 INFO util.FileUtils$Companion [Thread-7] Thumbnail already exists: DSCF1074.JPG.jpg.jpg
2021-08-11 17:39:21,703 INFO util.FileUtils$Companion [Thread-7] YAML metadata already exists: DSCF1075.JPG.jpg.yaml
2021-08-11 17:39:21,706 INFO util.FileUtils$Companion [Thread-7] Thumbnail already exists: DSCF1075.JPG.jpg.jpg
2021-08-11 17:39:21,722 INFO util.FileUtils$Companion [Thread-7] YAML metadata already exists: DSCF1076.JPG.jpg.yaml
2021-08-11 17:39:21,725 INFO util.FileUtils$Companion [Thread-7] Thumbnail already exists: DSCF1076.JPG.jpg.jpg
2021-08-11 17:39:21,742 INFO util.FileUtils$Companion [Thread-7] YAML metadata already exists: DSCF1077.JPG.jpg.yaml
2021-08-11 17:39:21,745 INFO util.FileUtils$Companion [Thread-7] Thumbnail already exists: DSCF1077.JPG.jpg.jpg
2021-08-11 17:39:21,761 INFO util.FileUtils$Companion [Thread-7] YAML metadata already exists: DSCF1078.JPG.jpg.yaml
2021-08-11 17:39:21,765 INFO util.FileUtils$Companion [Thread-7] Thumbnail already exists: DSCF1078.JPG.jpg.jpg
2021-08-11 17:39:21,780 INFO util.FileUtils$Companion [Thread-7] YAML metadata already exists: DSCF1079.JPG.jpg.yaml
2021-08-11 17:39:21,783 INFO util.FileUtils$Companion [Thread-7] Thumbnail already exists: DSCF1079.JPG.jpg.jpg
2021-08-11 17:39:21,799 INFO util.FileUtils$Companion [Thread-7] YAML metadata already exists: DSCF1061.JPG.jpg.jpg.yaml
2021-08-11 17:39:21,803 INFO util.FileUtils$Companion [Thread-7] Thumbnail already exists: DSCF1061.JPG.jpg.jpg.jpg
2021-08-11 17:39:21,818 INFO util.FileUtils$Companion [Thread-7] YAML metadata already exists: DSCF1062.JPG.jpg.jpg.yaml
2021-08-11 17:39:21,822 INFO util.FileUtils$Companion [Thread-7] Thumbnail already exists: DSCF1062.JPG.jpg.jpg.jpg
2021-08-11 17:39:21,837 INFO util.FileUtils$Companion [Thread-7] YAML metadata already exists: DSCF1063.JPG.jpg.jpg.yaml
2021-08-11 17:39:21,841 INFO util.FileUtils$Companion [Thread-7] Thumbnail already exists: DSCF1063.JPG.jpg.jpg.jpg
2021-08-11 17:39:21,860 INFO util.FileUtils$Companion [Thread-7] YAML metadata already exists: DSCF1080.JPG.jpg.jpg.yaml
2021-08-11 17:39:21,863 INFO util.FileUtils$Companion [Thread-7] Thumbnail already exists: DSCF1080.JPG.jpg.jpg.jpg
2021-08-11 17:39:21,881 INFO util.FileUtils$Companion [Thread-7] YAML metadata already exists: DSCF1074.JPG.jpg.jpg.yaml
2021-08-11 17:39:21,885 INFO util.FileUtils$Companion [Thread-7] Thumbnail already exists: DSCF1074.JPG.jpg.jpg.jpg
2021-08-11 17:39:21,905 INFO util.FileUtils$Companion [Thread-7] YAML metadata already exists: DSCF1075.JPG.jpg.jpg.yaml
2021-08-11 17:39:21,909 INFO util.FileUtils$Companion [Thread-7] Thumbnail already exists: DSCF1075.JPG.jpg.jpg.jpg
2021-08-11 17:39:21,923 INFO util.FileUtils$Companion [Thread-7] YAML metadata already exists: DSCF1076.JPG.jpg.jpg.yaml
2021-08-11 17:39:21,927 INFO util.FileUtils$Companion [Thread-7] Thumbnail already exists: DSCF1076.JPG.jpg.jpg.jpg
2021-08-11 17:39:21,941 INFO util.FileUtils$Companion [Thread-7] YAML metadata already exists: DSCF1077.JPG.jpg.jpg.yaml
2021-08-11 17:39:21,944 INFO util.FileUtils$Companion [Thread-7] Thumbnail already exists: DSCF1077.JPG.jpg.jpg.jpg
2021-08-11 17:39:21,960 INFO util.FileUtils$Companion [Thread-7] YAML metadata already exists: DSCF1078.JPG.jpg.jpg.yaml
2021-08-11 17:39:21,963 INFO util.FileUtils$Companion [Thread-7] Thumbnail already exists: DSCF1078.JPG.jpg.jpg.jpg
2021-08-11 17:39:21,978 INFO util.FileUtils$Companion [Thread-7] YAML metadata already exists: DSCF1079.JPG.jpg.jpg.yaml
2021-08-11 17:39:21,981 INFO util.FileUtils$Companion [Thread-7] Thumbnail already exists: DSCF1079.JPG.jpg.jpg.jpg
2021-08-11 17:39:21,995 INFO util.FileUtils$Companion [Thread-7] YAML metadata already exists: DSCF1061.JPG.jpg.jpg.jpg.yaml
2021-08-11 17:39:21,999 INFO util.FileUtils$Companion [Thread-7] Thumbnail already exists: DSCF1061.JPG.jpg.jpg.jpg.jpg
2021-08-11 17:39:22,014 INFO util.FileUtils$Companion [Thread-7] YAML metadata already exists: DSCF1062.JPG.jpg.jpg.jpg.yaml
2021-08-11 17:39:22,019 INFO util.FileUtils$Companion [Thread-7] Thumbnail already exists: DSCF1062.JPG.jpg.jpg.jpg.jpg
2021-08-11 17:39:22,037 INFO util.FileUtils$Companion [Thread-7] YAML metadata already exists: DSCF1063.JPG.jpg.jpg.jpg.yaml
2021-08-11 17:39:22,040 INFO util.FileUtils$Companion [Thread-7] Thumbnail already exists: DSCF1063.JPG.jpg.jpg.jpg.jpg
2021-08-11 17:39:22,055 INFO util.FileUtils$Companion [Thread-7] YAML metadata already exists: DSCF1080.JPG.jpg.jpg.jpg.yaml
2021-08-11 17:39:22,059 INFO util.FileUtils$Companion [Thread-7] Thumbnail already exists: DSCF1080.JPG.jpg.jpg.jpg.jpg
2021-08-11 17:39:22,073 INFO util.FileUtils$Companion [Thread-7] YAML metadata already exists: DSCF1074.JPG.jpg.jpg.jpg.yaml
2021-08-11 17:39:22,076 INFO util.FileUtils$Companion [Thread-7] Thumbnail already exists: DSCF1074.JPG.jpg.jpg.jpg.jpg
2021-08-11 17:39:22,092 INFO util.FileUtils$Companion [Thread-7] YAML metadata already exists: DSCF1075.JPG.jpg.jpg.jpg.yaml
2021-08-11 17:39:22,095 INFO util.FileUtils$Companion [Thread-7] Thumbnail already exists: DSCF1075.JPG.jpg.jpg.jpg.jpg
2021-08-11 17:39:22,111 INFO util.FileUtils$Companion [Thread-7] YAML metadata already exists: DSCF1076.JPG.jpg.jpg.jpg.yaml
2021-08-11 17:39:22,114 INFO util.FileUtils$Companion [Thread-7] Thumbnail already exists: DSCF1076.JPG.jpg.jpg.jpg.jpg
2021-08-11 17:39:22,131 INFO util.FileUtils$Companion [Thread-7] YAML metadata already exists: DSCF1077.JPG.jpg.jpg.jpg.yaml
2021-08-11 17:39:22,134 INFO util.FileUtils$Companion [Thread-7] Thumbnail already exists: DSCF1077.JPG.jpg.jpg.jpg.jpg
2021-08-11 17:39:22,148 INFO util.FileUtils$Companion [Thread-7] YAML metadata already exists: DSCF1078.JPG.jpg.jpg.jpg.yaml
2021-08-11 17:39:22,152 INFO util.FileUtils$Companion [Thread-7] Thumbnail already exists: DSCF1078.JPG.jpg.jpg.jpg.jpg
2021-08-11 17:39:22,167 INFO util.FileUtils$Companion [Thread-7] YAML metadata already exists: DSCF1079.JPG.jpg.jpg.jpg.yaml
2021-08-11 17:39:22,170 INFO util.FileUtils$Companion [Thread-7] Thumbnail already exists: DSCF1079.JPG.jpg.jpg.jpg.jpg
2021-08-11 17:39:22,187 INFO util.FileUtils$Companion [Thread-7] YAML metadata already exists: DSCF1061.JPG.jpg.jpg.jpg.jpg.yaml
2021-08-11 17:39:22,192 INFO util.FileUtils$Companion [Thread-7] Thumbnail already exists: DSCF1061.JPG.jpg.jpg.jpg.jpg.jpg
2021-08-11 17:39:22,208 INFO util.FileUtils$Companion [Thread-7] YAML metadata already exists: DSCF1062.JPG.jpg.jpg.jpg.jpg.yaml
2021-08-11 17:39:22,212 INFO util.FileUtils$Companion [Thread-7] Thumbnail already exists: DSCF1062.JPG.jpg.jpg.jpg.jpg.jpg
2021-08-11 17:39:22,229 INFO util.FileUtils$Companion [Thread-7] YAML metadata already exists: DSCF1063.JPG.jpg.jpg.jpg.jpg.yaml
2021-08-11 17:39:22,233 INFO util.FileUtils$Companion [Thread-7] Thumbnail already exists: DSCF1063.JPG.jpg.jpg.jpg.jpg.jpg
2021-08-11 17:39:22,249 INFO util.FileUtils$Companion [Thread-7] YAML metadata already exists: DSCF1080.JPG.jpg.jpg.jpg.jpg.yaml
2021-08-11 17:39:22,253 INFO util.FileUtils$Companion [Thread-7] Thumbnail already exists: DSCF1080.JPG.jpg.jpg.jpg.jpg.jpg
2021-08-11 17:39:22,267 INFO util.FileUtils$Companion [Thread-7] YAML metadata already exists: DSCF1074.JPG.jpg.jpg.jpg.jpg.yaml
2021-08-11 17:39:22,270 INFO util.FileUtils$Companion [Thread-7] Thumbnail already exists: DSCF1074.JPG.jpg.jpg.jpg.jpg.jpg
2021-08-11 17:39:22,286 INFO util.FileUtils$Companion [Thread-7] YAML metadata already exists: DSCF1075.JPG.jpg.jpg.jpg.jpg.yaml
2021-08-11 17:39:22,290 INFO util.FileUtils$Companion [Thread-7] Thumbnail already exists: DSCF1075.JPG.jpg.jpg.jpg.jpg.jpg
2021-08-11 17:39:22,304 INFO util.FileUtils$Companion [Thread-7] YAML metadata already exists: DSCF1076.JPG.jpg.jpg.jpg.jpg.yaml
2021-08-11 17:39:22,307 INFO util.FileUtils$Companion [Thread-7] Thumbnail already exists: DSCF1076.JPG.jpg.jpg.jpg.jpg.jpg
2021-08-11 17:39:22,323 INFO util.FileUtils$Companion [Thread-7] YAML metadata already exists: DSCF1077.JPG.jpg.jpg.jpg.jpg.yaml
2021-08-11 17:39:22,326 INFO util.FileUtils$Companion [Thread-7] Thumbnail already exists: DSCF1077.JPG.jpg.jpg.jpg.jpg.jpg
2021-08-11 17:39:22,342 INFO util.FileUtils$Companion [Thread-7] YAML metadata already exists: DSCF1078.JPG.jpg.jpg.jpg.jpg.yaml
2021-08-11 17:39:22,345 INFO util.FileUtils$Companion [Thread-7] Thumbnail already exists: DSCF1078.JPG.jpg.jpg.jpg.jpg.jpg
2021-08-11 17:39:22,360 INFO util.FileUtils$Companion [Thread-7] YAML metadata already exists: DSCF1079.JPG.jpg.jpg.jpg.jpg.yaml
2021-08-11 17:39:22,364 INFO util.FileUtils$Companion [Thread-7] Thumbnail already exists: DSCF1079.JPG.jpg.jpg.jpg.jpg.jpg
2021-08-11 17:39:22,383 INFO util.FileUtils$Companion [Thread-7] YAML metadata already exists: DSCF1061.JPG.jpg.jpg.jpg.jpg.jpg.yaml
2021-08-11 17:39:22,387 INFO util.FileUtils$Companion [Thread-7] Thumbnail already exists: DSCF1061.JPG.jpg.jpg.jpg.jpg.jpg.jpg
2021-08-11 17:39:22,402 INFO util.FileUtils$Companion [Thread-7] YAML metadata already exists: DSCF1062.JPG.jpg.jpg.jpg.jpg.jpg.yaml
2021-08-11 17:39:22,406 INFO util.FileUtils$Companion [Thread-7] Thumbnail already exists: DSCF1062.JPG.jpg.jpg.jpg.jpg.jpg.jpg
2021-08-11 17:39:22,422 INFO util.FileUtils$Companion [Thread-7] YAML metadata already exists: DSCF1063.JPG.jpg.jpg.jpg.jpg.jpg.yaml
2021-08-11 17:39:22,425 INFO util.FileUtils$Companion [Thread-7] Thumbnail already exists: DSCF1063.JPG.jpg.jpg.jpg.jpg.jpg.jpg
2021-08-11 17:39:22,442 INFO util.FileUtils$Companion [Thread-7] YAML metadata already exists: DSCF1080.JPG.jpg.jpg.jpg.jpg.jpg.yaml
2021-08-11 17:39:22,445 INFO util.FileUtils$Companion [Thread-7] Thumbnail already exists: DSCF1080.JPG.jpg.jpg.jpg.jpg.jpg.jpg
2021-08-11 17:39:22,460 INFO util.FileUtils$Companion [Thread-7] YAML metadata already exists: DSCF1074.JPG.jpg.jpg.jpg.jpg.jpg.yaml
2021-08-11 17:39:22,463 INFO util.FileUtils$Companion [Thread-7] Thumbnail already exists: DSCF1074.JPG.jpg.jpg.jpg.jpg.jpg.jpg
2021-08-11 17:39:22,479 INFO util.FileUtils$Companion [Thread-7] YAML metadata already exists: DSCF1075.JPG.jpg.jpg.jpg.jpg.jpg.yaml
2021-08-11 17:39:22,483 INFO util.FileUtils$Companion [Thread-7] Thumbnail already exists: DSCF1075.JPG.jpg.jpg.jpg.jpg.jpg.jpg
2021-08-11 17:39:22,497 INFO util.FileUtils$Companion [Thread-7] YAML metadata already exists: DSCF1076.JPG.jpg.jpg.jpg.jpg.jpg.yaml
2021-08-11 17:39:22,501 INFO util.FileUtils$Companion [Thread-7] Thumbnail already exists: DSCF1076.JPG.jpg.jpg.jpg.jpg.jpg.jpg
2021-08-11 17:39:22,515 INFO util.FileUtils$Companion [Thread-7] YAML metadata already exists: DSCF1077.JPG.jpg.jpg.jpg.jpg.jpg.yaml
2021-08-11 17:39:22,519 INFO util.FileUtils$Companion [Thread-7] Thumbnail already exists: DSCF1077.JPG.jpg.jpg.jpg.jpg.jpg.jpg
2021-08-11 17:39:22,534 INFO util.FileUtils$Companion [Thread-7] YAML metadata already exists: DSCF1078.JPG.jpg.jpg.jpg.jpg.jpg.yaml
2021-08-11 17:39:22,537 INFO util.FileUtils$Companion [Thread-7] Thumbnail already exists: DSCF1078.JPG.jpg.jpg.jpg.jpg.jpg.jpg
2021-08-11 17:39:22,551 INFO util.FileUtils$Companion [Thread-7] YAML metadata already exists: DSCF1079.JPG.jpg.jpg.jpg.jpg.jpg.yaml
2021-08-11 17:39:22,554 INFO util.FileUtils$Companion [Thread-7] Thumbnail already exists: DSCF1079.JPG.jpg.jpg.jpg.jpg.jpg.jpg
2021-08-11 17:39:22,569 INFO util.FileUtils$Companion [Thread-7] YAML metadata already exists: DSCF1061.JPG.jpg.jpg.jpg.jpg.jpg.jpg.yaml
2021-08-11 17:39:22,572 INFO util.FileUtils$Companion [Thread-7] Thumbnail already exists: DSCF1061.JPG.jpg.jpg.jpg.jpg.jpg.jpg.jpg
2021-08-11 17:39:22,587 INFO util.FileUtils$Companion [Thread-7] YAML metadata already exists: DSCF1062.JPG.jpg.jpg.jpg.jpg.jpg.jpg.yaml
2021-08-11 17:39:22,590 INFO util.FileUtils$Companion [Thread-7] Thumbnail already exists: DSCF1062.JPG.jpg.jpg.jpg.jpg.jpg.jpg.jpg
2021-08-11 17:39:22,605 INFO util.FileUtils$Companion [Thread-7] YAML metadata already exists: DSCF1063.JPG.jpg.jpg.jpg.jpg.jpg.jpg.yaml
2021-08-11 17:39:22,608 INFO util.FileUtils$Companion [Thread-7] Thumbnail already exists: DSCF1063.JPG.jpg.jpg.jpg.jpg.jpg.jpg.jpg
2021-08-11 17:39:22,623 INFO util.FileUtils$Companion [Thread-7] YAML metadata already exists: DSCF1080.JPG.jpg.jpg.jpg.jpg.jpg.jpg.yaml
2021-08-11 17:39:22,627 INFO util.FileUtils$Companion [Thread-7] Thumbnail already exists: DSCF1080.JPG.jpg.jpg.jpg.jpg.jpg.jpg.jpg
2021-08-11 17:39:22,642 INFO util.FileUtils$Companion [Thread-7] YAML metadata already exists: DSCF1074.JPG.jpg.jpg.jpg.jpg.jpg.jpg.yaml
2021-08-11 17:39:22,645 INFO util.FileUtils$Companion [Thread-7] Thumbnail already exists: DSCF1074.JPG.jpg.jpg.jpg.jpg.jpg.jpg.jpg
2021-08-11 17:39:22,660 INFO util.FileUtils$Companion [Thread-7] YAML metadata already exists: DSCF1075.JPG.jpg.jpg.jpg.jpg.jpg.jpg.yaml
2021-08-11 17:39:22,663 INFO util.FileUtils$Companion [Thread-7] Thumbnail already exists: DSCF1075.JPG.jpg.jpg.jpg.jpg.jpg.jpg.jpg
2021-08-11 17:39:22,678 INFO util.FileUtils$Companion [Thread-7] YAML metadata already exists: DSCF1076.JPG.jpg.jpg.jpg.jpg.jpg.jpg.yaml
2021-08-11 17:39:22,682 INFO util.FileUtils$Companion [Thread-7] Thumbnail already exists: DSCF1076.JPG.jpg.jpg.jpg.jpg.jpg.jpg.jpg
2021-08-11 17:39:22,698 INFO util.FileUtils$Companion [Thread-7] YAML metadata already exists: DSCF1077.JPG.jpg.jpg.jpg.jpg.jpg.jpg.yaml
2021-08-11 17:39:22,701 INFO util.FileUtils$Companion [Thread-7] Thumbnail already exists: DSCF1077.JPG.jpg.jpg.jpg.jpg.jpg.jpg.jpg
2021-08-11 17:39:22,715 INFO util.FileUtils$Companion [Thread-7] YAML metadata already exists: DSCF1078.JPG.jpg.jpg.jpg.jpg.jpg.jpg.yaml
2021-08-11 17:39:22,718 INFO util.FileUtils$Companion [Thread-7] Thumbnail already exists: DSCF1078.JPG.jpg.jpg.jpg.jpg.jpg.jpg.jpg
2021-08-11 17:39:22,734 INFO util.FileUtils$Companion [Thread-7] YAML metadata already exists: DSCF1079.JPG.jpg.jpg.jpg.jpg.jpg.jpg.yaml
2021-08-11 17:39:22,737 INFO util.FileUtils$Companion [Thread-7] Thumbnail already exists: DSCF1079.JPG.jpg.jpg.jpg.jpg.jpg.jpg.jpg
2021-08-11 17:39:22,755 INFO util.FileUtils$Companion [Thread-7] YAML metadata already exists: DSCF1061.JPG.jpg.jpg.jpg.jpg.jpg.jpg.jpg.yaml
2021-08-11 17:39:22,760 INFO util.FileUtils$Companion [Thread-7] Thumbnail already exists: DSCF1061.JPG.jpg.jpg.jpg.jpg.jpg.jpg.jpg.jpg
2021-08-11 17:39:22,776 INFO util.FileUtils$Companion [Thread-7] YAML metadata already exists: DSCF1062.JPG.jpg.jpg.jpg.jpg.jpg.jpg.jpg.yaml
2021-08-11 17:39:22,780 INFO util.FileUtils$Companion [Thread-7] Thumbnail already exists: DSCF1062.JPG.jpg.jpg.jpg.jpg.jpg.jpg.jpg.jpg
2021-08-11 17:39:22,797 INFO util.FileUtils$Companion [Thread-7] YAML metadata already exists: DSCF1063.JPG.jpg.jpg.jpg.jpg.jpg.jpg.jpg.yaml
2021-08-11 17:39:22,801 INFO util.FileUtils$Companion [Thread-7] Thumbnail already exists: DSCF1063.JPG.jpg.jpg.jpg.jpg.jpg.jpg.jpg.jpg
2021-08-11 17:39:22,815 INFO util.FileUtils$Companion [Thread-7] YAML metadata already exists: DSCF1080.JPG.jpg.jpg.jpg.jpg.jpg.jpg.jpg.yaml
2021-08-11 17:39:22,820 INFO util.FileUtils$Companion [Thread-7] Thumbnail already exists: DSCF1080.JPG.jpg.jpg.jpg.jpg.jpg.jpg.jpg.jpg
2021-08-11 17:39:22,835 INFO util.FileUtils$Companion [Thread-7] YAML metadata already exists: DSCF1074.JPG.jpg.jpg.jpg.jpg.jpg.jpg.jpg.yaml
2021-08-11 17:39:22,839 INFO util.FileUtils$Companion [Thread-7] Thumbnail already exists: DSCF1074.JPG.jpg.jpg.jpg.jpg.jpg.jpg.jpg.jpg
2021-08-11 17:39:22,855 INFO util.FileUtils$Companion [Thread-7] YAML metadata already exists: DSCF1075.JPG.jpg.jpg.jpg.jpg.jpg.jpg.jpg.yaml
2021-08-11 17:39:22,859 INFO util.FileUtils$Companion [Thread-7] Thumbnail already exists: DSCF1075.JPG.jpg.jpg.jpg.jpg.jpg.jpg.jpg.jpg
2021-08-11 17:39:22,873 INFO util.FileUtils$Companion [Thread-7] YAML metadata already exists: DSCF1076.JPG.jpg.jpg.jpg.jpg.jpg.jpg.jpg.yaml
2021-08-11 17:39:22,876 INFO util.FileUtils$Companion [Thread-7] Thumbnail already exists: DSCF1076.JPG.jpg.jpg.jpg.jpg.jpg.jpg.jpg.jpg
2021-08-11 17:39:22,891 INFO util.FileUtils$Companion [Thread-7] YAML metadata already exists: DSCF1077.JPG.jpg.jpg.jpg.jpg.jpg.jpg.jpg.yaml
2021-08-11 17:39:22,895 INFO util.FileUtils$Companion [Thread-7] Thumbnail already exists: DSCF1077.JPG.jpg.jpg.jpg.jpg.jpg.jpg.jpg.jpg
2021-08-11 17:39:22,912 INFO util.FileUtils$Companion [Thread-7] YAML metadata already exists: DSCF1078.JPG.jpg.jpg.jpg.jpg.jpg.jpg.jpg.yaml
2021-08-11 17:39:22,916 INFO util.FileUtils$Companion [Thread-7] Thumbnail already exists: DSCF1078.JPG.jpg.jpg.jpg.jpg.jpg.jpg.jpg.jpg
2021-08-11 17:39:22,930 INFO util.FileUtils$Companion [Thread-7] YAML metadata already exists: DSCF1079.JPG.jpg.jpg.jpg.jpg.jpg.jpg.jpg.yaml
2021-08-11 17:39:22,934 INFO util.FileUtils$Companion [Thread-7] Thumbnail already exists: DSCF1079.JPG.jpg.jpg.jpg.jpg.jpg.jpg.jpg.jpg
2021-08-11 17:39:22,954 INFO util.FileUtils$Companion [Thread-7] YAML metadata created: DSCF1061.JPG.jpg.jpg.jpg.jpg.jpg.jpg.jpg.jpg.yaml
2021-08-11 17:39:22,960 INFO util.FileUtils$Companion [Thread-7] Thumbnail created: DSCF1061.JPG.jpg.jpg.jpg.jpg.jpg.jpg.jpg.jpg.jpg
2021-08-11 17:39:22,976 INFO util.FileUtils$Companion [Thread-7] YAML metadata created: DSCF1062.JPG.jpg.jpg.jpg.jpg.jpg.jpg.jpg.jpg.yaml
2021-08-11 17:39:22,979 INFO util.FileUtils$Companion [Thread-7] Thumbnail created: DSCF1062.JPG.jpg.jpg.jpg.jpg.jpg.jpg.jpg.jpg.jpg
2021-08-11 17:39:22,995 INFO util.FileUtils$Companion [Thread-7] YAML metadata created: DSCF1063.JPG.jpg.jpg.jpg.jpg.jpg.jpg.jpg.jpg.yaml
2021-08-11 17:39:22,998 INFO util.FileUtils$Companion [Thread-7] Thumbnail created: DSCF1063.JPG.jpg.jpg.jpg.jpg.jpg.jpg.jpg.jpg.jpg
2021-08-11 17:39:23,014 INFO util.FileUtils$Companion [Thread-7] YAML metadata created: DSCF1080.JPG.jpg.jpg.jpg.jpg.jpg.jpg.jpg.jpg.yaml
2021-08-11 17:39:23,018 INFO util.FileUtils$Companion [Thread-7] Thumbnail created: DSCF1080.JPG.jpg.jpg.jpg.jpg.jpg.jpg.jpg.jpg.jpg
2021-08-11 17:39:23,034 INFO util.FileUtils$Companion [Thread-7] YAML metadata created: DSCF1074.JPG.jpg.jpg.jpg.jpg.jpg.jpg.jpg.jpg.yaml
2021-08-11 17:39:23,039 INFO util.FileUtils$Companion [Thread-7] Thumbnail created: DSCF1074.JPG.jpg.jpg.jpg.jpg.jpg.jpg.jpg.jpg.jpg
2021-08-11 17:39:23,057 INFO util.FileUtils$Companion [Thread-7] YAML metadata created: DSCF1075.JPG.jpg.jpg.jpg.jpg.jpg.jpg.jpg.jpg.yaml
2021-08-11 17:39:23,062 INFO util.FileUtils$Companion [Thread-7] Thumbnail created: DSCF1075.JPG.jpg.jpg.jpg.jpg.jpg.jpg.jpg.jpg.jpg
2021-08-11 17:39:23,078 INFO util.FileUtils$Companion [Thread-7] YAML metadata created: DSCF1076.JPG.jpg.jpg.jpg.jpg.jpg.jpg.jpg.jpg.yaml
2021-08-11 17:39:23,082 INFO util.FileUtils$Companion [Thread-7] Thumbnail created: DSCF1076.JPG.jpg.jpg.jpg.jpg.jpg.jpg.jpg.jpg.jpg
2021-08-11 17:39:23,096 INFO util.FileUtils$Companion [Thread-7] YAML metadata created: DSCF1077.JPG.jpg.jpg.jpg.jpg.jpg.jpg.jpg.jpg.yaml
2021-08-11 17:39:23,100 INFO util.FileUtils$Companion [Thread-7] Thumbnail created: DSCF1077.JPG.jpg.jpg.jpg.jpg.jpg.jpg.jpg.jpg.jpg
2021-08-11 17:39:23,116 INFO util.FileUtils$Companion [Thread-7] YAML metadata created: DSCF1078.JPG.jpg.jpg.jpg.jpg.jpg.jpg.jpg.jpg.yaml
2021-08-11 17:39:23,120 INFO util.FileUtils$Companion [Thread-7] Thumbnail created: DSCF1078.JPG.jpg.jpg.jpg.jpg.jpg.jpg.jpg.jpg.jpg
2021-08-11 17:39:23,135 INFO util.FileUtils$Companion [Thread-7] YAML metadata created: DSCF1079.JPG.jpg.jpg.jpg.jpg.jpg.jpg.jpg.jpg.yaml
2021-08-11 17:39:23,139 INFO util.FileUtils$Companion [Thread-7] Thumbnail created: DSCF1079.JPG.jpg.jpg.jpg.jpg.jpg.jpg.jpg.jpg.jpg
2021-08-11 17:40:01,643 INFO org.springframework.boot.StartupInfoLogger [restartedMain] Starting ShashinApplicationKt using Java 16.0.2 on LAPTOP-KQMN93J1 with PID 18028 (C:\Users\micha\IdeaProjects\shashin\target\classes started by micha in C:\Users\micha\IdeaProjects\shashin)
2021-08-11 17:40:01,647 INFO org.springframework.boot.SpringApplication [restartedMain] No active profile set, falling back to default profiles: default
2021-08-11 17:40:01,715 INFO org.springframework.boot.logging.DeferredLog [restartedMain] Devtools property defaults active! Set 'spring.devtools.add-properties' to 'false' to disable
2021-08-11 17:40:01,716 INFO org.springframework.boot.logging.DeferredLog [restartedMain] For additional web related logging consider setting the 'logging.level.web' property to 'DEBUG'
2021-08-11 17:40:03,033 INFO org.springframework.boot.web.embedded.tomcat.TomcatWebServer [restartedMain] Tomcat initialized with port(s): 8080 (http)
2021-08-11 17:40:03,044 INFO org.apache.juli.logging.DirectJDKLog [restartedMain] Initializing ProtocolHandler ["http-nio-8080"]
2021-08-11 17:40:03,045 INFO org.apache.juli.logging.DirectJDKLog [restartedMain] Starting service [Tomcat]
2021-08-11 17:40:03,045 INFO org.apache.juli.logging.DirectJDKLog [restartedMain] Starting Servlet engine: [Apache Tomcat/9.0.50]
2021-08-11 17:40:03,117 INFO org.apache.juli.logging.DirectJDKLog [restartedMain] Initializing Spring embedded WebApplicationContext
2021-08-11 17:40:03,117 INFO org.springframework.boot.web.servlet.context.ServletWebServerApplicationContext [restartedMain] Root WebApplicationContext: initialization completed in 1400 ms
2021-08-11 17:40:03,401 INFO org.springframework.boot.autoconfigure.web.servlet.WelcomePageHandlerMapping [restartedMain] Adding welcome page: class path resource [static/index.html]
2021-08-11 17:40:03,550 INFO org.springframework.boot.devtools.autoconfigure.OptionalLiveReloadServer [restartedMain] LiveReload server is running on port 35729
2021-08-11 17:40:03,571 INFO org.apache.juli.logging.DirectJDKLog [restartedMain] Starting ProtocolHandler ["http-nio-8080"]
2021-08-11 17:40:03,630 INFO org.springframework.boot.web.embedded.tomcat.TomcatWebServer [restartedMain] Tomcat started on port(s): 8080 (http) with context path ''
2021-08-11 17:40:03,644 INFO org.springframework.boot.StartupInfoLogger [restartedMain] Started ShashinApplicationKt in 2.655 seconds (JVM running for 3.642)
2021-08-11 17:40:03,795 INFO org.apache.juli.logging.DirectJDKLog [http-nio-8080-exec-1] Initializing Spring DispatcherServlet 'dispatcherServlet'
2021-08-11 17:40:03,796 INFO org.springframework.web.servlet.FrameworkServlet [http-nio-8080-exec-1] Initializing Servlet 'dispatcherServlet'
2021-08-11 17:40:03,797 INFO org.springframework.web.servlet.FrameworkServlet [http-nio-8080-exec-1] Completed initialization in 1 ms
2021-08-11 17:40:03,928 INFO util.FileUtils$Companion [Thread-7] Thread created: Thread-7.shashinscan
2021-08-11 17:40:03,998 INFO util.FileUtils$Companion [Thread-7] YAML metadata already exists: DSCF1061.JPG.yaml
2021-08-11 17:40:04,660 INFO util.FileUtils$Companion [Thread-7] Thumbnail already exists: DSCF1061.JPG.jpg
2021-08-11 17:40:04,708 INFO util.FileUtils$Companion [Thread-7] YAML metadata already exists: DSCF1062.JPG.yaml
2021-08-11 17:40:05,501 INFO util.FileUtils$Companion [Thread-7] Thumbnail already exists: DSCF1062.JPG.jpg
2021-08-11 17:40:05,518 INFO util.FileUtils$Companion [Thread-7] YAML metadata already exists: DSCF1063.JPG.yaml
2021-08-11 17:40:05,956 INFO util.FileUtils$Companion [Thread-7] Thumbnail already exists: DSCF1063.JPG.jpg
2021-08-11 17:40:05,968 INFO util.FileUtils$Companion [Thread-7] YAML metadata already exists: DSCF1080.JPG.yaml
2021-08-11 17:40:06,380 INFO util.FileUtils$Companion [Thread-7] Thumbnail already exists: DSCF1080.JPG.jpg
2021-08-11 17:40:06,392 INFO util.FileUtils$Companion [Thread-7] YAML metadata already exists: DSCF1074.JPG.yaml
2021-08-11 17:40:06,853 INFO util.FileUtils$Companion [Thread-7] Thumbnail already exists: DSCF1074.JPG.jpg
2021-08-11 17:40:06,861 INFO util.FileUtils$Companion [Thread-7] YAML metadata already exists: DSCF1075.JPG.yaml
2021-08-11 17:40:07,223 INFO util.FileUtils$Companion [Thread-7] Thumbnail already exists: DSCF1075.JPG.jpg
2021-08-11 17:40:07,233 INFO util.FileUtils$Companion [Thread-7] YAML metadata already exists: DSCF1076.JPG.yaml
2021-08-11 17:40:07,680 INFO util.FileUtils$Companion [Thread-7] Thumbnail already exists: DSCF1076.JPG.jpg
2021-08-11 17:40:07,708 INFO util.FileUtils$Companion [Thread-7] YAML metadata already exists: DSCF1077.JPG.yaml
2021-08-11 17:40:08,118 INFO util.FileUtils$Companion [Thread-7] Thumbnail already exists: DSCF1077.JPG.jpg
2021-08-11 17:40:08,130 INFO util.FileUtils$Companion [Thread-7] YAML metadata already exists: DSCF1078.JPG.yaml
2021-08-11 17:40:08,513 INFO util.FileUtils$Companion [Thread-7] Thumbnail already exists: DSCF1078.JPG.jpg
2021-08-11 17:40:08,525 INFO util.FileUtils$Companion [Thread-7] YAML metadata already exists: DSCF1079.JPG.yaml
2021-08-11 17:40:08,856 INFO util.FileUtils$Companion [Thread-7] Thumbnail already exists: DSCF1079.JPG.jpg
2021-08-11 17:40:08,891 INFO util.FileUtils$Companion [Thread-7] YAML metadata already exists: DSCF1061.JPG.jpg.yaml
2021-08-11 17:40:08,895 INFO util.FileUtils$Companion [Thread-7] Thumbnail already exists: DSCF1061.JPG.jpg.jpg
2021-08-11 17:40:08,909 INFO util.FileUtils$Companion [Thread-7] YAML metadata already exists: DSCF1062.JPG.jpg.yaml
2021-08-11 17:40:08,913 INFO util.FileUtils$Companion [Thread-7] Thumbnail already exists: DSCF1062.JPG.jpg.jpg
2021-08-11 17:40:08,927 INFO util.FileUtils$Companion [Thread-7] YAML metadata already exists: DSCF1063.JPG.jpg.yaml
2021-08-11 17:40:08,931 INFO util.FileUtils$Companion [Thread-7] Thumbnail already exists: DSCF1063.JPG.jpg.jpg
2021-08-11 17:40:08,947 INFO util.FileUtils$Companion [Thread-7] YAML metadata already exists: DSCF1080.JPG.jpg.yaml
2021-08-11 17:40:08,951 INFO util.FileUtils$Companion [Thread-7] Thumbnail already exists: DSCF1080.JPG.jpg.jpg
2021-08-11 17:40:08,966 INFO util.FileUtils$Companion [Thread-7] YAML metadata already exists: DSCF1074.JPG.jpg.yaml
2021-08-11 17:40:08,970 INFO util.FileUtils$Companion [Thread-7] Thumbnail already exists: DSCF1074.JPG.jpg.jpg
2021-08-11 17:40:08,985 INFO util.FileUtils$Companion [Thread-7] YAML metadata already exists: DSCF1075.JPG.jpg.yaml
2021-08-11 17:40:08,988 INFO util.FileUtils$Companion [Thread-7] Thumbnail already exists: DSCF1075.JPG.jpg.jpg
2021-08-11 17:40:09,004 INFO util.FileUtils$Companion [Thread-7] YAML metadata already exists: DSCF1076.JPG.jpg.yaml
2021-08-11 17:40:09,008 INFO util.FileUtils$Companion [Thread-7] Thumbnail already exists: DSCF1076.JPG.jpg.jpg
2021-08-11 17:40:09,024 INFO util.FileUtils$Companion [Thread-7] YAML metadata already exists: DSCF1077.JPG.jpg.yaml
2021-08-11 17:40:09,027 INFO util.FileUtils$Companion [Thread-7] Thumbnail already exists: DSCF1077.JPG.jpg.jpg
2021-08-11 17:40:09,042 INFO util.FileUtils$Companion [Thread-7] YAML metadata already exists: DSCF1078.JPG.jpg.yaml
2021-08-11 17:40:09,046 INFO util.FileUtils$Companion [Thread-7] Thumbnail already exists: DSCF1078.JPG.jpg.jpg
2021-08-11 17:40:09,061 INFO util.FileUtils$Companion [Thread-7] YAML metadata already exists: DSCF1079.JPG.jpg.yaml
2021-08-11 17:40:09,064 INFO util.FileUtils$Companion [Thread-7] Thumbnail already exists: DSCF1079.JPG.jpg.jpg
2021-08-11 17:40:09,080 INFO util.FileUtils$Companion [Thread-7] YAML metadata already exists: DSCF1061.JPG.jpg.jpg.yaml
2021-08-11 17:40:09,083 INFO util.FileUtils$Companion [Thread-7] Thumbnail already exists: DSCF1061.JPG.jpg.jpg.jpg
2021-08-11 17:40:09,100 INFO util.FileUtils$Companion [Thread-7] YAML metadata already exists: DSCF1062.JPG.jpg.jpg.yaml
2021-08-11 17:40:09,104 INFO util.FileUtils$Companion [Thread-7] Thumbnail already exists: DSCF1062.JPG.jpg.jpg.jpg
2021-08-11 17:40:09,120 INFO util.FileUtils$Companion [Thread-7] YAML metadata already exists: DSCF1063.JPG.jpg.jpg.yaml
2021-08-11 17:40:09,124 INFO util.FileUtils$Companion [Thread-7] Thumbnail already exists: DSCF1063.JPG.jpg.jpg.jpg
2021-08-11 17:40:09,139 INFO util.FileUtils$Companion [Thread-7] YAML metadata already exists: DSCF1080.JPG.jpg.jpg.yaml
2021-08-11 17:40:09,142 INFO util.FileUtils$Companion [Thread-7] Thumbnail already exists: DSCF1080.JPG.jpg.jpg.jpg
2021-08-11 17:40:09,158 INFO util.FileUtils$Companion [Thread-7] YAML metadata already exists: DSCF1074.JPG.jpg.jpg.yaml
2021-08-11 17:40:09,161 INFO util.FileUtils$Companion [Thread-7] Thumbnail already exists: DSCF1074.JPG.jpg.jpg.jpg
2021-08-11 17:40:09,177 INFO util.FileUtils$Companion [Thread-7] YAML metadata already exists: DSCF1075.JPG.jpg.jpg.yaml
2021-08-11 17:40:09,182 INFO util.FileUtils$Companion [Thread-7] Thumbnail already exists: DSCF1075.JPG.jpg.jpg.jpg
2021-08-11 17:40:09,197 INFO util.FileUtils$Companion [Thread-7] YAML metadata already exists: DSCF1076.JPG.jpg.jpg.yaml
2021-08-11 17:40:09,200 INFO util.FileUtils$Companion [Thread-7] Thumbnail already exists: DSCF1076.JPG.jpg.jpg.jpg
2021-08-11 17:40:09,218 INFO util.FileUtils$Companion [Thread-7] YAML metadata already exists: DSCF1077.JPG.jpg.jpg.yaml
2021-08-11 17:40:09,222 INFO util.FileUtils$Companion [Thread-7] Thumbnail already exists: DSCF1077.JPG.jpg.jpg.jpg
2021-08-11 17:40:09,236 INFO util.FileUtils$Companion [Thread-7] YAML metadata already exists: DSCF1078.JPG.jpg.jpg.yaml
2021-08-11 17:40:09,239 INFO util.FileUtils$Companion [Thread-7] Thumbnail already exists: DSCF1078.JPG.jpg.jpg.jpg
2021-08-11 17:40:09,252 INFO util.FileUtils$Companion [Thread-7] YAML metadata already exists: DSCF1079.JPG.jpg.jpg.yaml
2021-08-11 17:40:09,255 INFO util.FileUtils$Companion [Thread-7] Thumbnail already exists: DSCF1079.JPG.jpg.jpg.jpg
2021-08-11 17:40:09,272 INFO util.FileUtils$Companion [Thread-7] YAML metadata already exists: DSCF1061.JPG.jpg.jpg.jpg.yaml
2021-08-11 17:40:09,276 INFO util.FileUtils$Companion [Thread-7] Thumbnail already exists: DSCF1061.JPG.jpg.jpg.jpg.jpg
2021-08-11 17:40:09,291 INFO util.FileUtils$Companion [Thread-7] YAML metadata already exists: DSCF1062.JPG.jpg.jpg.jpg.yaml
2021-08-11 17:40:09,295 INFO util.FileUtils$Companion [Thread-7] Thumbnail already exists: DSCF1062.JPG.jpg.jpg.jpg.jpg
2021-08-11 17:40:09,311 INFO util.FileUtils$Companion [Thread-7] YAML metadata already exists: DSCF1063.JPG.jpg.jpg.jpg.yaml
2021-08-11 17:40:09,317 INFO util.FileUtils$Companion [Thread-7] Thumbnail already exists: DSCF1063.JPG.jpg.jpg.jpg.jpg
2021-08-11 17:40:09,341 INFO util.FileUtils$Companion [Thread-7] YAML metadata already exists: DSCF1080.JPG.jpg.jpg.jpg.yaml
2021-08-11 17:40:09,344 INFO util.FileUtils$Companion [Thread-7] Thumbnail already exists: DSCF1080.JPG.jpg.jpg.jpg.jpg
2021-08-11 17:40:09,360 INFO util.FileUtils$Companion [Thread-7] YAML metadata already exists: DSCF1074.JPG.jpg.jpg.jpg.yaml
2021-08-11 17:40:09,364 INFO util.FileUtils$Companion [Thread-7] Thumbnail already exists: DSCF1074.JPG.jpg.jpg.jpg.jpg
2021-08-11 17:40:09,378 INFO util.FileUtils$Companion [Thread-7] YAML metadata already exists: DSCF1075.JPG.jpg.jpg.jpg.yaml
2021-08-11 17:40:09,381 INFO util.FileUtils$Companion [Thread-7] Thumbnail already exists: DSCF1075.JPG.jpg.jpg.jpg.jpg
2021-08-11 17:40:09,395 INFO util.FileUtils$Companion [Thread-7] YAML metadata already exists: DSCF1076.JPG.jpg.jpg.jpg.yaml
2021-08-11 17:40:09,398 INFO util.FileUtils$Companion [Thread-7] Thumbnail already exists: DSCF1076.JPG.jpg.jpg.jpg.jpg
2021-08-11 17:40:09,413 INFO util.FileUtils$Companion [Thread-7] YAML metadata already exists: DSCF1077.JPG.jpg.jpg.jpg.yaml
2021-08-11 17:40:09,415 INFO util.FileUtils$Companion [Thread-7] Thumbnail already exists: DSCF1077.JPG.jpg.jpg.jpg.jpg
2021-08-11 17:40:09,430 INFO util.FileUtils$Companion [Thread-7] YAML metadata already exists: DSCF1078.JPG.jpg.jpg.jpg.yaml
2021-08-11 17:40:09,434 INFO util.FileUtils$Companion [Thread-7] Thumbnail already exists: DSCF1078.JPG.jpg.jpg.jpg.jpg
2021-08-11 17:40:09,448 INFO util.FileUtils$Companion [Thread-7] YAML metadata already exists: DSCF1079.JPG.jpg.jpg.jpg.yaml
2021-08-11 17:40:09,451 INFO util.FileUtils$Companion [Thread-7] Thumbnail already exists: DSCF1079.JPG.jpg.jpg.jpg.jpg
2021-08-11 17:40:09,466 INFO util.FileUtils$Companion [Thread-7] YAML metadata already exists: DSCF1061.JPG.jpg.jpg.jpg.jpg.yaml
2021-08-11 17:40:09,469 INFO util.FileUtils$Companion [Thread-7] Thumbnail already exists: DSCF1061.JPG.jpg.jpg.jpg.jpg.jpg
2021-08-11 17:40:09,482 INFO util.FileUtils$Companion [Thread-7] YAML metadata already exists: DSCF1062.JPG.jpg.jpg.jpg.jpg.yaml
2021-08-11 17:40:09,487 INFO util.FileUtils$Companion [Thread-7] Thumbnail already exists: DSCF1062.JPG.jpg.jpg.jpg.jpg.jpg
2021-08-11 17:40:09,504 INFO util.FileUtils$Companion [Thread-7] YAML metadata already exists: DSCF1063.JPG.jpg.jpg.jpg.jpg.yaml
2021-08-11 17:40:09,508 INFO util.FileUtils$Companion [Thread-7] Thumbnail already exists: DSCF1063.JPG.jpg.jpg.jpg.jpg.jpg
2021-08-11 17:40:09,523 INFO util.FileUtils$Companion [Thread-7] YAML metadata already exists: DSCF1080.JPG.jpg.jpg.jpg.jpg.yaml
2021-08-11 17:40:09,527 INFO util.FileUtils$Companion [Thread-7] Thumbnail already exists: DSCF1080.JPG.jpg.jpg.jpg.jpg.jpg
2021-08-11 17:40:09,542 INFO util.FileUtils$Companion [Thread-7] YAML metadata already exists: DSCF1074.JPG.jpg.jpg.jpg.jpg.yaml
2021-08-11 17:40:09,546 INFO util.FileUtils$Companion [Thread-7] Thumbnail already exists: DSCF1074.JPG.jpg.jpg.jpg.jpg.jpg
2021-08-11 17:40:09,560 INFO util.FileUtils$Companion [Thread-7] YAML metadata already exists: DSCF1075.JPG.jpg.jpg.jpg.jpg.yaml
2021-08-11 17:40:09,563 INFO util.FileUtils$Companion [Thread-7] Thumbnail already exists: DSCF1075.JPG.jpg.jpg.jpg.jpg.jpg
2021-08-11 17:40:09,577 INFO util.FileUtils$Companion [Thread-7] YAML metadata already exists: DSCF1076.JPG.jpg.jpg.jpg.jpg.yaml
2021-08-11 17:40:09,581 INFO util.FileUtils$Companion [Thread-7] Thumbnail already exists: DSCF1076.JPG.jpg.jpg.jpg.jpg.jpg
2021-08-11 17:40:09,595 INFO util.FileUtils$Companion [Thread-7] YAML metadata already exists: DSCF1077.JPG.jpg.jpg.jpg.jpg.yaml
2021-08-11 17:40:09,598 INFO util.FileUtils$Companion [Thread-7] Thumbnail already exists: DSCF1077.JPG.jpg.jpg.jpg.jpg.jpg
2021-08-11 17:40:09,612 INFO util.FileUtils$Companion [Thread-7] YAML metadata already exists: DSCF1078.JPG.jpg.jpg.jpg.jpg.yaml
2021-08-11 17:40:09,616 INFO util.FileUtils$Companion [Thread-7] Thumbnail already exists: DSCF1078.JPG.jpg.jpg.jpg.jpg.jpg
2021-08-11 17:40:09,630 INFO util.FileUtils$Companion [Thread-7] YAML metadata already exists: DSCF1079.JPG.jpg.jpg.jpg.jpg.yaml
2021-08-11 17:40:09,633 INFO util.FileUtils$Companion [Thread-7] Thumbnail already exists: DSCF1079.JPG.jpg.jpg.jpg.jpg.jpg
2021-08-11 17:40:09,648 INFO util.FileUtils$Companion [Thread-7] YAML metadata already exists: DSCF1061.JPG.jpg.jpg.jpg.jpg.jpg.yaml
2021-08-11 17:40:09,651 INFO util.FileUtils$Companion [Thread-7] Thumbnail already exists: DSCF1061.JPG.jpg.jpg.jpg.jpg.jpg.jpg
2021-08-11 17:40:09,666 INFO util.FileUtils$Companion [Thread-7] YAML metadata already exists: DSCF1062.JPG.jpg.jpg.jpg.jpg.jpg.yaml
2021-08-11 17:40:09,671 INFO util.FileUtils$Companion [Thread-7] Thumbnail already exists: DSCF1062.JPG.jpg.jpg.jpg.jpg.jpg.jpg
2021-08-11 17:40:09,687 INFO util.FileUtils$Companion [Thread-7] YAML metadata already exists: DSCF1063.JPG.jpg.jpg.jpg.jpg.jpg.yaml
2021-08-11 17:40:09,691 INFO util.FileUtils$Companion [Thread-7] Thumbnail already exists: DSCF1063.JPG.jpg.jpg.jpg.jpg.jpg.jpg
2021-08-11 17:40:09,706 INFO util.FileUtils$Companion [Thread-7] YAML metadata already exists: DSCF1080.JPG.jpg.jpg.jpg.jpg.jpg.yaml
2021-08-11 17:40:09,709 INFO util.FileUtils$Companion [Thread-7] Thumbnail already exists: DSCF1080.JPG.jpg.jpg.jpg.jpg.jpg.jpg
2021-08-11 17:40:09,724 INFO util.FileUtils$Companion [Thread-7] YAML metadata already exists: DSCF1074.JPG.jpg.jpg.jpg.jpg.jpg.yaml
2021-08-11 17:40:09,728 INFO util.FileUtils$Companion [Thread-7] Thumbnail already exists: DSCF1074.JPG.jpg.jpg.jpg.jpg.jpg.jpg
2021-08-11 17:40:09,743 INFO util.FileUtils$Companion [Thread-7] YAML metadata already exists: DSCF1075.JPG.jpg.jpg.jpg.jpg.jpg.yaml
2021-08-11 17:40:09,746 INFO util.FileUtils$Companion [Thread-7] Thumbnail already exists: DSCF1075.JPG.jpg.jpg.jpg.jpg.jpg.jpg
2021-08-11 17:40:09,763 INFO util.FileUtils$Companion [Thread-7] YAML metadata already exists: DSCF1076.JPG.jpg.jpg.jpg.jpg.jpg.yaml
2021-08-11 17:40:09,767 INFO util.FileUtils$Companion [Thread-7] Thumbnail already exists: DSCF1076.JPG.jpg.jpg.jpg.jpg.jpg.jpg
2021-08-11 17:40:09,788 INFO util.FileUtils$Companion [Thread-7] YAML metadata already exists: DSCF1077.JPG.jpg.jpg.jpg.jpg.jpg.yaml
2021-08-11 17:40:09,792 INFO util.FileUtils$Companion [Thread-7] Thumbnail already exists: DSCF1077.JPG.jpg.jpg.jpg.jpg.jpg.jpg
2021-08-11 17:40:09,808 INFO util.FileUtils$Companion [Thread-7] YAML metadata already exists: DSCF1078.JPG.jpg.jpg.jpg.jpg.jpg.yaml
2021-08-11 17:40:09,811 INFO util.FileUtils$Companion [Thread-7] Thumbnail already exists: DSCF1078.JPG.jpg.jpg.jpg.jpg.jpg.jpg
2021-08-11 17:40:09,828 INFO util.FileUtils$Companion [Thread-7] YAML metadata already exists: DSCF1079.JPG.jpg.jpg.jpg.jpg.jpg.yaml
2021-08-11 17:40:09,832 INFO util.FileUtils$Companion [Thread-7] Thumbnail already exists: DSCF1079.JPG.jpg.jpg.jpg.jpg.jpg.jpg
2021-08-11 17:40:09,848 INFO util.FileUtils$Companion [Thread-7] YAML metadata already exists: DSCF1061.JPG.jpg.jpg.jpg.jpg.jpg.jpg.yaml
2021-08-11 17:40:09,852 INFO util.FileUtils$Companion [Thread-7] Thumbnail already exists: DSCF1061.JPG.jpg.jpg.jpg.jpg.jpg.jpg.jpg
2021-08-11 17:40:09,867 INFO util.FileUtils$Companion [Thread-7] YAML metadata already exists: DSCF1062.JPG.jpg.jpg.jpg.jpg.jpg.jpg.yaml
2021-08-11 17:40:09,871 INFO util.FileUtils$Companion [Thread-7] Thumbnail already exists: DSCF1062.JPG.jpg.jpg.jpg.jpg.jpg.jpg.jpg
2021-08-11 17:40:09,886 INFO util.FileUtils$Companion [Thread-7] YAML metadata already exists: DSCF1063.JPG.jpg.jpg.jpg.jpg.jpg.jpg.yaml
2021-08-11 17:40:09,889 INFO util.FileUtils$Companion [Thread-7] Thumbnail already exists: DSCF1063.JPG.jpg.jpg.jpg.jpg.jpg.jpg.jpg
2021-08-11 17:40:09,904 INFO util.FileUtils$Companion [Thread-7] YAML metadata already exists: DSCF1080.JPG.jpg.jpg.jpg.jpg.jpg.jpg.yaml
2021-08-11 17:40:09,907 INFO util.FileUtils$Companion [Thread-7] Thumbnail already exists: DSCF1080.JPG.jpg.jpg.jpg.jpg.jpg.jpg.jpg
2021-08-11 17:40:09,924 INFO util.FileUtils$Companion [Thread-7] YAML metadata already exists: DSCF1074.JPG.jpg.jpg.jpg.jpg.jpg.jpg.yaml
2021-08-11 17:40:09,928 INFO util.FileUtils$Companion [Thread-7] Thumbnail already exists: DSCF1074.JPG.jpg.jpg.jpg.jpg.jpg.jpg.jpg
2021-08-11 17:40:09,944 INFO util.FileUtils$Companion [Thread-7] YAML metadata already exists: DSCF1075.JPG.jpg.jpg.jpg.jpg.jpg.jpg.yaml
2021-08-11 17:40:09,947 INFO util.FileUtils$Companion [Thread-7] Thumbnail already exists: DSCF1075.JPG.jpg.jpg.jpg.jpg.jpg.jpg.jpg
2021-08-11 17:40:09,962 INFO util.FileUtils$Companion [Thread-7] YAML metadata already exists: DSCF1076.JPG.jpg.jpg.jpg.jpg.jpg.jpg.yaml
2021-08-11 17:40:09,965 INFO util.FileUtils$Companion [Thread-7] Thumbnail already exists: DSCF1076.JPG.jpg.jpg.jpg.jpg.jpg.jpg.jpg
2021-08-11 17:40:09,979 INFO util.FileUtils$Companion [Thread-7] YAML metadata already exists: DSCF1077.JPG.jpg.jpg.jpg.jpg.jpg.jpg.yaml
2021-08-11 17:40:09,982 INFO util.FileUtils$Companion [Thread-7] Thumbnail already exists: DSCF1077.JPG.jpg.jpg.jpg.jpg.jpg.jpg.jpg
2021-08-11 17:40:09,997 INFO util.FileUtils$Companion [Thread-7] YAML metadata already exists: DSCF1078.JPG.jpg.jpg.jpg.jpg.jpg.jpg.yaml
2021-08-11 17:40:10,000 INFO util.FileUtils$Companion [Thread-7] Thumbnail already exists: DSCF1078.JPG.jpg.jpg.jpg.jpg.jpg.jpg.jpg
2021-08-11 17:40:10,014 INFO util.FileUtils$Companion [Thread-7] YAML metadata already exists: DSCF1079.JPG.jpg.jpg.jpg.jpg.jpg.jpg.yaml
2021-08-11 17:40:10,016 INFO util.FileUtils$Companion [Thread-7] Thumbnail already exists: DSCF1079.JPG.jpg.jpg.jpg.jpg.jpg.jpg.jpg
2021-08-11 17:40:10,031 INFO util.FileUtils$Companion [Thread-7] YAML metadata already exists: DSCF1061.JPG.jpg.jpg.jpg.jpg.jpg.jpg.jpg.yaml
2021-08-11 17:40:10,034 INFO util.FileUtils$Companion [Thread-7] Thumbnail already exists: DSCF1061.JPG.jpg.jpg.jpg.jpg.jpg.jpg.jpg.jpg
2021-08-11 17:40:10,049 INFO util.FileUtils$Companion [Thread-7] YAML metadata already exists: DSCF1062.JPG.jpg.jpg.jpg.jpg.jpg.jpg.jpg.yaml
2021-08-11 17:40:10,053 INFO util.FileUtils$Companion [Thread-7] Thumbnail already exists: DSCF1062.JPG.jpg.jpg.jpg.jpg.jpg.jpg.jpg.jpg
2021-08-11 17:40:10,066 INFO util.FileUtils$Companion [Thread-7] YAML metadata already exists: DSCF1063.JPG.jpg.jpg.jpg.jpg.jpg.jpg.jpg.yaml
2021-08-11 17:40:10,070 INFO util.FileUtils$Companion [Thread-7] Thumbnail already exists: DSCF1063.JPG.jpg.jpg.jpg.jpg.jpg.jpg.jpg.jpg
2021-08-11 17:40:10,085 INFO util.FileUtils$Companion [Thread-7] YAML metadata already exists: DSCF1080.JPG.jpg.jpg.jpg.jpg.jpg.jpg.jpg.yaml
2021-08-11 17:40:10,095 INFO util.FileUtils$Companion [Thread-7] Thumbnail already exists: DSCF1080.JPG.jpg.jpg.jpg.jpg.jpg.jpg.jpg.jpg
2021-08-11 17:40:10,124 INFO util.FileUtils$Companion [Thread-7] YAML metadata already exists: DSCF1074.JPG.jpg.jpg.jpg.jpg.jpg.jpg.jpg.yaml
2021-08-11 17:40:10,127 INFO util.FileUtils$Companion [Thread-7] Thumbnail already exists: DSCF1074.JPG.jpg.jpg.jpg.jpg.jpg.jpg.jpg.jpg
2021-08-11 17:40:10,144 INFO util.FileUtils$Companion [Thread-7] YAML metadata already exists: DSCF1075.JPG.jpg.jpg.jpg.jpg.jpg.jpg.jpg.yaml
2021-08-11 17:40:10,149 INFO util.FileUtils$Companion [Thread-7] Thumbnail already exists: DSCF1075.JPG.jpg.jpg.jpg.jpg.jpg.jpg.jpg.jpg
2021-08-11 17:40:10,168 INFO util.FileUtils$Companion [Thread-7] YAML metadata already exists: DSCF1076.JPG.jpg.jpg.jpg.jpg.jpg.jpg.jpg.yaml
2021-08-11 17:40:10,173 INFO util.FileUtils$Companion [Thread-7] Thumbnail already exists: DSCF1076.JPG.jpg.jpg.jpg.jpg.jpg.jpg.jpg.jpg
2021-08-11 17:40:10,200 INFO util.FileUtils$Companion [Thread-7] YAML metadata already exists: DSCF1077.JPG.jpg.jpg.jpg.jpg.jpg.jpg.jpg.yaml
2021-08-11 17:40:10,203 INFO util.FileUtils$Companion [Thread-7] Thumbnail already exists: DSCF1077.JPG.jpg.jpg.jpg.jpg.jpg.jpg.jpg.jpg
2021-08-11 17:40:10,222 INFO util.FileUtils$Companion [Thread-7] YAML metadata already exists: DSCF1078.JPG.jpg.jpg.jpg.jpg.jpg.jpg.jpg.yaml
2021-08-11 17:40:10,226 INFO util.FileUtils$Companion [Thread-7] Thumbnail already exists: DSCF1078.JPG.jpg.jpg.jpg.jpg.jpg.jpg.jpg.jpg
2021-08-11 17:40:10,244 INFO util.FileUtils$Companion [Thread-7] YAML metadata already exists: DSCF1079.JPG.jpg.jpg.jpg.jpg.jpg.jpg.jpg.yaml
2021-08-11 17:40:10,248 INFO util.FileUtils$Companion [Thread-7] Thumbnail already exists: DSCF1079.JPG.jpg.jpg.jpg.jpg.jpg.jpg.jpg.jpg
2021-08-11 17:40:10,266 INFO util.FileUtils$Companion [Thread-7] YAML metadata already exists: DSCF1061.JPG.jpg.jpg.jpg.jpg.jpg.jpg.jpg.jpg.yaml
2021-08-11 17:40:10,269 INFO util.FileUtils$Companion [Thread-7] Thumbnail already exists: DSCF1061.JPG.jpg.jpg.jpg.jpg.jpg.jpg.jpg.jpg.jpg
2021-08-11 17:40:10,289 INFO util.FileUtils$Companion [Thread-7] YAML metadata already exists: DSCF1062.JPG.jpg.jpg.jpg.jpg.jpg.jpg.jpg.jpg.yaml
2021-08-11 17:40:10,292 INFO util.FileUtils$Companion [Thread-7] Thumbnail already exists: DSCF1062.JPG.jpg.jpg.jpg.jpg.jpg.jpg.jpg.jpg.jpg
2021-08-11 17:40:10,310 INFO util.FileUtils$Companion [Thread-7] YAML metadata already exists: DSCF1063.JPG.jpg.jpg.jpg.jpg.jpg.jpg.jpg.jpg.yaml
2021-08-11 17:40:10,314 INFO util.FileUtils$Companion [Thread-7] Thumbnail already exists: DSCF1063.JPG.jpg.jpg.jpg.jpg.jpg.jpg.jpg.jpg.jpg
2021-08-11 17:40:10,333 INFO util.FileUtils$Companion [Thread-7] YAML metadata already exists: DSCF1080.JPG.jpg.jpg.jpg.jpg.jpg.jpg.jpg.jpg.yaml
2021-08-11 17:40:10,337 INFO util.FileUtils$Companion [Thread-7] Thumbnail already exists: DSCF1080.JPG.jpg.jpg.jpg.jpg.jpg.jpg.jpg.jpg.jpg
2021-08-11 17:40:10,353 INFO util.FileUtils$Companion [Thread-7] YAML metadata already exists: DSCF1074.JPG.jpg.jpg.jpg.jpg.jpg.jpg.jpg.jpg.yaml
2021-08-11 17:40:10,358 INFO util.FileUtils$Companion [Thread-7] Thumbnail already exists: DSCF1074.JPG.jpg.jpg.jpg.jpg.jpg.jpg.jpg.jpg.jpg
2021-08-11 17:40:10,379 INFO util.FileUtils$Companion [Thread-7] YAML metadata already exists: DSCF1075.JPG.jpg.jpg.jpg.jpg.jpg.jpg.jpg.jpg.yaml
2021-08-11 17:40:10,384 INFO util.FileUtils$Companion [Thread-7] Thumbnail already exists: DSCF1075.JPG.jpg.jpg.jpg.jpg.jpg.jpg.jpg.jpg.jpg
2021-08-11 17:40:10,405 INFO util.FileUtils$Companion [Thread-7] YAML metadata already exists: DSCF1076.JPG.jpg.jpg.jpg.jpg.jpg.jpg.jpg.jpg.yaml
2021-08-11 17:40:10,410 INFO util.FileUtils$Companion [Thread-7] Thumbnail already exists: DSCF1076.JPG.jpg.jpg.jpg.jpg.jpg.jpg.jpg.jpg.jpg
2021-08-11 17:40:10,430 INFO util.FileUtils$Companion [Thread-7] YAML metadata already exists: DSCF1077.JPG.jpg.jpg.jpg.jpg.jpg.jpg.jpg.jpg.yaml
2021-08-11 17:40:10,434 INFO util.FileUtils$Companion [Thread-7] Thumbnail already exists: DSCF1077.JPG.jpg.jpg.jpg.jpg.jpg.jpg.jpg.jpg.jpg
2021-08-11 17:40:10,449 INFO util.FileUtils$Companion [Thread-7] YAML metadata already exists: DSCF1078.JPG.jpg.jpg.jpg.jpg.jpg.jpg.jpg.jpg.yaml
2021-08-11 17:40:10,453 INFO util.FileUtils$Companion [Thread-7] Thumbnail already exists: DSCF1078.JPG.jpg.jpg.jpg.jpg.jpg.jpg.jpg.jpg.jpg
2021-08-11 17:40:10,476 INFO util.FileUtils$Companion [Thread-7] YAML metadata already exists: DSCF1079.JPG.jpg.jpg.jpg.jpg.jpg.jpg.jpg.jpg.yaml
2021-08-11 17:40:10,480 INFO util.FileUtils$Companion [Thread-7] Thumbnail already exists: DSCF1079.JPG.jpg.jpg.jpg.jpg.jpg.jpg.jpg.jpg.jpg
2021-08-11 17:40:10,504 INFO util.FileUtils$Companion [Thread-7] YAML metadata created: DSCF1061.JPG.jpg.jpg.jpg.jpg.jpg.jpg.jpg.jpg.jpg.yaml
2021-08-11 17:40:10,514 INFO util.FileUtils$Companion [Thread-7] Thumbnail created: DSCF1061.JPG.jpg.jpg.jpg.jpg.jpg.jpg.jpg.jpg.jpg.jpg
2021-08-11 17:40:10,532 INFO util.FileUtils$Companion [Thread-7] YAML metadata created: DSCF1062.JPG.jpg.jpg.jpg.jpg.jpg.jpg.jpg.jpg.jpg.yaml
2021-08-11 17:40:10,537 INFO util.FileUtils$Companion [Thread-7] Thumbnail created: DSCF1062.JPG.jpg.jpg.jpg.jpg.jpg.jpg.jpg.jpg.jpg.jpg
2021-08-11 17:40:10,554 INFO util.FileUtils$Companion [Thread-7] YAML metadata created: DSCF1063.JPG.jpg.jpg.jpg.jpg.jpg.jpg.jpg.jpg.jpg.yaml
2021-08-11 17:40:10,559 INFO util.FileUtils$Companion [Thread-7] Thumbnail created: DSCF1063.JPG.jpg.jpg.jpg.jpg.jpg.jpg.jpg.jpg.jpg.jpg
2021-08-11 17:40:10,576 INFO util.FileUtils$Companion [Thread-7] YAML metadata created: DSCF1080.JPG.jpg.jpg.jpg.jpg.jpg.jpg.jpg.jpg.jpg.yaml
2021-08-11 17:40:10,580 INFO util.FileUtils$Companion [Thread-7] Thumbnail created: DSCF1080.JPG.jpg.jpg.jpg.jpg.jpg.jpg.jpg.jpg.jpg.jpg
2021-08-11 17:40:10,595 INFO util.FileUtils$Companion [Thread-7] YAML metadata created: DSCF1074.JPG.jpg.jpg.jpg.jpg.jpg.jpg.jpg.jpg.jpg.yaml
2021-08-11 17:40:10,599 INFO util.FileUtils$Companion [Thread-7] Thumbnail created: DSCF1074.JPG.jpg.jpg.jpg.jpg.jpg.jpg.jpg.jpg.jpg.jpg
2021-08-11 17:40:10,615 INFO util.FileUtils$Companion [Thread-7] YAML metadata created: DSCF1075.JPG.jpg.jpg.jpg.jpg.jpg.jpg.jpg.jpg.jpg.yaml
2021-08-11 17:40:10,619 INFO util.FileUtils$Companion [Thread-7] Thumbnail created: DSCF1075.JPG.jpg.jpg.jpg.jpg.jpg.jpg.jpg.jpg.jpg.jpg
2021-08-11 17:40:10,635 INFO util.FileUtils$Companion [Thread-7] YAML metadata created: DSCF1076.JPG.jpg.jpg.jpg.jpg.jpg.jpg.jpg.jpg.jpg.yaml
2021-08-11 17:40:10,639 INFO util.FileUtils$Companion [Thread-7] Thumbnail created: DSCF1076.JPG.jpg.jpg.jpg.jpg.jpg.jpg.jpg.jpg.jpg.jpg
2021-08-11 17:40:10,655 INFO util.FileUtils$Companion [Thread-7] YAML metadata created: DSCF1077.JPG.jpg.jpg.jpg.jpg.jpg.jpg.jpg.jpg.jpg.yaml
2021-08-11 17:40:10,658 INFO util.FileUtils$Companion [Thread-7] Thumbnail created: DSCF1077.JPG.jpg.jpg.jpg.jpg.jpg.jpg.jpg.jpg.jpg.jpg
2021-08-11 17:40:10,673 INFO util.FileUtils$Companion [Thread-7] YAML metadata created: DSCF1078.JPG.jpg.jpg.jpg.jpg.jpg.jpg.jpg.jpg.jpg.yaml
2021-08-11 17:40:10,678 INFO util.FileUtils$Companion [Thread-7] Thumbnail created: DSCF1078.JPG.jpg.jpg.jpg.jpg.jpg.jpg.jpg.jpg.jpg.jpg
2021-08-11 17:40:10,694 INFO util.FileUtils$Companion [Thread-7] YAML metadata created: DSCF1079.JPG.jpg.jpg.jpg.jpg.jpg.jpg.jpg.jpg.jpg.yaml
2021-08-11 17:40:10,698 INFO util.FileUtils$Companion [Thread-7] Thumbnail created: DSCF1079.JPG.jpg.jpg.jpg.jpg.jpg.jpg.jpg.jpg.jpg.jpg
2021-08-11 17:40:22,070 INFO org.springframework.boot.StartupInfoLogger [restartedMain] Starting ShashinApplicationKt using Java 16.0.2 on LAPTOP-KQMN93J1 with PID 14432 (C:\Users\micha\IdeaProjects\shashin\target\classes started by micha in C:\Users\micha\IdeaProjects\shashin)
2021-08-11 17:40:22,073 INFO org.springframework.boot.SpringApplication [restartedMain] No active profile set, falling back to default profiles: default
2021-08-11 17:40:22,144 INFO org.springframework.boot.logging.DeferredLog [restartedMain] Devtools property defaults active! Set 'spring.devtools.add-properties' to 'false' to disable
2021-08-11 17:40:22,145 INFO org.springframework.boot.logging.DeferredLog [restartedMain] For additional web related logging consider setting the 'logging.level.web' property to 'DEBUG'
2021-08-11 17:40:23,586 INFO org.springframework.boot.web.embedded.tomcat.TomcatWebServer [restartedMain] Tomcat initialized with port(s): 8080 (http)
2021-08-11 17:40:23,596 INFO org.apache.juli.logging.DirectJDKLog [restartedMain] Initializing ProtocolHandler ["http-nio-8080"]
2021-08-11 17:40:23,597 INFO org.apache.juli.logging.DirectJDKLog [restartedMain] Starting service [Tomcat]
2021-08-11 17:40:23,598 INFO org.apache.juli.logging.DirectJDKLog [restartedMain] Starting Servlet engine: [Apache Tomcat/9.0.50]
2021-08-11 17:40:23,671 INFO org.apache.juli.logging.DirectJDKLog [restartedMain] Initializing Spring embedded WebApplicationContext
2021-08-11 17:40:23,671 INFO org.springframework.boot.web.servlet.context.ServletWebServerApplicationContext [restartedMain] Root WebApplicationContext: initialization completed in 1524 ms
2021-08-11 17:40:23,920 INFO org.springframework.boot.autoconfigure.web.servlet.WelcomePageHandlerMapping [restartedMain] Adding welcome page: class path resource [static/index.html]
2021-08-11 17:40:24,064 INFO org.springframework.boot.devtools.autoconfigure.OptionalLiveReloadServer [restartedMain] LiveReload server is running on port 35729
2021-08-11 17:40:24,081 INFO org.apache.juli.logging.DirectJDKLog [restartedMain] Starting ProtocolHandler ["http-nio-8080"]
2021-08-11 17:40:24,125 INFO org.springframework.boot.web.embedded.tomcat.TomcatWebServer [restartedMain] Tomcat started on port(s): 8080 (http) with context path ''
2021-08-11 17:40:24,140 INFO org.springframework.boot.StartupInfoLogger [restartedMain] Started ShashinApplicationKt in 2.735 seconds (JVM running for 3.677)
2021-08-11 17:40:24,193 INFO org.apache.juli.logging.DirectJDKLog [http-nio-8080-exec-1] Initializing Spring DispatcherServlet 'dispatcherServlet'
2021-08-11 17:40:24,194 INFO org.springframework.web.servlet.FrameworkServlet [http-nio-8080-exec-1] Initializing Servlet 'dispatcherServlet'
2021-08-11 17:40:24,195 INFO org.springframework.web.servlet.FrameworkServlet [http-nio-8080-exec-1] Completed initialization in 1 ms
2021-08-11 17:40:24,315 INFO util.FileUtils$Companion [Thread-7] Thread created: Thread-7.shashinscan
2021-08-11 17:40:24,373 INFO util.FileUtils$Companion [Thread-7] YAML metadata already exists: DSCF1061.JPG.yaml
2021-08-11 17:40:24,913 INFO util.FileUtils$Companion [Thread-7] Thumbnail already exists: DSCF1061.JPG.jpg
2021-08-11 17:40:24,939 INFO util.FileUtils$Companion [Thread-7] YAML metadata already exists: DSCF1062.JPG.yaml
2021-08-11 17:40:25,406 INFO util.FileUtils$Companion [Thread-7] Thumbnail already exists: DSCF1062.JPG.jpg
2021-08-11 17:40:25,422 INFO util.FileUtils$Companion [Thread-7] YAML metadata already exists: DSCF1063.JPG.yaml
2021-08-11 17:40:25,869 INFO util.FileUtils$Companion [Thread-7] Thumbnail already exists: DSCF1063.JPG.jpg
2021-08-11 17:40:25,882 INFO util.FileUtils$Companion [Thread-7] YAML metadata already exists: DSCF1080.JPG.yaml
2021-08-11 17:40:26,423 INFO util.FileUtils$Companion [Thread-7] Thumbnail already exists: DSCF1080.JPG.jpg
2021-08-11 17:40:26,437 INFO util.FileUtils$Companion [Thread-7] YAML metadata already exists: DSCF1074.JPG.yaml
2021-08-11 17:40:26,865 INFO util.FileUtils$Companion [Thread-7] Thumbnail already exists: DSCF1074.JPG.jpg
2021-08-11 17:40:26,876 INFO util.FileUtils$Companion [Thread-7] YAML metadata already exists: DSCF1075.JPG.yaml
2021-08-11 17:40:27,237 INFO util.FileUtils$Companion [Thread-7] Thumbnail already exists: DSCF1075.JPG.jpg
2021-08-11 17:40:27,249 INFO util.FileUtils$Companion [Thread-7] YAML metadata already exists: DSCF1076.JPG.yaml
2021-08-11 17:40:27,600 INFO util.FileUtils$Companion [Thread-7] Thumbnail already exists: DSCF1076.JPG.jpg
2021-08-11 17:40:27,611 INFO util.FileUtils$Companion [Thread-7] YAML metadata already exists: DSCF1077.JPG.yaml
2021-08-11 17:40:27,984 INFO util.FileUtils$Companion [Thread-7] Thumbnail already exists: DSCF1077.JPG.jpg
2021-08-11 17:40:27,995 INFO util.FileUtils$Companion [Thread-7] YAML metadata already exists: DSCF1078.JPG.yaml
2021-08-11 17:40:28,337 INFO util.FileUtils$Companion [Thread-7] Thumbnail already exists: DSCF1078.JPG.jpg
2021-08-11 17:40:28,351 INFO util.FileUtils$Companion [Thread-7] YAML metadata already exists: DSCF1079.JPG.yaml
2021-08-11 17:40:28,695 INFO util.FileUtils$Companion [Thread-7] Thumbnail already exists: DSCF1079.JPG.jpg
2021-08-11 17:40:28,734 INFO util.FileUtils$Companion [Thread-7] YAML metadata already exists: DSCF1061.JPG.jpg.yaml
2021-08-11 17:40:28,737 INFO util.FileUtils$Companion [Thread-7] Thumbnail already exists: DSCF1061.JPG.jpg.jpg
2021-08-11 17:40:28,752 INFO util.FileUtils$Companion [Thread-7] YAML metadata already exists: DSCF1062.JPG.jpg.yaml
2021-08-11 17:40:28,755 INFO util.FileUtils$Companion [Thread-7] Thumbnail already exists: DSCF1062.JPG.jpg.jpg
2021-08-11 17:40:28,772 INFO util.FileUtils$Companion [Thread-7] YAML metadata already exists: DSCF1063.JPG.jpg.yaml
2021-08-11 17:40:28,776 INFO util.FileUtils$Companion [Thread-7] Thumbnail already exists: DSCF1063.JPG.jpg.jpg
2021-08-11 17:40:28,789 INFO util.FileUtils$Companion [Thread-7] YAML metadata already exists: DSCF1080.JPG.jpg.yaml
2021-08-11 17:40:28,794 INFO util.FileUtils$Companion [Thread-7] Thumbnail already exists: DSCF1080.JPG.jpg.jpg
2021-08-11 17:40:28,811 INFO util.FileUtils$Companion [Thread-7] YAML metadata already exists: DSCF1074.JPG.jpg.yaml
2021-08-11 17:40:28,814 INFO util.FileUtils$Companion [Thread-7] Thumbnail already exists: DSCF1074.JPG.jpg.jpg
2021-08-11 17:40:28,829 INFO util.FileUtils$Companion [Thread-7] YAML metadata already exists: DSCF1075.JPG.jpg.yaml
2021-08-11 17:40:28,832 INFO util.FileUtils$Companion [Thread-7] Thumbnail already exists: DSCF1075.JPG.jpg.jpg
2021-08-11 17:40:28,847 INFO util.FileUtils$Companion [Thread-7] YAML metadata already exists: DSCF1076.JPG.jpg.yaml
2021-08-11 17:40:28,851 INFO util.FileUtils$Companion [Thread-7] Thumbnail already exists: DSCF1076.JPG.jpg.jpg
2021-08-11 17:40:28,865 INFO util.FileUtils$Companion [Thread-7] YAML metadata already exists: DSCF1077.JPG.jpg.yaml
2021-08-11 17:40:28,869 INFO util.FileUtils$Companion [Thread-7] Thumbnail already exists: DSCF1077.JPG.jpg.jpg
2021-08-11 17:40:28,884 INFO util.FileUtils$Companion [Thread-7] YAML metadata already exists: DSCF1078.JPG.jpg.yaml
2021-08-11 17:40:28,888 INFO util.FileUtils$Companion [Thread-7] Thumbnail already exists: DSCF1078.JPG.jpg.jpg
2021-08-11 17:40:28,907 INFO util.FileUtils$Companion [Thread-7] YAML metadata already exists: DSCF1079.JPG.jpg.yaml
2021-08-11 17:40:28,911 INFO util.FileUtils$Companion [Thread-7] Thumbnail already exists: DSCF1079.JPG.jpg.jpg
2021-08-11 17:40:28,926 INFO util.FileUtils$Companion [Thread-7] YAML metadata already exists: DSCF1061.JPG.jpg.jpg.yaml
2021-08-11 17:40:28,930 INFO util.FileUtils$Companion [Thread-7] Thumbnail already exists: DSCF1061.JPG.jpg.jpg.jpg
2021-08-11 17:40:28,944 INFO util.FileUtils$Companion [Thread-7] YAML metadata already exists: DSCF1062.JPG.jpg.jpg.yaml
2021-08-11 17:40:28,948 INFO util.FileUtils$Companion [Thread-7] Thumbnail already exists: DSCF1062.JPG.jpg.jpg.jpg
2021-08-11 17:40:28,967 INFO util.FileUtils$Companion [Thread-7] YAML metadata already exists: DSCF1063.JPG.jpg.jpg.yaml
2021-08-11 17:40:28,972 INFO util.FileUtils$Companion [Thread-7] Thumbnail already exists: DSCF1063.JPG.jpg.jpg.jpg
2021-08-11 17:40:28,989 INFO util.FileUtils$Companion [Thread-7] YAML metadata already exists: DSCF1080.JPG.jpg.jpg.yaml
2021-08-11 17:40:28,992 INFO util.FileUtils$Companion [Thread-7] Thumbnail already exists: DSCF1080.JPG.jpg.jpg.jpg
2021-08-11 17:40:29,010 INFO util.FileUtils$Companion [Thread-7] YAML metadata already exists: DSCF1074.JPG.jpg.jpg.yaml
2021-08-11 17:40:29,014 INFO util.FileUtils$Companion [Thread-7] Thumbnail already exists: DSCF1074.JPG.jpg.jpg.jpg
2021-08-11 17:40:29,030 INFO util.FileUtils$Companion [Thread-7] YAML metadata already exists: DSCF1075.JPG.jpg.jpg.yaml
2021-08-11 17:40:29,034 INFO util.FileUtils$Companion [Thread-7] Thumbnail already exists: DSCF1075.JPG.jpg.jpg.jpg
2021-08-11 17:40:29,053 INFO util.FileUtils$Companion [Thread-7] YAML metadata already exists: DSCF1076.JPG.jpg.jpg.yaml
2021-08-11 17:40:29,057 INFO util.FileUtils$Companion [Thread-7] Thumbnail already exists: DSCF1076.JPG.jpg.jpg.jpg
2021-08-11 17:40:29,072 INFO util.FileUtils$Companion [Thread-7] YAML metadata already exists: DSCF1077.JPG.jpg.jpg.yaml
2021-08-11 17:40:29,075 INFO util.FileUtils$Companion [Thread-7] Thumbnail already exists: DSCF1077.JPG.jpg.jpg.jpg
2021-08-11 17:40:29,089 INFO util.FileUtils$Companion [Thread-7] YAML metadata already exists: DSCF1078.JPG.jpg.jpg.yaml
2021-08-11 17:40:29,092 INFO util.FileUtils$Companion [Thread-7] Thumbnail already exists: DSCF1078.JPG.jpg.jpg.jpg
2021-08-11 17:40:29,107 INFO util.FileUtils$Companion [Thread-7] YAML metadata already exists: DSCF1079.JPG.jpg.jpg.yaml
2021-08-11 17:40:29,110 INFO util.FileUtils$Companion [Thread-7] Thumbnail already exists: DSCF1079.JPG.jpg.jpg.jpg
2021-08-11 17:40:29,126 INFO util.FileUtils$Companion [Thread-7] YAML metadata already exists: DSCF1061.JPG.jpg.jpg.jpg.yaml
2021-08-11 17:40:29,130 INFO util.FileUtils$Companion [Thread-7] Thumbnail already exists: DSCF1061.JPG.jpg.jpg.jpg.jpg
2021-08-11 17:40:29,144 INFO util.FileUtils$Companion [Thread-7] YAML metadata already exists: DSCF1062.JPG.jpg.jpg.jpg.yaml
2021-08-11 17:40:29,148 INFO util.FileUtils$Companion [Thread-7] Thumbnail already exists: DSCF1062.JPG.jpg.jpg.jpg.jpg
2021-08-11 17:40:29,163 INFO util.FileUtils$Companion [Thread-7] YAML metadata already exists: DSCF1063.JPG.jpg.jpg.jpg.yaml
2021-08-11 17:40:29,167 INFO util.FileUtils$Companion [Thread-7] Thumbnail already exists: DSCF1063.JPG.jpg.jpg.jpg.jpg
2021-08-11 17:40:29,181 INFO util.FileUtils$Companion [Thread-7] YAML metadata already exists: DSCF1080.JPG.jpg.jpg.jpg.yaml
2021-08-11 17:40:29,184 INFO util.FileUtils$Companion [Thread-7] Thumbnail already exists: DSCF1080.JPG.jpg.jpg.jpg.jpg
2021-08-11 17:40:29,199 INFO util.FileUtils$Companion [Thread-7] YAML metadata already exists: DSCF1074.JPG.jpg.jpg.jpg.yaml
2021-08-11 17:40:29,202 INFO util.FileUtils$Companion [Thread-7] Thumbnail already exists: DSCF1074.JPG.jpg.jpg.jpg.jpg
2021-08-11 17:40:29,216 INFO util.FileUtils$Companion [Thread-7] YAML metadata already exists: DSCF1075.JPG.jpg.jpg.jpg.yaml
2021-08-11 17:40:29,220 INFO util.FileUtils$Companion [Thread-7] Thumbnail already exists: DSCF1075.JPG.jpg.jpg.jpg.jpg
2021-08-11 17:40:29,234 INFO util.FileUtils$Companion [Thread-7] YAML metadata already exists: DSCF1076.JPG.jpg.jpg.jpg.yaml
2021-08-11 17:40:29,238 INFO util.FileUtils$Companion [Thread-7] Thumbnail already exists: DSCF1076.JPG.jpg.jpg.jpg.jpg
2021-08-11 17:40:29,252 INFO util.FileUtils$Companion [Thread-7] YAML metadata already exists: DSCF1077.JPG.jpg.jpg.jpg.yaml
2021-08-11 17:40:29,255 INFO util.FileUtils$Companion [Thread-7] Thumbnail already exists: DSCF1077.JPG.jpg.jpg.jpg.jpg
2021-08-11 17:40:29,270 INFO util.FileUtils$Companion [Thread-7] YAML metadata already exists: DSCF1078.JPG.jpg.jpg.jpg.yaml
2021-08-11 17:40:29,273 INFO util.FileUtils$Companion [Thread-7] Thumbnail already exists: DSCF1078.JPG.jpg.jpg.jpg.jpg
2021-08-11 17:40:29,287 INFO util.FileUtils$Companion [Thread-7] YAML metadata already exists: DSCF1079.JPG.jpg.jpg.jpg.yaml
2021-08-11 17:40:29,290 INFO util.FileUtils$Companion [Thread-7] Thumbnail already exists: DSCF1079.JPG.jpg.jpg.jpg.jpg
2021-08-11 17:40:29,306 INFO util.FileUtils$Companion [Thread-7] YAML metadata already exists: DSCF1061.JPG.jpg.jpg.jpg.jpg.yaml
2021-08-11 17:40:29,310 INFO util.FileUtils$Companion [Thread-7] Thumbnail already exists: DSCF1061.JPG.jpg.jpg.jpg.jpg.jpg
2021-08-11 17:40:29,326 INFO util.FileUtils$Companion [Thread-7] YAML metadata already exists: DSCF1062.JPG.jpg.jpg.jpg.jpg.yaml
2021-08-11 17:40:29,329 INFO util.FileUtils$Companion [Thread-7] Thumbnail already exists: DSCF1062.JPG.jpg.jpg.jpg.jpg.jpg
2021-08-11 17:40:29,343 INFO util.FileUtils$Companion [Thread-7] YAML metadata already exists: DSCF1063.JPG.jpg.jpg.jpg.jpg.yaml
2021-08-11 17:40:29,347 INFO util.FileUtils$Companion [Thread-7] Thumbnail already exists: DSCF1063.JPG.jpg.jpg.jpg.jpg.jpg
2021-08-11 17:40:29,362 INFO util.FileUtils$Companion [Thread-7] YAML metadata already exists: DSCF1080.JPG.jpg.jpg.jpg.jpg.yaml
2021-08-11 17:40:29,367 INFO util.FileUtils$Companion [Thread-7] Thumbnail already exists: DSCF1080.JPG.jpg.jpg.jpg.jpg.jpg
2021-08-11 17:40:29,384 INFO util.FileUtils$Companion [Thread-7] YAML metadata already exists: DSCF1074.JPG.jpg.jpg.jpg.jpg.yaml
2021-08-11 17:40:29,387 INFO util.FileUtils$Companion [Thread-7] Thumbnail already exists: DSCF1074.JPG.jpg.jpg.jpg.jpg.jpg
2021-08-11 17:40:29,402 INFO util.FileUtils$Companion [Thread-7] YAML metadata already exists: DSCF1075.JPG.jpg.jpg.jpg.jpg.yaml
2021-08-11 17:40:29,405 INFO util.FileUtils$Companion [Thread-7] Thumbnail already exists: DSCF1075.JPG.jpg.jpg.jpg.jpg.jpg
2021-08-11 17:40:29,422 INFO util.FileUtils$Companion [Thread-7] YAML metadata already exists: DSCF1076.JPG.jpg.jpg.jpg.jpg.yaml
2021-08-11 17:40:29,426 INFO util.FileUtils$Companion [Thread-7] Thumbnail already exists: DSCF1076.JPG.jpg.jpg.jpg.jpg.jpg
2021-08-11 17:40:29,442 INFO util.FileUtils$Companion [Thread-7] YAML metadata already exists: DSCF1077.JPG.jpg.jpg.jpg.jpg.yaml
2021-08-11 17:40:29,445 INFO util.FileUtils$Companion [Thread-7] Thumbnail already exists: DSCF1077.JPG.jpg.jpg.jpg.jpg.jpg
2021-08-11 17:40:29,460 INFO util.FileUtils$Companion [Thread-7] YAML metadata already exists: DSCF1078.JPG.jpg.jpg.jpg.jpg.yaml
2021-08-11 17:40:29,464 INFO util.FileUtils$Companion [Thread-7] Thumbnail already exists: DSCF1078.JPG.jpg.jpg.jpg.jpg.jpg
2021-08-11 17:40:29,479 INFO util.FileUtils$Companion [Thread-7] YAML metadata already exists: DSCF1079.JPG.jpg.jpg.jpg.jpg.yaml
2021-08-11 17:40:29,482 INFO util.FileUtils$Companion [Thread-7] Thumbnail already exists: DSCF1079.JPG.jpg.jpg.jpg.jpg.jpg
2021-08-11 17:40:29,497 INFO util.FileUtils$Companion [Thread-7] YAML metadata already exists: DSCF1061.JPG.jpg.jpg.jpg.jpg.jpg.yaml
2021-08-11 17:40:29,501 INFO util.FileUtils$Companion [Thread-7] Thumbnail already exists: DSCF1061.JPG.jpg.jpg.jpg.jpg.jpg.jpg
2021-08-11 17:40:29,516 INFO util.FileUtils$Companion [Thread-7] YAML metadata already exists: DSCF1062.JPG.jpg.jpg.jpg.jpg.jpg.yaml
2021-08-11 17:40:29,520 INFO util.FileUtils$Companion [Thread-7] Thumbnail already exists: DSCF1062.JPG.jpg.jpg.jpg.jpg.jpg.jpg
2021-08-11 17:40:29,534 INFO util.FileUtils$Companion [Thread-7] YAML metadata already exists: DSCF1063.JPG.jpg.jpg.jpg.jpg.jpg.yaml
2021-08-11 17:40:29,538 INFO util.FileUtils$Companion [Thread-7] Thumbnail already exists: DSCF1063.JPG.jpg.jpg.jpg.jpg.jpg.jpg
2021-08-11 17:40:29,552 INFO util.FileUtils$Companion [Thread-7] YAML metadata already exists: DSCF1080.JPG.jpg.jpg.jpg.jpg.jpg.yaml
2021-08-11 17:40:29,556 INFO util.FileUtils$Companion [Thread-7] Thumbnail already exists: DSCF1080.JPG.jpg.jpg.jpg.jpg.jpg.jpg
2021-08-11 17:40:29,569 INFO util.FileUtils$Companion [Thread-7] YAML metadata already exists: DSCF1074.JPG.jpg.jpg.jpg.jpg.jpg.yaml
2021-08-11 17:40:29,574 INFO util.FileUtils$Companion [Thread-7] Thumbnail already exists: DSCF1074.JPG.jpg.jpg.jpg.jpg.jpg.jpg
2021-08-11 17:40:29,589 INFO util.FileUtils$Companion [Thread-7] YAML metadata already exists: DSCF1075.JPG.jpg.jpg.jpg.jpg.jpg.yaml
2021-08-11 17:40:29,593 INFO util.FileUtils$Companion [Thread-7] Thumbnail already exists: DSCF1075.JPG.jpg.jpg.jpg.jpg.jpg.jpg
2021-08-11 17:40:29,608 INFO util.FileUtils$Companion [Thread-7] YAML metadata already exists: DSCF1076.JPG.jpg.jpg.jpg.jpg.jpg.yaml
2021-08-11 17:40:29,611 INFO util.FileUtils$Companion [Thread-7] Thumbnail already exists: DSCF1076.JPG.jpg.jpg.jpg.jpg.jpg.jpg
2021-08-11 17:40:29,626 INFO util.FileUtils$Companion [Thread-7] YAML metadata already exists: DSCF1077.JPG.jpg.jpg.jpg.jpg.jpg.yaml
2021-08-11 17:40:29,630 INFO util.FileUtils$Companion [Thread-7] Thumbnail already exists: DSCF1077.JPG.jpg.jpg.jpg.jpg.jpg.jpg
2021-08-11 17:40:29,646 INFO util.FileUtils$Companion [Thread-7] YAML metadata already exists: DSCF1078.JPG.jpg.jpg.jpg.jpg.jpg.yaml
2021-08-11 17:40:29,649 INFO util.FileUtils$Companion [Thread-7] Thumbnail already exists: DSCF1078.JPG.jpg.jpg.jpg.jpg.jpg.jpg
2021-08-11 17:40:29,664 INFO util.FileUtils$Companion [Thread-7] YAML metadata already exists: DSCF1079.JPG.jpg.jpg.jpg.jpg.jpg.yaml
2021-08-11 17:40:29,668 INFO util.FileUtils$Companion [Thread-7] Thumbnail already exists: DSCF1079.JPG.jpg.jpg.jpg.jpg.jpg.jpg
2021-08-11 17:40:29,683 INFO util.FileUtils$Companion [Thread-7] YAML metadata already exists: DSCF1061.JPG.jpg.jpg.jpg.jpg.jpg.jpg.yaml
2021-08-11 17:40:29,686 INFO util.FileUtils$Companion [Thread-7] Thumbnail already exists: DSCF1061.JPG.jpg.jpg.jpg.jpg.jpg.jpg.jpg
2021-08-11 17:40:29,700 INFO util.FileUtils$Companion [Thread-7] YAML metadata already exists: DSCF1062.JPG.jpg.jpg.jpg.jpg.jpg.jpg.yaml
2021-08-11 17:40:29,704 INFO util.FileUtils$Companion [Thread-7] Thumbnail already exists: DSCF1062.JPG.jpg.jpg.jpg.jpg.jpg.jpg.jpg
2021-08-11 17:40:29,719 INFO util.FileUtils$Companion [Thread-7] YAML metadata already exists: DSCF1063.JPG.jpg.jpg.jpg.jpg.jpg.jpg.yaml
2021-08-11 17:40:29,722 INFO util.FileUtils$Companion [Thread-7] Thumbnail already exists: DSCF1063.JPG.jpg.jpg.jpg.jpg.jpg.jpg.jpg
2021-08-11 17:40:29,737 INFO util.FileUtils$Companion [Thread-7] YAML metadata already exists: DSCF1080.JPG.jpg.jpg.jpg.jpg.jpg.jpg.yaml
2021-08-11 17:40:29,740 INFO util.FileUtils$Companion [Thread-7] Thumbnail already exists: DSCF1080.JPG.jpg.jpg.jpg.jpg.jpg.jpg.jpg
2021-08-11 17:40:29,756 INFO util.FileUtils$Companion [Thread-7] YAML metadata already exists: DSCF1074.JPG.jpg.jpg.jpg.jpg.jpg.jpg.yaml
2021-08-11 17:40:29,760 INFO util.FileUtils$Companion [Thread-7] Thumbnail already exists: DSCF1074.JPG.jpg.jpg.jpg.jpg.jpg.jpg.jpg
2021-08-11 17:40:29,777 INFO util.FileUtils$Companion [Thread-7] YAML metadata already exists: DSCF1075.JPG.jpg.jpg.jpg.jpg.jpg.jpg.yaml
2021-08-11 17:40:29,780 INFO util.FileUtils$Companion [Thread-7] Thumbnail already exists: DSCF1075.JPG.jpg.jpg.jpg.jpg.jpg.jpg.jpg
2021-08-11 17:40:29,796 INFO util.FileUtils$Companion [Thread-7] YAML metadata already exists: DSCF1076.JPG.jpg.jpg.jpg.jpg.jpg.jpg.yaml
2021-08-11 17:40:29,800 INFO util.FileUtils$Companion [Thread-7] Thumbnail already exists: DSCF1076.JPG.jpg.jpg.jpg.jpg.jpg.jpg.jpg
2021-08-11 17:40:29,819 INFO util.FileUtils$Companion [Thread-7] YAML metadata already exists: DSCF1077.JPG.jpg.jpg.jpg.jpg.jpg.jpg.yaml
2021-08-11 17:40:29,822 INFO util.FileUtils$Companion [Thread-7] Thumbnail already exists: DSCF1077.JPG.jpg.jpg.jpg.jpg.jpg.jpg.jpg
2021-08-11 17:40:29,839 INFO util.FileUtils$Companion [Thread-7] YAML metadata already exists: DSCF1078.JPG.jpg.jpg.jpg.jpg.jpg.jpg.yaml
2021-08-11 17:40:29,843 INFO util.FileUtils$Companion [Thread-7] Thumbnail already exists: DSCF1078.JPG.jpg.jpg.jpg.jpg.jpg.jpg.jpg
2021-08-11 17:40:29,858 INFO util.FileUtils$Companion [Thread-7] YAML metadata already exists: DSCF1079.JPG.jpg.jpg.jpg.jpg.jpg.jpg.yaml
2021-08-11 17:40:29,861 INFO util.FileUtils$Companion [Thread-7] Thumbnail already exists: DSCF1079.JPG.jpg.jpg.jpg.jpg.jpg.jpg.jpg
2021-08-11 17:40:29,877 INFO util.FileUtils$Companion [Thread-7] YAML metadata already exists: DSCF1061.JPG.jpg.jpg.jpg.jpg.jpg.jpg.jpg.yaml
2021-08-11 17:40:29,881 INFO util.FileUtils$Companion [Thread-7] Thumbnail already exists: DSCF1061.JPG.jpg.jpg.jpg.jpg.jpg.jpg.jpg.jpg
2021-08-11 17:40:29,897 INFO util.FileUtils$Companion [Thread-7] YAML metadata already exists: DSCF1062.JPG.jpg.jpg.jpg.jpg.jpg.jpg.jpg.yaml
2021-08-11 17:40:29,901 INFO util.FileUtils$Companion [Thread-7] Thumbnail already exists: DSCF1062.JPG.jpg.jpg.jpg.jpg.jpg.jpg.jpg.jpg
2021-08-11 17:40:29,917 INFO util.FileUtils$Companion [Thread-7] YAML metadata already exists: DSCF1063.JPG.jpg.jpg.jpg.jpg.jpg.jpg.jpg.yaml
2021-08-11 17:40:29,920 INFO util.FileUtils$Companion [Thread-7] Thumbnail already exists: DSCF1063.JPG.jpg.jpg.jpg.jpg.jpg.jpg.jpg.jpg
2021-08-11 17:40:29,937 INFO util.FileUtils$Companion [Thread-7] YAML metadata already exists: DSCF1080.JPG.jpg.jpg.jpg.jpg.jpg.jpg.jpg.yaml
2021-08-11 17:40:29,940 INFO util.FileUtils$Companion [Thread-7] Thumbnail already exists: DSCF1080.JPG.jpg.jpg.jpg.jpg.jpg.jpg.jpg.jpg
2021-08-11 17:40:29,955 INFO util.FileUtils$Companion [Thread-7] YAML metadata already exists: DSCF1074.JPG.jpg.jpg.jpg.jpg.jpg.jpg.jpg.yaml
2021-08-11 17:40:29,958 INFO util.FileUtils$Companion [Thread-7] Thumbnail already exists: DSCF1074.JPG.jpg.jpg.jpg.jpg.jpg.jpg.jpg.jpg
2021-08-11 17:40:29,972 INFO util.FileUtils$Companion [Thread-7] YAML metadata already exists: DSCF1075.JPG.jpg.jpg.jpg.jpg.jpg.jpg.jpg.yaml
2021-08-11 17:40:29,976 INFO util.FileUtils$Companion [Thread-7] Thumbnail already exists: DSCF1075.JPG.jpg.jpg.jpg.jpg.jpg.jpg.jpg.jpg
2021-08-11 17:40:29,991 INFO util.FileUtils$Companion [Thread-7] YAML metadata already exists: DSCF1076.JPG.jpg.jpg.jpg.jpg.jpg.jpg.jpg.yaml
2021-08-11 17:40:29,995 INFO util.FileUtils$Companion [Thread-7] Thumbnail already exists: DSCF1076.JPG.jpg.jpg.jpg.jpg.jpg.jpg.jpg.jpg
2021-08-11 17:40:30,009 INFO util.FileUtils$Companion [Thread-7] YAML metadata already exists: DSCF1077.JPG.jpg.jpg.jpg.jpg.jpg.jpg.jpg.yaml
2021-08-11 17:40:30,013 INFO util.FileUtils$Companion [Thread-7] Thumbnail already exists: DSCF1077.JPG.jpg.jpg.jpg.jpg.jpg.jpg.jpg.jpg
2021-08-11 17:40:30,028 INFO util.FileUtils$Companion [Thread-7] YAML metadata already exists: DSCF1078.JPG.jpg.jpg.jpg.jpg.jpg.jpg.jpg.yaml
2021-08-11 17:40:30,031 INFO util.FileUtils$Companion [Thread-7] Thumbnail already exists: DSCF1078.JPG.jpg.jpg.jpg.jpg.jpg.jpg.jpg.jpg
2021-08-11 17:40:30,046 INFO util.FileUtils$Companion [Thread-7] YAML metadata already exists: DSCF1079.JPG.jpg.jpg.jpg.jpg.jpg.jpg.jpg.yaml
2021-08-11 17:40:30,049 INFO util.FileUtils$Companion [Thread-7] Thumbnail already exists: DSCF1079.JPG.jpg.jpg.jpg.jpg.jpg.jpg.jpg.jpg
2021-08-11 17:40:30,068 INFO util.FileUtils$Companion [Thread-7] YAML metadata already exists: DSCF1061.JPG.jpg.jpg.jpg.jpg.jpg.jpg.jpg.jpg.yaml
2021-08-11 17:40:30,071 INFO util.FileUtils$Companion [Thread-7] Thumbnail already exists: DSCF1061.JPG.jpg.jpg.jpg.jpg.jpg.jpg.jpg.jpg.jpg
2021-08-11 17:40:30,088 INFO util.FileUtils$Companion [Thread-7] YAML metadata already exists: DSCF1062.JPG.jpg.jpg.jpg.jpg.jpg.jpg.jpg.jpg.yaml
2021-08-11 17:40:30,091 INFO util.FileUtils$Companion [Thread-7] Thumbnail already exists: DSCF1062.JPG.jpg.jpg.jpg.jpg.jpg.jpg.jpg.jpg.jpg
2021-08-11 17:40:30,106 INFO util.FileUtils$Companion [Thread-7] YAML metadata already exists: DSCF1063.JPG.jpg.jpg.jpg.jpg.jpg.jpg.jpg.jpg.yaml
2021-08-11 17:40:30,109 INFO util.FileUtils$Companion [Thread-7] Thumbnail already exists: DSCF1063.JPG.jpg.jpg.jpg.jpg.jpg.jpg.jpg.jpg.jpg
2021-08-11 17:40:30,126 INFO util.FileUtils$Companion [Thread-7] YAML metadata already exists: DSCF1080.JPG.jpg.jpg.jpg.jpg.jpg.jpg.jpg.jpg.yaml
2021-08-11 17:40:30,129 INFO util.FileUtils$Companion [Thread-7] Thumbnail already exists: DSCF1080.JPG.jpg.jpg.jpg.jpg.jpg.jpg.jpg.jpg.jpg
2021-08-11 17:40:30,143 INFO util.FileUtils$Companion [Thread-7] YAML metadata already exists: DSCF1074.JPG.jpg.jpg.jpg.jpg.jpg.jpg.jpg.jpg.yaml
2021-08-11 17:40:30,146 INFO util.FileUtils$Companion [Thread-7] Thumbnail already exists: DSCF1074.JPG.jpg.jpg.jpg.jpg.jpg.jpg.jpg.jpg.jpg
2021-08-11 17:40:30,161 INFO util.FileUtils$Companion [Thread-7] YAML metadata already exists: DSCF1075.JPG.jpg.jpg.jpg.jpg.jpg.jpg.jpg.jpg.yaml
2021-08-11 17:40:30,164 INFO util.FileUtils$Companion [Thread-7] Thumbnail already exists: DSCF1075.JPG.jpg.jpg.jpg.jpg.jpg.jpg.jpg.jpg.jpg
2021-08-11 17:40:30,181 INFO util.FileUtils$Companion [Thread-7] YAML metadata already exists: DSCF1076.JPG.jpg.jpg.jpg.jpg.jpg.jpg.jpg.jpg.yaml
2021-08-11 17:40:30,186 INFO util.FileUtils$Companion [Thread-7] Thumbnail already exists: DSCF1076.JPG.jpg.jpg.jpg.jpg.jpg.jpg.jpg.jpg.jpg
2021-08-11 17:40:30,202 INFO util.FileUtils$Companion [Thread-7] YAML metadata already exists: DSCF1077.JPG.jpg.jpg.jpg.jpg.jpg.jpg.jpg.jpg.yaml
2021-08-11 17:40:30,206 INFO util.FileUtils$Companion [Thread-7] Thumbnail already exists: DSCF1077.JPG.jpg.jpg.jpg.jpg.jpg.jpg.jpg.jpg.jpg
2021-08-11 17:40:30,221 INFO util.FileUtils$Companion [Thread-7] YAML metadata already exists: DSCF1078.JPG.jpg.jpg.jpg.jpg.jpg.jpg.jpg.jpg.yaml
2021-08-11 17:40:30,224 INFO util.FileUtils$Companion [Thread-7] Thumbnail already exists: DSCF1078.JPG.jpg.jpg.jpg.jpg.jpg.jpg.jpg.jpg.jpg
2021-08-11 17:40:30,239 INFO util.FileUtils$Companion [Thread-7] YAML metadata already exists: DSCF1079.JPG.jpg.jpg.jpg.jpg.jpg.jpg.jpg.jpg.yaml
2021-08-11 17:40:30,244 INFO util.FileUtils$Companion [Thread-7] Thumbnail already exists: DSCF1079.JPG.jpg.jpg.jpg.jpg.jpg.jpg.jpg.jpg.jpg
2021-08-11 17:40:30,260 INFO util.FileUtils$Companion [Thread-7] YAML metadata already exists: DSCF1061.JPG.jpg.jpg.jpg.jpg.jpg.jpg.jpg.jpg.jpg.yaml
2021-08-11 17:40:30,264 INFO util.FileUtils$Companion [Thread-7] Thumbnail already exists: DSCF1061.JPG.jpg.jpg.jpg.jpg.jpg.jpg.jpg.jpg.jpg.jpg
2021-08-11 17:40:30,279 INFO util.FileUtils$Companion [Thread-7] YAML metadata already exists: DSCF1062.JPG.jpg.jpg.jpg.jpg.jpg.jpg.jpg.jpg.jpg.yaml
2021-08-11 17:40:30,282 INFO util.FileUtils$Companion [Thread-7] Thumbnail already exists: DSCF1062.JPG.jpg.jpg.jpg.jpg.jpg.jpg.jpg.jpg.jpg.jpg
2021-08-11 17:40:30,300 INFO util.FileUtils$Companion [Thread-7] YAML metadata already exists: DSCF1063.JPG.jpg.jpg.jpg.jpg.jpg.jpg.jpg.jpg.jpg.yaml
2021-08-11 17:40:30,304 INFO util.FileUtils$Companion [Thread-7] Thumbnail already exists: DSCF1063.JPG.jpg.jpg.jpg.jpg.jpg.jpg.jpg.jpg.jpg.jpg
2021-08-11 17:40:30,319 INFO util.FileUtils$Companion [Thread-7] YAML metadata already exists: DSCF1080.JPG.jpg.jpg.jpg.jpg.jpg.jpg.jpg.jpg.jpg.yaml
2021-08-11 17:40:30,322 INFO util.FileUtils$Companion [Thread-7] Thumbnail already exists: DSCF1080.JPG.jpg.jpg.jpg.jpg.jpg.jpg.jpg.jpg.jpg.jpg
2021-08-11 17:40:30,337 INFO util.FileUtils$Companion [Thread-7] YAML metadata already exists: DSCF1074.JPG.jpg.jpg.jpg.jpg.jpg.jpg.jpg.jpg.jpg.yaml
2021-08-11 17:40:30,341 INFO util.FileUtils$Companion [Thread-7] Thumbnail already exists: DSCF1074.JPG.jpg.jpg.jpg.jpg.jpg.jpg.jpg.jpg.jpg.jpg
2021-08-11 17:40:30,355 INFO util.FileUtils$Companion [Thread-7] YAML metadata already exists: DSCF1075.JPG.jpg.jpg.jpg.jpg.jpg.jpg.jpg.jpg.jpg.yaml
2021-08-11 17:40:30,359 INFO util.FileUtils$Companion [Thread-7] Thumbnail already exists: DSCF1075.JPG.jpg.jpg.jpg.jpg.jpg.jpg.jpg.jpg.jpg.jpg
2021-08-11 17:40:30,374 INFO util.FileUtils$Companion [Thread-7] YAML metadata already exists: DSCF1076.JPG.jpg.jpg.jpg.jpg.jpg.jpg.jpg.jpg.jpg.yaml
2021-08-11 17:40:30,378 INFO util.FileUtils$Companion [Thread-7] Thumbnail already exists: DSCF1076.JPG.jpg.jpg.jpg.jpg.jpg.jpg.jpg.jpg.jpg.jpg
2021-08-11 17:40:30,392 INFO util.FileUtils$Companion [Thread-7] YAML metadata already exists: DSCF1077.JPG.jpg.jpg.jpg.jpg.jpg.jpg.jpg.jpg.jpg.yaml
2021-08-11 17:40:30,395 INFO util.FileUtils$Companion [Thread-7] Thumbnail already exists: DSCF1077.JPG.jpg.jpg.jpg.jpg.jpg.jpg.jpg.jpg.jpg.jpg
2021-08-11 17:40:30,410 INFO util.FileUtils$Companion [Thread-7] YAML metadata already exists: DSCF1078.JPG.jpg.jpg.jpg.jpg.jpg.jpg.jpg.jpg.jpg.yaml
2021-08-11 17:40:30,413 INFO util.FileUtils$Companion [Thread-7] Thumbnail already exists: DSCF1078.JPG.jpg.jpg.jpg.jpg.jpg.jpg.jpg.jpg.jpg.jpg
2021-08-11 17:40:30,430 INFO util.FileUtils$Companion [Thread-7] YAML metadata already exists: DSCF1079.JPG.jpg.jpg.jpg.jpg.jpg.jpg.jpg.jpg.jpg.yaml
2021-08-11 17:40:30,433 INFO util.FileUtils$Companion [Thread-7] Thumbnail already exists: DSCF1079.JPG.jpg.jpg.jpg.jpg.jpg.jpg.jpg.jpg.jpg.jpg
2021-08-11 17:40:30,454 INFO util.FileUtils$Companion [Thread-7] YAML metadata created: DSCF1061.JPG.jpg.jpg.jpg.jpg.jpg.jpg.jpg.jpg.jpg.jpg.yaml
2021-08-11 17:40:30,462 INFO util.FileUtils$Companion [Thread-7] Thumbnail created: DSCF1061.JPG.jpg.jpg.jpg.jpg.jpg.jpg.jpg.jpg.jpg.jpg.jpg
2021-08-11 17:40:30,478 INFO util.FileUtils$Companion [Thread-7] YAML metadata created: DSCF1062.JPG.jpg.jpg.jpg.jpg.jpg.jpg.jpg.jpg.jpg.jpg.yaml
2021-08-11 17:40:30,486 INFO util.FileUtils$Companion [Thread-7] Thumbnail created: DSCF1062.JPG.jpg.jpg.jpg.jpg.jpg.jpg.jpg.jpg.jpg.jpg.jpg
2021-08-11 17:40:30,503 INFO util.FileUtils$Companion [Thread-7] YAML metadata created: DSCF1063.JPG.jpg.jpg.jpg.jpg.jpg.jpg.jpg.jpg.jpg.jpg.yaml
2021-08-11 17:40:30,507 INFO util.FileUtils$Companion [Thread-7] Thumbnail created: DSCF1063.JPG.jpg.jpg.jpg.jpg.jpg.jpg.jpg.jpg.jpg.jpg.jpg
2021-08-11 17:40:30,523 INFO util.FileUtils$Companion [Thread-7] YAML metadata created: DSCF1080.JPG.jpg.jpg.jpg.jpg.jpg.jpg.jpg.jpg.jpg.jpg.yaml
2021-08-11 17:40:30,526 INFO util.FileUtils$Companion [Thread-7] Thumbnail created: DSCF1080.JPG.jpg.jpg.jpg.jpg.jpg.jpg.jpg.jpg.jpg.jpg.jpg
2021-08-11 17:40:30,543 INFO util.FileUtils$Companion [Thread-7] YAML metadata created: DSCF1074.JPG.jpg.jpg.jpg.jpg.jpg.jpg.jpg.jpg.jpg.jpg.yaml
2021-08-11 17:40:30,547 INFO util.FileUtils$Companion [Thread-7] Thumbnail created: DSCF1074.JPG.jpg.jpg.jpg.jpg.jpg.jpg.jpg.jpg.jpg.jpg.jpg
2021-08-11 17:40:30,563 INFO util.FileUtils$Companion [Thread-7] YAML metadata created: DSCF1075.JPG.jpg.jpg.jpg.jpg.jpg.jpg.jpg.jpg.jpg.jpg.yaml
2021-08-11 17:40:30,566 INFO util.FileUtils$Companion [Thread-7] Thumbnail created: DSCF1075.JPG.jpg.jpg.jpg.jpg.jpg.jpg.jpg.jpg.jpg.jpg.jpg
2021-08-11 17:40:30,583 INFO util.FileUtils$Companion [Thread-7] YAML metadata created: DSCF1076.JPG.jpg.jpg.jpg.jpg.jpg.jpg.jpg.jpg.jpg.jpg.yaml
2021-08-11 17:40:30,587 INFO util.FileUtils$Companion [Thread-7] Thumbnail created: DSCF1076.JPG.jpg.jpg.jpg.jpg.jpg.jpg.jpg.jpg.jpg.jpg.jpg
2021-08-11 17:40:30,604 INFO util.FileUtils$Companion [Thread-7] YAML metadata created: DSCF1077.JPG.jpg.jpg.jpg.jpg.jpg.jpg.jpg.jpg.jpg.jpg.yaml
2021-08-11 17:40:30,607 INFO util.FileUtils$Companion [Thread-7] Thumbnail created: DSCF1077.JPG.jpg.jpg.jpg.jpg.jpg.jpg.jpg.jpg.jpg.jpg.jpg
2021-08-11 17:40:30,623 INFO util.FileUtils$Companion [Thread-7] YAML metadata created: DSCF1078.JPG.jpg.jpg.jpg.jpg.jpg.jpg.jpg.jpg.jpg.jpg.yaml
2021-08-11 17:40:30,627 INFO util.FileUtils$Companion [Thread-7] Thumbnail created: DSCF1078.JPG.jpg.jpg.jpg.jpg.jpg.jpg.jpg.jpg.jpg.jpg.jpg
2021-08-11 17:40:30,643 INFO util.FileUtils$Companion [Thread-7] YAML metadata created: DSCF1079.JPG.jpg.jpg.jpg.jpg.jpg.jpg.jpg.jpg.jpg.jpg.yaml
2021-08-11 17:40:30,647 INFO util.FileUtils$Companion [Thread-7] Thumbnail created: DSCF1079.JPG.jpg.jpg.jpg.jpg.jpg.jpg.jpg.jpg.jpg.jpg.jpg
2021-08-11 18:02:25,625 INFO org.springframework.boot.StartupInfoLogger [restartedMain] Starting ShashinApplicationKt using Java 16.0.2 on LAPTOP-KQMN93J1 with PID 10340 (C:\Users\micha\IdeaProjects\shashin\target\classes started by micha in C:\Users\micha\IdeaProjects\shashin)
2021-08-11 18:02:25,634 INFO org.springframework.boot.SpringApplication [restartedMain] No active profile set, falling back to default profiles: default
2021-08-11 18:02:25,813 INFO org.springframework.boot.logging.DeferredLog [restartedMain] Devtools property defaults active! Set 'spring.devtools.add-properties' to 'false' to disable
2021-08-11 18:02:25,814 INFO org.springframework.boot.logging.DeferredLog [restartedMain] For additional web related logging consider setting the 'logging.level.web' property to 'DEBUG'
2021-08-11 18:02:28,974 INFO org.springframework.boot.web.embedded.tomcat.TomcatWebServer [restartedMain] Tomcat initialized with port(s): 8080 (http)
2021-08-11 18:02:29,004 INFO org.apache.juli.logging.DirectJDKLog [restartedMain] Initializing ProtocolHandler ["http-nio-8080"]
2021-08-11 18:02:29,006 INFO org.apache.juli.logging.DirectJDKLog [restartedMain] Starting service [Tomcat]
2021-08-11 18:02:29,008 INFO org.apache.juli.logging.DirectJDKLog [restartedMain] Starting Servlet engine: [Apache Tomcat/9.0.50]
2021-08-11 18:02:29,185 INFO org.apache.juli.logging.DirectJDKLog [restartedMain] Initializing Spring embedded WebApplicationContext
2021-08-11 18:02:29,186 INFO org.springframework.boot.web.servlet.context.ServletWebServerApplicationContext [restartedMain] Root WebApplicationContext: initialization completed in 3370 ms
2021-08-11 18:02:29,709 INFO org.springframework.boot.autoconfigure.web.servlet.WelcomePageHandlerMapping [restartedMain] Adding welcome page: class path resource [static/index.html]
2021-08-11 18:02:30,008 INFO org.springframework.boot.devtools.autoconfigure.OptionalLiveReloadServer [restartedMain] LiveReload server is running on port 35729
2021-08-11 18:02:30,051 INFO org.apache.juli.logging.DirectJDKLog [restartedMain] Starting ProtocolHandler ["http-nio-8080"]
2021-08-11 18:02:30,172 INFO org.springframework.boot.web.embedded.tomcat.TomcatWebServer [restartedMain] Tomcat started on port(s): 8080 (http) with context path ''
2021-08-11 18:02:30,209 INFO org.springframework.boot.StartupInfoLogger [restartedMain] Started ShashinApplicationKt in 5.927 seconds (JVM running for 7.804)
2021-08-11 18:02:30,341 INFO org.apache.juli.logging.DirectJDKLog [http-nio-8080-exec-1] Initializing Spring DispatcherServlet 'dispatcherServlet'
2021-08-11 18:02:30,342 INFO org.springframework.web.servlet.FrameworkServlet [http-nio-8080-exec-1] Initializing Servlet 'dispatcherServlet'
2021-08-11 18:02:30,344 INFO org.springframework.web.servlet.FrameworkServlet [http-nio-8080-exec-1] Completed initialization in 1 ms
2021-08-11 18:02:30,627 INFO util.FileUtils$Companion [Thread-7] Thread created: Thread-7.shashinscan
2021-08-11 18:02:30,742 INFO util.FileUtils$Companion [Thread-7] YAML metadata created: DSCF1061.JPG.yaml
2021-08-11 18:02:31,919 INFO util.FileUtils$Companion [Thread-7] Thumbnail created: DSCF1061.JPG.jpg
2021-08-11 18:02:31,970 INFO util.FileUtils$Companion [Thread-7] YAML metadata created: DSCF1062.JPG.yaml
2021-08-11 18:02:32,616 INFO util.FileUtils$Companion [Thread-7] Thumbnail created: DSCF1062.JPG.jpg
2021-08-11 18:02:32,642 INFO util.FileUtils$Companion [Thread-7] YAML metadata created: DSCF1063.JPG.yaml
2021-08-11 18:02:33,206 INFO util.FileUtils$Companion [Thread-7] Thumbnail created: DSCF1063.JPG.jpg
2021-08-11 18:02:33,226 INFO util.FileUtils$Companion [Thread-7] YAML metadata created: DSCF1080.JPG.yaml
2021-08-11 18:02:33,968 INFO util.FileUtils$Companion [Thread-7] Thumbnail created: DSCF1080.JPG.jpg
2021-08-11 18:02:33,988 INFO util.FileUtils$Companion [Thread-7] YAML metadata created: DSCF1074.JPG.yaml
2021-08-11 18:02:34,639 INFO util.FileUtils$Companion [Thread-7] Thumbnail created: DSCF1074.JPG.jpg
2021-08-11 18:02:34,665 INFO util.FileUtils$Companion [Thread-7] YAML metadata created: DSCF1075.JPG.yaml
2021-08-11 18:02:35,288 INFO util.FileUtils$Companion [Thread-7] Thumbnail created: DSCF1075.JPG.jpg
2021-08-11 18:02:35,314 INFO util.FileUtils$Companion [Thread-7] YAML metadata created: DSCF1076.JPG.yaml
2021-08-11 18:02:35,935 INFO util.FileUtils$Companion [Thread-7] Thumbnail created: DSCF1076.JPG.jpg
2021-08-11 18:02:35,958 INFO util.FileUtils$Companion [Thread-7] YAML metadata created: DSCF1077.JPG.yaml
2021-08-11 18:02:36,492 INFO util.FileUtils$Companion [Thread-7] Thumbnail created: DSCF1077.JPG.jpg
2021-08-11 18:02:36,515 INFO util.FileUtils$Companion [Thread-7] YAML metadata created: DSCF1078.JPG.yaml
2021-08-11 18:02:37,098 INFO util.FileUtils$Companion [Thread-7] Thumbnail created: DSCF1078.JPG.jpg
2021-08-11 18:02:37,121 INFO util.FileUtils$Companion [Thread-7] YAML metadata created: DSCF1079.JPG.yaml
2021-08-11 18:02:37,777 INFO util.FileUtils$Companion [Thread-7] Thumbnail created: DSCF1079.JPG.jpg
2021-08-11 18:11:08,893 INFO org.springframework.boot.StartupInfoLogger [restartedMain] Starting ShashinApplicationKt using Java 16.0.2 on LAPTOP-KQMN93J1 with PID 9128 (C:\Users\micha\IdeaProjects\shashin\target\classes started by micha in C:\Users\micha\IdeaProjects\shashin)
2021-08-11 18:11:08,900 INFO org.springframework.boot.SpringApplication [restartedMain] No active profile set, falling back to default profiles: default
2021-08-11 18:11:09,045 INFO org.springframework.boot.logging.DeferredLog [restartedMain] Devtools property defaults active! Set 'spring.devtools.add-properties' to 'false' to disable
2021-08-11 18:11:09,047 INFO org.springframework.boot.logging.DeferredLog [restartedMain] For additional web related logging consider setting the 'logging.level.web' property to 'DEBUG'
2021-08-11 18:11:11,573 INFO org.springframework.boot.web.embedded.tomcat.TomcatWebServer [restartedMain] Tomcat initialized with port(s): 8080 (http)
2021-08-11 18:11:11,611 INFO org.apache.juli.logging.DirectJDKLog [restartedMain] Initializing ProtocolHandler ["http-nio-8080"]
2021-08-11 18:11:11,613 INFO org.apache.juli.logging.DirectJDKLog [restartedMain] Starting service [Tomcat]
2021-08-11 18:11:11,614 INFO org.apache.juli.logging.DirectJDKLog [restartedMain] Starting Servlet engine: [Apache Tomcat/9.0.50]
2021-08-11 18:11:11,747 INFO org.apache.juli.logging.DirectJDKLog [restartedMain] Initializing Spring embedded WebApplicationContext
2021-08-11 18:11:11,748 INFO org.springframework.boot.web.servlet.context.ServletWebServerApplicationContext [restartedMain] Root WebApplicationContext: initialization completed in 2699 ms
2021-08-11 18:11:12,245 INFO org.springframework.boot.autoconfigure.web.servlet.WelcomePageHandlerMapping [restartedMain] Adding welcome page: class path resource [static/index.html]
2021-08-11 18:11:12,500 INFO org.springframework.boot.devtools.autoconfigure.OptionalLiveReloadServer [restartedMain] LiveReload server is running on port 35729
2021-08-11 18:11:12,536 INFO org.apache.juli.logging.DirectJDKLog [restartedMain] Starting ProtocolHandler ["http-nio-8080"]
2021-08-11 18:11:12,613 INFO org.springframework.boot.web.embedded.tomcat.TomcatWebServer [restartedMain] Tomcat started on port(s): 8080 (http) with context path ''
2021-08-11 18:11:12,646 INFO org.springframework.boot.StartupInfoLogger [restartedMain] Started ShashinApplicationKt in 4.945 seconds (JVM running for 6.839)
2021-08-11 18:11:16,791 INFO org.apache.juli.logging.DirectJDKLog [http-nio-8080-exec-1] Initializing Spring DispatcherServlet 'dispatcherServlet'
2021-08-11 18:11:16,793 INFO org.springframework.web.servlet.FrameworkServlet [http-nio-8080-exec-1] Initializing Servlet 'dispatcherServlet'
2021-08-11 18:11:16,795 INFO org.springframework.web.servlet.FrameworkServlet [http-nio-8080-exec-1] Completed initialization in 2 ms
2021-08-11 18:11:17,001 INFO util.FileUtils$Companion [Thread-7] Thread created: Thread-7.shashinscan
2021-08-11 18:11:17,108 INFO util.FileUtils$Companion [Thread-7] YAML metadata created: DSCF1061.JPG.yaml
2021-08-11 18:11:18,148 INFO util.FileUtils$Companion [Thread-7] Thumbnail created: DSCF1061.JPG.jpg
2021-08-11 18:11:18,205 INFO util.FileUtils$Companion [Thread-7] YAML metadata created: DSCF1062.JPG.yaml
2021-08-11 18:11:18,914 INFO util.FileUtils$Companion [Thread-7] Thumbnail created: DSCF1062.JPG.jpg
2021-08-11 18:11:18,940 INFO util.FileUtils$Companion [Thread-7] YAML metadata created: DSCF1063.JPG.yaml
2021-08-11 18:11:19,576 INFO util.FileUtils$Companion [Thread-7] Thumbnail created: DSCF1063.JPG.jpg
2021-08-11 18:11:19,598 INFO util.FileUtils$Companion [Thread-7] YAML metadata created: DSCF1080.JPG.yaml
2021-08-11 18:11:20,240 INFO util.FileUtils$Companion [Thread-7] Thumbnail created: DSCF1080.JPG.jpg
2021-08-11 18:11:20,259 INFO util.FileUtils$Companion [Thread-7] YAML metadata created: DSCF1074.JPG.yaml
2021-08-11 18:11:21,167 INFO util.FileUtils$Companion [Thread-7] Thumbnail created: DSCF1074.JPG.jpg
2021-08-11 18:11:21,237 INFO util.FileUtils$Companion [Thread-7] YAML metadata created: DSCF1075.JPG.yaml
2021-08-11 18:11:21,963 INFO util.FileUtils$Companion [Thread-7] Thumbnail created: DSCF1075.JPG.jpg
2021-08-11 18:11:21,982 INFO util.FileUtils$Companion [Thread-7] YAML metadata created: DSCF1076.JPG.yaml
2021-08-11 18:11:22,592 INFO util.FileUtils$Companion [Thread-7] Thumbnail created: DSCF1076.JPG.jpg
2021-08-11 18:11:22,609 INFO util.FileUtils$Companion [Thread-7] YAML metadata created: DSCF1077.JPG.yaml
2021-08-11 18:11:23,244 INFO util.FileUtils$Companion [Thread-7] Thumbnail created: DSCF1077.JPG.jpg
2021-08-11 18:11:23,267 INFO util.FileUtils$Companion [Thread-7] YAML metadata created: DSCF1078.JPG.yaml
2021-08-11 18:11:23,814 INFO util.FileUtils$Companion [Thread-7] Thumbnail created: DSCF1078.JPG.jpg
2021-08-11 18:11:23,832 INFO util.FileUtils$Companion [Thread-7] YAML metadata created: DSCF1079.JPG.yaml
2021-08-11 18:11:24,435 INFO util.FileUtils$Companion [Thread-7] Thumbnail created: DSCF1079.JPG.jpg
2021-08-11 18:15:45,846 INFO org.springframework.boot.StartupInfoLogger [restartedMain] Starting ShashinApplicationKt using Java 16.0.2 on LAPTOP-KQMN93J1 with PID 18804 (C:\Users\micha\IdeaProjects\shashin\target\classes started by micha in C:\Users\micha\IdeaProjects\shashin)
2021-08-11 18:15:45,853 INFO org.springframework.boot.SpringApplication [restartedMain] No active profile set, falling back to default profiles: default
2021-08-11 18:15:46,034 INFO org.springframework.boot.logging.DeferredLog [restartedMain] Devtools property defaults active! Set 'spring.devtools.add-properties' to 'false' to disable
2021-08-11 18:15:46,035 INFO org.springframework.boot.logging.DeferredLog [restartedMain] For additional web related logging consider setting the 'logging.level.web' property to 'DEBUG'
2021-08-11 18:15:48,542 INFO org.springframework.boot.web.embedded.tomcat.TomcatWebServer [restartedMain] Tomcat initialized with port(s): 8080 (http)
2021-08-11 18:15:48,561 INFO org.apache.juli.logging.DirectJDKLog [restartedMain] Initializing ProtocolHandler ["http-nio-8080"]
2021-08-11 18:15:48,562 INFO org.apache.juli.logging.DirectJDKLog [restartedMain] Starting service [Tomcat]
2021-08-11 18:15:48,563 INFO org.apache.juli.logging.DirectJDKLog [restartedMain] Starting Servlet engine: [Apache Tomcat/9.0.50]
2021-08-11 18:15:48,690 INFO org.apache.juli.logging.DirectJDKLog [restartedMain] Initializing Spring embedded WebApplicationContext
2021-08-11 18:15:48,692 INFO org.springframework.boot.web.servlet.context.ServletWebServerApplicationContext [restartedMain] Root WebApplicationContext: initialization completed in 2654 ms
2021-08-11 18:15:49,202 INFO org.springframework.boot.autoconfigure.web.servlet.WelcomePageHandlerMapping [restartedMain] Adding welcome page: class path resource [static/index.html]
2021-08-11 18:15:49,481 INFO org.springframework.boot.devtools.autoconfigure.OptionalLiveReloadServer [restartedMain] LiveReload server is running on port 35729
2021-08-11 18:15:49,514 INFO org.apache.juli.logging.DirectJDKLog [restartedMain] Starting ProtocolHandler ["http-nio-8080"]
2021-08-11 18:15:49,586 INFO org.springframework.boot.web.embedded.tomcat.TomcatWebServer [restartedMain] Tomcat started on port(s): 8080 (http) with context path ''
2021-08-11 18:15:49,611 INFO org.springframework.boot.StartupInfoLogger [restartedMain] Started ShashinApplicationKt in 4.947 seconds (JVM running for 6.523)
2021-08-11 18:16:01,207 INFO org.apache.juli.logging.DirectJDKLog [http-nio-8080-exec-1] Initializing Spring DispatcherServlet 'dispatcherServlet'
2021-08-11 18:16:01,208 INFO org.springframework.web.servlet.FrameworkServlet [http-nio-8080-exec-1] Initializing Servlet 'dispatcherServlet'
2021-08-11 18:16:01,210 INFO org.springframework.web.servlet.FrameworkServlet [http-nio-8080-exec-1] Completed initialization in 2 ms
2021-08-11 18:16:01,489 INFO util.FileUtils$Companion [Thread-7] Thread created: Thread-7.shashinscan
2021-08-11 18:16:01,608 INFO util.FileUtils$Companion [Thread-7] YAML metadata already exists: DSCF1061.JPG.yaml
2021-08-11 18:16:02,705 INFO util.FileUtils$Companion [Thread-7] Thumbnail already exists: DSCF1061.JPG.jpg
2021-08-11 18:16:02,749 INFO util.FileUtils$Companion [Thread-7] YAML metadata already exists: DSCF1062.JPG.yaml
2021-08-11 18:16:03,550 INFO util.FileUtils$Companion [Thread-7] Thumbnail already exists: DSCF1062.JPG.jpg
2021-08-11 18:16:03,580 INFO util.FileUtils$Companion [Thread-7] YAML metadata already exists: DSCF1063.JPG.yaml
2021-08-11 18:16:04,171 INFO util.FileUtils$Companion [Thread-7] Thumbnail already exists: DSCF1063.JPG.jpg
2021-08-11 18:16:04,193 INFO util.FileUtils$Companion [Thread-7] YAML metadata already exists: DSCF1080.JPG.yaml
2021-08-11 18:16:04,816 INFO util.FileUtils$Companion [Thread-7] Thumbnail already exists: DSCF1080.JPG.jpg
2021-08-11 18:16:04,834 INFO util.FileUtils$Companion [Thread-7] YAML metadata already exists: DSCF1074.JPG.yaml
2021-08-11 18:16:05,496 INFO util.FileUtils$Companion [Thread-7] Thumbnail already exists: DSCF1074.JPG.jpg
2021-08-11 18:16:05,519 INFO util.FileUtils$Companion [Thread-7] YAML metadata already exists: DSCF1075.JPG.yaml
2021-08-11 18:16:06,225 INFO util.FileUtils$Companion [Thread-7] Thumbnail already exists: DSCF1075.JPG.jpg
2021-08-11 18:16:06,242 INFO util.FileUtils$Companion [Thread-7] YAML metadata already exists: DSCF1076.JPG.yaml
2021-08-11 18:16:06,840 INFO util.FileUtils$Companion [Thread-7] Thumbnail already exists: DSCF1076.JPG.jpg
2021-08-11 18:16:06,865 INFO util.FileUtils$Companion [Thread-7] YAML metadata already exists: DSCF1077.JPG.yaml
2021-08-11 18:16:07,451 INFO util.FileUtils$Companion [Thread-7] Thumbnail already exists: DSCF1077.JPG.jpg
2021-08-11 18:16:07,470 INFO util.FileUtils$Companion [Thread-7] YAML metadata already exists: DSCF1078.JPG.yaml
2021-08-11 18:16:08,054 INFO util.FileUtils$Companion [Thread-7] Thumbnail already exists: DSCF1078.JPG.jpg
2021-08-11 18:16:08,072 INFO util.FileUtils$Companion [Thread-7] YAML metadata already exists: DSCF1079.JPG.yaml
2021-08-11 18:16:08,599 INFO util.FileUtils$Companion [Thread-7] Thumbnail already exists: DSCF1079.JPG.jpg
2021-08-11 18:16:08,651 INFO util.FileUtils$Companion [Thread-7] YAML metadata created: DSCF1061.JPG.jpg.yaml
2021-08-11 18:16:08,668 INFO util.FileUtils$Companion [Thread-7] Thumbnail created: DSCF1061.JPG.jpg.jpg
2021-08-11 18:16:08,690 INFO util.FileUtils$Companion [Thread-7] YAML metadata created: DSCF1062.JPG.jpg.yaml
2021-08-11 18:16:08,701 INFO util.FileUtils$Companion [Thread-7] Thumbnail created: DSCF1062.JPG.jpg.jpg
2021-08-11 18:16:08,728 INFO util.FileUtils$Companion [Thread-7] YAML metadata created: DSCF1063.JPG.jpg.yaml
2021-08-11 18:16:08,741 INFO util.FileUtils$Companion [Thread-7] Thumbnail created: DSCF1063.JPG.jpg.jpg
2021-08-11 18:16:08,768 INFO util.FileUtils$Companion [Thread-7] YAML metadata created: DSCF1080.JPG.jpg.yaml
2021-08-11 18:16:08,780 INFO util.FileUtils$Companion [Thread-7] Thumbnail created: DSCF1080.JPG.jpg.jpg
2021-08-11 18:16:08,807 INFO util.FileUtils$Companion [Thread-7] YAML metadata created: DSCF1074.JPG.jpg.yaml
2021-08-11 18:16:08,820 INFO util.FileUtils$Companion [Thread-7] Thumbnail created: DSCF1074.JPG.jpg.jpg
2021-08-11 18:16:08,852 INFO util.FileUtils$Companion [Thread-7] YAML metadata created: DSCF1075.JPG.jpg.yaml
2021-08-11 18:16:08,886 INFO util.FileUtils$Companion [Thread-7] Thumbnail created: DSCF1075.JPG.jpg.jpg
2021-08-11 18:16:08,917 INFO util.FileUtils$Companion [Thread-7] YAML metadata created: DSCF1076.JPG.jpg.yaml
2021-08-11 18:16:08,928 INFO util.FileUtils$Companion [Thread-7] Thumbnail created: DSCF1076.JPG.jpg.jpg
2021-08-11 18:16:08,954 INFO util.FileUtils$Companion [Thread-7] YAML metadata created: DSCF1077.JPG.jpg.yaml
2021-08-11 18:16:08,967 INFO util.FileUtils$Companion [Thread-7] Thumbnail created: DSCF1077.JPG.jpg.jpg
2021-08-11 18:16:08,993 INFO util.FileUtils$Companion [Thread-7] YAML metadata created: DSCF1078.JPG.jpg.yaml
2021-08-11 18:16:09,004 INFO util.FileUtils$Companion [Thread-7] Thumbnail created: DSCF1078.JPG.jpg.jpg
2021-08-11 18:16:09,029 INFO util.FileUtils$Companion [Thread-7] YAML metadata created: DSCF1079.JPG.jpg.yaml
2021-08-11 18:16:09,041 INFO util.FileUtils$Companion [Thread-7] Thumbnail created: DSCF1079.JPG.jpg.jpg
2021-08-11 18:16:21,413 INFO util.FileUtils$Companion [Thread-8] Thread created: Thread-8.shashinscan
2021-08-11 18:16:21,432 INFO util.FileUtils$Companion [Thread-8] YAML metadata created: DSCF1061.JPG.yaml
2021-08-11 18:16:22,061 INFO util.FileUtils$Companion [Thread-8] Thumbnail created: DSCF1061.JPG.jpg
2021-08-11 18:16:22,083 INFO util.FileUtils$Companion [Thread-8] YAML metadata created: DSCF1062.JPG.yaml
2021-08-11 18:16:22,733 INFO util.FileUtils$Companion [Thread-8] Thumbnail created: DSCF1062.JPG.jpg
2021-08-11 18:16:22,759 INFO util.FileUtils$Companion [Thread-8] YAML metadata created: DSCF1063.JPG.yaml
2021-08-11 18:16:23,390 INFO util.FileUtils$Companion [Thread-8] Thumbnail created: DSCF1063.JPG.jpg
2021-08-11 18:16:23,406 INFO util.FileUtils$Companion [Thread-8] YAML metadata created: DSCF1080.JPG.yaml
2021-08-11 18:16:23,982 INFO util.FileUtils$Companion [Thread-8] Thumbnail created: DSCF1080.JPG.jpg
2021-08-11 18:16:24,002 INFO util.FileUtils$Companion [Thread-8] YAML metadata created: DSCF1074.JPG.yaml
2021-08-11 18:16:24,676 INFO util.FileUtils$Companion [Thread-8] Thumbnail created: DSCF1074.JPG.jpg
2021-08-11 18:16:24,695 INFO util.FileUtils$Companion [Thread-8] YAML metadata created: DSCF1075.JPG.yaml
2021-08-11 18:16:25,406 INFO util.FileUtils$Companion [Thread-8] Thumbnail created: DSCF1075.JPG.jpg
2021-08-11 18:16:25,429 INFO util.FileUtils$Companion [Thread-8] YAML metadata created: DSCF1076.JPG.yaml
2021-08-11 18:16:26,079 INFO util.FileUtils$Companion [Thread-8] Thumbnail created: DSCF1076.JPG.jpg
2021-08-11 18:16:26,097 INFO util.FileUtils$Companion [Thread-8] YAML metadata created: DSCF1077.JPG.yaml
2021-08-11 18:16:26,795 INFO util.FileUtils$Companion [Thread-8] Thumbnail created: DSCF1077.JPG.jpg
2021-08-11 18:16:26,816 INFO util.FileUtils$Companion [Thread-8] YAML metadata created: DSCF1078.JPG.yaml
2021-08-11 18:16:27,485 INFO util.FileUtils$Companion [Thread-8] Thumbnail created: DSCF1078.JPG.jpg
2021-08-11 18:16:27,501 INFO util.FileUtils$Companion [Thread-8] YAML metadata created: DSCF1079.JPG.yaml
2021-08-11 18:16:28,153 INFO util.FileUtils$Companion [Thread-8] Thumbnail created: DSCF1079.JPG.jpg
2021-08-11 18:21:40,462 INFO org.springframework.boot.StartupInfoLogger [restartedMain] Starting ShashinApplicationKt using Java 16.0.2 on LAPTOP-KQMN93J1 with PID 15552 (C:\Users\micha\IdeaProjects\shashin\target\classes started by micha in C:\Users\micha\IdeaProjects\shashin)
2021-08-11 18:21:40,469 INFO org.springframework.boot.SpringApplication [restartedMain] No active profile set, falling back to default profiles: default
2021-08-11 18:21:40,649 INFO org.springframework.boot.logging.DeferredLog [restartedMain] Devtools property defaults active! Set 'spring.devtools.add-properties' to 'false' to disable
2021-08-11 18:21:40,651 INFO org.springframework.boot.logging.DeferredLog [restartedMain] For additional web related logging consider setting the 'logging.level.web' property to 'DEBUG'
2021-08-11 18:21:43,106 INFO org.springframework.boot.web.embedded.tomcat.TomcatWebServer [restartedMain] Tomcat initialized with port(s): 8080 (http)
2021-08-11 18:21:43,135 INFO org.apache.juli.logging.DirectJDKLog [restartedMain] Initializing ProtocolHandler ["http-nio-8080"]
2021-08-11 18:21:43,137 INFO org.apache.juli.logging.DirectJDKLog [restartedMain] Starting service [Tomcat]
2021-08-11 18:21:43,138 INFO org.apache.juli.logging.DirectJDKLog [restartedMain] Starting Servlet engine: [Apache Tomcat/9.0.50]
2021-08-11 18:21:43,267 INFO org.apache.juli.logging.DirectJDKLog [restartedMain] Initializing Spring embedded WebApplicationContext
2021-08-11 18:21:43,268 INFO org.springframework.boot.web.servlet.context.ServletWebServerApplicationContext [restartedMain] Root WebApplicationContext: initialization completed in 2615 ms
2021-08-11 18:21:43,811 INFO org.springframework.boot.autoconfigure.web.servlet.WelcomePageHandlerMapping [restartedMain] Adding welcome page: class path resource [static/index.html]
2021-08-11 18:21:44,107 INFO org.springframework.boot.devtools.autoconfigure.OptionalLiveReloadServer [restartedMain] LiveReload server is running on port 35729
2021-08-11 18:21:44,142 INFO org.apache.juli.logging.DirectJDKLog [restartedMain] Starting ProtocolHandler ["http-nio-8080"]
2021-08-11 18:21:44,227 INFO org.springframework.boot.web.embedded.tomcat.TomcatWebServer [restartedMain] Tomcat started on port(s): 8080 (http) with context path ''
2021-08-11 18:21:44,261 INFO org.springframework.boot.StartupInfoLogger [restartedMain] Started ShashinApplicationKt in 4.785 seconds (JVM running for 6.551)
2021-08-11 18:21:48,085 INFO org.apache.juli.logging.DirectJDKLog [http-nio-8080-exec-2] Initializing Spring DispatcherServlet 'dispatcherServlet'
2021-08-11 18:21:48,087 INFO org.springframework.web.servlet.FrameworkServlet [http-nio-8080-exec-2] Initializing Servlet 'dispatcherServlet'
2021-08-11 18:21:48,090 INFO org.springframework.web.servlet.FrameworkServlet [http-nio-8080-exec-2] Completed initialization in 2 ms
2021-08-11 18:21:48,316 INFO util.FileUtils$Companion [Thread-7] Thread created: Thread-7.shashinscan
2021-08-11 18:21:48,419 INFO util.FileUtils$Companion [Thread-7] YAML metadata created: DSCF1061.JPG.yaml
2021-08-11 18:21:49,437 INFO util.FileUtils$Companion [Thread-7] Thumbnail created: DSCF1061.JPG.jpg
2021-08-11 18:21:49,483 INFO util.FileUtils$Companion [Thread-7] YAML metadata created: DSCF1062.JPG.yaml
2021-08-11 18:21:50,283 INFO util.FileUtils$Companion [Thread-7] Thumbnail created: DSCF1062.JPG.jpg
2021-08-11 18:21:50,308 INFO util.FileUtils$Companion [Thread-7] YAML metadata created: DSCF1063.JPG.yaml
2021-08-11 18:21:50,959 INFO util.FileUtils$Companion [Thread-7] Thumbnail created: DSCF1063.JPG.jpg
2021-08-11 18:21:50,985 INFO util.FileUtils$Companion [Thread-7] YAML metadata created: DSCF1080.JPG.yaml
2021-08-11 18:21:51,891 INFO util.FileUtils$Companion [Thread-7] Thumbnail created: DSCF1080.JPG.jpg
2021-08-11 18:21:51,919 INFO util.FileUtils$Companion [Thread-7] YAML metadata created: DSCF1074.JPG.yaml
2021-08-11 18:21:53,069 INFO util.FileUtils$Companion [Thread-7] Thumbnail created: DSCF1074.JPG.jpg
2021-08-11 18:21:53,091 INFO util.FileUtils$Companion [Thread-7] YAML metadata created: DSCF1075.JPG.yaml
2021-08-11 18:21:53,698 INFO util.FileUtils$Companion [Thread-7] Thumbnail created: DSCF1075.JPG.jpg
2021-08-11 18:21:53,727 INFO util.FileUtils$Companion [Thread-7] YAML metadata created: DSCF1076.JPG.yaml
2021-08-11 18:21:54,313 INFO util.FileUtils$Companion [Thread-7] Thumbnail created: DSCF1076.JPG.jpg
2021-08-11 18:21:54,331 INFO util.FileUtils$Companion [Thread-7] YAML metadata created: DSCF1077.JPG.yaml
2021-08-11 18:21:54,875 INFO util.FileUtils$Companion [Thread-7] Thumbnail created: DSCF1077.JPG.jpg
2021-08-11 18:21:54,901 INFO util.FileUtils$Companion [Thread-7] YAML metadata created: DSCF1078.JPG.yaml
2021-08-11 18:21:55,455 INFO util.FileUtils$Companion [Thread-7] Thumbnail created: DSCF1078.JPG.jpg
2021-08-11 18:21:55,483 INFO util.FileUtils$Companion [Thread-7] YAML metadata created: DSCF1079.JPG.yaml
2021-08-11 18:21:55,998 INFO util.FileUtils$Companion [Thread-7] Thumbnail created: DSCF1079.JPG.jpg
2021-08-11 18:22:34,995 INFO org.springframework.boot.StartupInfoLogger [restartedMain] Starting ShashinApplicationKt using Java 16.0.2 on LAPTOP-KQMN93J1 with PID 12736 (C:\Users\micha\IdeaProjects\shashin\target\classes started by micha in C:\Users\micha\IdeaProjects\shashin)
2021-08-11 18:22:35,001 INFO org.springframework.boot.SpringApplication [restartedMain] No active profile set, falling back to default profiles: default
2021-08-11 18:22:35,135 INFO org.springframework.boot.logging.DeferredLog [restartedMain] Devtools property defaults active! Set 'spring.devtools.add-properties' to 'false' to disable
2021-08-11 18:22:35,136 INFO org.springframework.boot.logging.DeferredLog [restartedMain] For additional web related logging consider setting the 'logging.level.web' property to 'DEBUG'
2021-08-11 18:22:37,751 INFO org.springframework.boot.web.embedded.tomcat.TomcatWebServer [restartedMain] Tomcat initialized with port(s): 8080 (http)
2021-08-11 18:22:37,782 INFO org.apache.juli.logging.DirectJDKLog [restartedMain] Initializing ProtocolHandler ["http-nio-8080"]
2021-08-11 18:22:37,784 INFO org.apache.juli.logging.DirectJDKLog [restartedMain] Starting service [Tomcat]
2021-08-11 18:22:37,784 INFO org.apache.juli.logging.DirectJDKLog [restartedMain] Starting Servlet engine: [Apache Tomcat/9.0.50]
2021-08-11 18:22:37,938 INFO org.apache.juli.logging.DirectJDKLog [restartedMain] Initializing Spring embedded WebApplicationContext
2021-08-11 18:22:37,939 INFO org.springframework.boot.web.servlet.context.ServletWebServerApplicationContext [restartedMain] Root WebApplicationContext: initialization completed in 2801 ms
2021-08-11 18:22:38,620 INFO org.springframework.boot.autoconfigure.web.servlet.WelcomePageHandlerMapping [restartedMain] Adding welcome page: class path resource [static/index.html]
2021-08-11 18:22:39,013 INFO org.springframework.boot.devtools.autoconfigure.OptionalLiveReloadServer [restartedMain] LiveReload server is running on port 35729
2021-08-11 18:22:39,064 INFO org.apache.juli.logging.DirectJDKLog [restartedMain] Starting ProtocolHandler ["http-nio-8080"]
2021-08-11 18:22:39,166 INFO org.springframework.boot.web.embedded.tomcat.TomcatWebServer [restartedMain] Tomcat started on port(s): 8080 (http) with context path ''
2021-08-11 18:22:39,199 INFO org.springframework.boot.StartupInfoLogger [restartedMain] Started ShashinApplicationKt in 5.314 seconds (JVM running for 6.98)
2021-08-11 18:23:12,967 INFO org.apache.juli.logging.DirectJDKLog [http-nio-8080-exec-2] Initializing Spring DispatcherServlet 'dispatcherServlet'
2021-08-11 18:23:12,968 INFO org.springframework.web.servlet.FrameworkServlet [http-nio-8080-exec-2] Initializing Servlet 'dispatcherServlet'
2021-08-11 18:23:12,970 INFO org.springframework.web.servlet.FrameworkServlet [http-nio-8080-exec-2] Completed initialization in 1 ms
2021-08-11 18:23:13,222 INFO util.FileUtils$Companion [Thread-7] Thread created: Thread-7.shashinscan
2021-08-11 18:23:13,357 INFO util.FileUtils$Companion [Thread-7] YAML metadata created: DSCF1061.JPG.yaml
2021-08-11 18:23:14,465 INFO util.FileUtils$Companion [Thread-7] Thumbnail created: DSCF1061.JPG.jpg
2021-08-11 18:23:14,505 INFO util.FileUtils$Companion [Thread-7] YAML metadata created: DSCF1062.JPG.yaml
2021-08-11 18:23:15,217 INFO util.FileUtils$Companion [Thread-7] Thumbnail created: DSCF1062.JPG.jpg
2021-08-11 18:23:15,237 INFO util.FileUtils$Companion [Thread-7] YAML metadata created: DSCF1063.JPG.yaml
2021-08-11 18:23:15,879 INFO util.FileUtils$Companion [Thread-7] Thumbnail created: DSCF1063.JPG.jpg
2021-08-11 18:23:15,910 INFO util.FileUtils$Companion [Thread-7] YAML metadata created: DSCF1080.JPG.yaml
2021-08-11 18:23:16,573 INFO util.FileUtils$Companion [Thread-7] Thumbnail created: DSCF1080.JPG.jpg
2021-08-11 18:23:16,604 INFO util.FileUtils$Companion [Thread-7] YAML metadata created: DSCF1074.JPG.yaml
2021-08-11 18:23:17,189 INFO util.FileUtils$Companion [Thread-7] Thumbnail created: DSCF1074.JPG.jpg
2021-08-11 18:23:17,206 INFO util.FileUtils$Companion [Thread-7] YAML metadata created: DSCF1075.JPG.yaml
2021-08-11 18:23:17,838 INFO util.FileUtils$Companion [Thread-7] Thumbnail created: DSCF1075.JPG.jpg
2021-08-11 18:23:17,856 INFO util.FileUtils$Companion [Thread-7] YAML metadata created: DSCF1076.JPG.yaml
2021-08-11 18:23:18,451 INFO util.FileUtils$Companion [Thread-7] Thumbnail created: DSCF1076.JPG.jpg
2021-08-11 18:23:18,477 INFO util.FileUtils$Companion [Thread-7] YAML metadata created: DSCF1077.JPG.yaml
2021-08-11 18:23:19,060 INFO util.FileUtils$Companion [Thread-7] Thumbnail created: DSCF1077.JPG.jpg
2021-08-11 18:23:19,079 INFO util.FileUtils$Companion [Thread-7] YAML metadata created: DSCF1078.JPG.yaml
2021-08-11 18:23:19,692 INFO util.FileUtils$Companion [Thread-7] Thumbnail created: DSCF1078.JPG.jpg
2021-08-11 18:23:19,711 INFO util.FileUtils$Companion [Thread-7] YAML metadata created: DSCF1079.JPG.yaml
2021-08-11 18:23:20,611 INFO util.FileUtils$Companion [Thread-7] Thumbnail created: DSCF1079.JPG.jpg
2021-08-11 18:43:50,874 INFO org.springframework.boot.StartupInfoLogger [restartedMain] Starting ShashinApplicationKt using Java 16.0.2 on LAPTOP-KQMN93J1 with PID 18124 (C:\Users\micha\IdeaProjects\shashin\target\classes started by micha in C:\Users\micha\IdeaProjects\shashin)
2021-08-11 18:43:50,881 INFO org.springframework.boot.SpringApplication [restartedMain] No active profile set, falling back to default profiles: default
2021-08-11 18:43:51,012 INFO org.springframework.boot.logging.DeferredLog [restartedMain] Devtools property defaults active! Set 'spring.devtools.add-properties' to 'false' to disable
2021-08-11 18:43:51,014 INFO org.springframework.boot.logging.DeferredLog [restartedMain] For additional web related logging consider setting the 'logging.level.web' property to 'DEBUG'
2021-08-11 18:43:53,724 INFO org.springframework.boot.web.embedded.tomcat.TomcatWebServer [restartedMain] Tomcat initialized with port(s): 8080 (http)
2021-08-11 18:43:53,754 INFO org.apache.juli.logging.DirectJDKLog [restartedMain] Initializing ProtocolHandler ["http-nio-8080"]
2021-08-11 18:43:53,756 INFO org.apache.juli.logging.DirectJDKLog [restartedMain] Starting service [Tomcat]
2021-08-11 18:43:53,758 INFO org.apache.juli.logging.DirectJDKLog [restartedMain] Starting Servlet engine: [Apache Tomcat/9.0.50]
2021-08-11 18:43:53,964 INFO org.apache.juli.logging.DirectJDKLog [restartedMain] Initializing Spring embedded WebApplicationContext
2021-08-11 18:43:53,965 INFO org.springframework.boot.web.servlet.context.ServletWebServerApplicationContext [restartedMain] Root WebApplicationContext: initialization completed in 2950 ms
2021-08-11 18:43:54,686 INFO org.springframework.boot.autoconfigure.web.servlet.WelcomePageHandlerMapping [restartedMain] Adding welcome page: class path resource [static/index.html]
2021-08-11 18:43:55,005 INFO org.springframework.boot.devtools.autoconfigure.OptionalLiveReloadServer [restartedMain] LiveReload server is running on port 35729
2021-08-11 18:43:55,053 INFO org.apache.juli.logging.DirectJDKLog [restartedMain] Starting ProtocolHandler ["http-nio-8080"]
2021-08-11 18:43:55,153 INFO org.springframework.boot.web.embedded.tomcat.TomcatWebServer [restartedMain] Tomcat started on port(s): 8080 (http) with context path ''
2021-08-11 18:43:55,197 INFO org.springframework.boot.StartupInfoLogger [restartedMain] Started ShashinApplicationKt in 5.44 seconds (JVM running for 7.594)
2021-08-11 18:43:58,617 INFO org.apache.juli.logging.DirectJDKLog [http-nio-8080-exec-1] Initializing Spring DispatcherServlet 'dispatcherServlet'
2021-08-11 18:43:58,618 INFO org.springframework.web.servlet.FrameworkServlet [http-nio-8080-exec-1] Initializing Servlet 'dispatcherServlet'
2021-08-11 18:43:58,620 INFO org.springframework.web.servlet.FrameworkServlet [http-nio-8080-exec-1] Completed initialization in 1 ms
2021-08-11 18:43:58,930 INFO util.FileUtils$Companion [Thread-7] Thread created: Thread-7.shashinscan
2021-08-11 18:43:59,077 INFO util.FileUtils$Companion [Thread-7] YAML metadata created: DSCF1061.JPG.yaml
2021-08-11 18:44:00,362 INFO util.FileUtils$Companion [Thread-7] Thumbnail created: DSCF1061.JPG.jpg
2021-08-11 18:44:00,425 INFO util.FileUtils$Companion [Thread-7] YAML metadata created: DSCF1062.JPG.yaml
2021-08-11 18:44:01,126 INFO util.FileUtils$Companion [Thread-7] Thumbnail created: DSCF1062.JPG.jpg
2021-08-11 18:44:01,159 INFO util.FileUtils$Companion [Thread-7] YAML metadata created: DSCF1063.JPG.yaml
2021-08-11 18:44:01,815 INFO util.FileUtils$Companion [Thread-7] Thumbnail created: DSCF1063.JPG.jpg
2021-08-11 18:44:01,837 INFO util.FileUtils$Companion [Thread-7] YAML metadata created: DSCF1080.JPG.yaml
2021-08-11 18:44:02,484 INFO util.FileUtils$Companion [Thread-7] Thumbnail created: DSCF1080.JPG.jpg
2021-08-11 18:44:02,510 INFO util.FileUtils$Companion [Thread-7] YAML metadata created: DSCF1074.JPG.yaml
2021-08-11 18:44:03,166 INFO util.FileUtils$Companion [Thread-7] Thumbnail created: DSCF1074.JPG.jpg
2021-08-11 18:44:03,189 INFO util.FileUtils$Companion [Thread-7] YAML metadata created: DSCF1075.JPG.yaml
2021-08-11 18:44:03,884 INFO util.FileUtils$Companion [Thread-7] Thumbnail created: DSCF1075.JPG.jpg
2021-08-11 18:44:03,902 INFO util.FileUtils$Companion [Thread-7] YAML metadata created: DSCF1076.JPG.yaml
2021-08-11 18:44:04,601 INFO util.FileUtils$Companion [Thread-7] Thumbnail created: DSCF1076.JPG.jpg
2021-08-11 18:44:04,628 INFO util.FileUtils$Companion [Thread-7] YAML metadata created: DSCF1077.JPG.yaml
2021-08-11 18:44:05,273 INFO util.FileUtils$Companion [Thread-7] Thumbnail created: DSCF1077.JPG.jpg
2021-08-11 18:44:05,293 INFO util.FileUtils$Companion [Thread-7] YAML metadata created: DSCF1078.JPG.yaml
2021-08-11 18:44:06,122 INFO util.FileUtils$Companion [Thread-7] Thumbnail created: DSCF1078.JPG.jpg
2021-08-11 18:44:06,155 INFO util.FileUtils$Companion [Thread-7] YAML metadata created: DSCF1079.JPG.yaml
2021-08-11 18:44:06,769 INFO util.FileUtils$Companion [Thread-7] Thumbnail created: DSCF1079.JPG.jpg
2021-08-11 18:45:01,558 INFO util.FileUtils$Companion [Thread-8] Thread created: Thread-8.shashinscan
2021-08-11 18:45:01,582 INFO util.FileUtils$Companion [Thread-8] YAML metadata created: DSCF1061.JPG.yaml
2021-08-11 18:45:02,203 INFO util.FileUtils$Companion [Thread-8] Thumbnail created: DSCF1061.JPG.jpg
2021-08-11 18:45:02,228 INFO util.FileUtils$Companion [Thread-8] YAML metadata created: DSCF1062.JPG.yaml
2021-08-11 18:45:02,857 INFO util.FileUtils$Companion [Thread-8] Thumbnail created: DSCF1062.JPG.jpg
2021-08-11 18:45:02,877 INFO util.FileUtils$Companion [Thread-8] YAML metadata created: DSCF1063.JPG.yaml
2021-08-11 18:45:03,505 INFO util.FileUtils$Companion [Thread-8] Thumbnail created: DSCF1063.JPG.jpg
2021-08-11 18:45:03,524 INFO util.FileUtils$Companion [Thread-8] YAML metadata created: DSCF1080.JPG.yaml
2021-08-11 18:45:04,249 INFO util.FileUtils$Companion [Thread-8] Thumbnail created: DSCF1080.JPG.jpg
2021-08-11 18:45:04,276 INFO util.FileUtils$Companion [Thread-8] YAML metadata created: DSCF1074.JPG.yaml
2021-08-11 18:45:04,906 INFO util.FileUtils$Companion [Thread-8] Thumbnail created: DSCF1074.JPG.jpg
2021-08-11 18:45:04,926 INFO util.FileUtils$Companion [Thread-8] YAML metadata created: DSCF1075.JPG.yaml
2021-08-11 18:45:05,529 INFO util.FileUtils$Companion [Thread-8] Thumbnail created: DSCF1075.JPG.jpg
2021-08-11 18:45:05,546 INFO util.FileUtils$Companion [Thread-8] YAML metadata created: DSCF1076.JPG.yaml
2021-08-11 18:45:06,267 INFO util.FileUtils$Companion [Thread-8] Thumbnail created: DSCF1076.JPG.jpg
2021-08-11 18:45:06,288 INFO util.FileUtils$Companion [Thread-8] YAML metadata created: DSCF1077.JPG.yaml
2021-08-11 18:45:06,927 INFO util.FileUtils$Companion [Thread-8] Thumbnail created: DSCF1077.JPG.jpg
2021-08-11 18:45:06,944 INFO util.FileUtils$Companion [Thread-8] YAML metadata created: DSCF1078.JPG.yaml
2021-08-11 18:45:07,527 INFO util.FileUtils$Companion [Thread-8] Thumbnail created: DSCF1078.JPG.jpg
2021-08-11 18:45:07,554 INFO util.FileUtils$Companion [Thread-8] YAML metadata created: DSCF1079.JPG.yaml
2021-08-11 18:45:08,123 INFO util.FileUtils$Companion [Thread-8] Thumbnail created: DSCF1079.JPG.jpg
2021-08-11 18:45:22,780 INFO org.springframework.boot.StartupInfoLogger [restartedMain] Starting ShashinApplicationKt using Java 16.0.2 on LAPTOP-KQMN93J1 with PID 13508 (C:\Users\micha\IdeaProjects\shashin\target\classes started by micha in C:\Users\micha\IdeaProjects\shashin)
2021-08-11 18:45:22,790 INFO org.springframework.boot.SpringApplication [restartedMain] No active profile set, falling back to default profiles: default
2021-08-11 18:45:22,970 INFO org.springframework.boot.logging.DeferredLog [restartedMain] Devtools property defaults active! Set 'spring.devtools.add-properties' to 'false' to disable
2021-08-11 18:45:22,972 INFO org.springframework.boot.logging.DeferredLog [restartedMain] For additional web related logging consider setting the 'logging.level.web' property to 'DEBUG'
2021-08-11 18:45:25,581 INFO org.springframework.boot.web.embedded.tomcat.TomcatWebServer [restartedMain] Tomcat initialized with port(s): 8080 (http)
2021-08-11 18:45:25,603 INFO org.apache.juli.logging.DirectJDKLog [restartedMain] Initializing ProtocolHandler ["http-nio-8080"]
2021-08-11 18:45:25,605 INFO org.apache.juli.logging.DirectJDKLog [restartedMain] Starting service [Tomcat]
2021-08-11 18:45:25,605 INFO org.apache.juli.logging.DirectJDKLog [restartedMain] Starting Servlet engine: [Apache Tomcat/9.0.50]
2021-08-11 18:45:25,749 INFO org.apache.juli.logging.DirectJDKLog [restartedMain] Initializing Spring embedded WebApplicationContext
2021-08-11 18:45:25,750 INFO org.springframework.boot.web.servlet.context.ServletWebServerApplicationContext [restartedMain] Root WebApplicationContext: initialization completed in 2775 ms
2021-08-11 18:45:26,327 INFO org.springframework.boot.autoconfigure.web.servlet.WelcomePageHandlerMapping [restartedMain] Adding welcome page: class path resource [static/index.html]
2021-08-11 18:45:26,627 INFO org.springframework.boot.devtools.autoconfigure.OptionalLiveReloadServer [restartedMain] LiveReload server is running on port 35729
2021-08-11 18:45:26,656 INFO org.apache.juli.logging.DirectJDKLog [restartedMain] Starting ProtocolHandler ["http-nio-8080"]
2021-08-11 18:45:26,726 INFO org.springframework.boot.web.embedded.tomcat.TomcatWebServer [restartedMain] Tomcat started on port(s): 8080 (http) with context path ''
2021-08-11 18:45:26,749 INFO org.springframework.boot.StartupInfoLogger [restartedMain] Started ShashinApplicationKt in 5.124 seconds (JVM running for 6.921)
2021-08-11 18:45:26,912 INFO org.apache.juli.logging.DirectJDKLog [http-nio-8080-exec-1] Initializing Spring DispatcherServlet 'dispatcherServlet'
2021-08-11 18:45:26,914 INFO org.springframework.web.servlet.FrameworkServlet [http-nio-8080-exec-1] Initializing Servlet 'dispatcherServlet'
2021-08-11 18:45:26,916 INFO org.springframework.web.servlet.FrameworkServlet [http-nio-8080-exec-1] Completed initialization in 2 ms
2021-08-11 18:45:27,173 INFO util.FileUtils$Companion [Thread-7] Thread created: Thread-7.shashinscan
2021-08-11 18:45:27,280 INFO util.FileUtils$Companion [Thread-7] YAML metadata created: DSCF1061.JPG.yaml
2021-08-11 18:45:28,425 INFO util.FileUtils$Companion [Thread-7] Thumbnail created: DSCF1061.JPG.jpg
2021-08-11 18:45:28,469 INFO util.FileUtils$Companion [Thread-7] YAML metadata created: DSCF1062.JPG.yaml
2021-08-11 18:45:29,192 INFO util.FileUtils$Companion [Thread-7] Thumbnail created: DSCF1062.JPG.jpg
2021-08-11 18:45:29,216 INFO util.FileUtils$Companion [Thread-7] YAML metadata created: DSCF1063.JPG.yaml
2021-08-11 18:45:29,854 INFO util.FileUtils$Companion [Thread-7] Thumbnail created: DSCF1063.JPG.jpg
2021-08-11 18:45:29,871 INFO util.FileUtils$Companion [Thread-7] YAML metadata created: DSCF1080.JPG.yaml
2021-08-11 18:45:30,549 INFO util.FileUtils$Companion [Thread-7] Thumbnail created: DSCF1080.JPG.jpg
2021-08-11 18:45:30,572 INFO util.FileUtils$Companion [Thread-7] YAML metadata created: DSCF1074.JPG.yaml
2021-08-11 18:45:31,254 INFO util.FileUtils$Companion [Thread-7] Thumbnail created: DSCF1074.JPG.jpg
2021-08-11 18:45:31,275 INFO util.FileUtils$Companion [Thread-7] YAML metadata created: DSCF1075.JPG.yaml
2021-08-11 18:45:31,979 INFO util.FileUtils$Companion [Thread-7] Thumbnail created: DSCF1075.JPG.jpg
2021-08-11 18:45:32,007 INFO util.FileUtils$Companion [Thread-7] YAML metadata created: DSCF1076.JPG.yaml
2021-08-11 18:45:32,631 INFO util.FileUtils$Companion [Thread-7] Thumbnail created: DSCF1076.JPG.jpg
2021-08-11 18:45:32,659 INFO util.FileUtils$Companion [Thread-7] YAML metadata created: DSCF1077.JPG.yaml
2021-08-11 18:45:33,328 INFO util.FileUtils$Companion [Thread-7] Thumbnail created: DSCF1077.JPG.jpg
2021-08-11 18:45:33,346 INFO util.FileUtils$Companion [Thread-7] YAML metadata created: DSCF1078.JPG.yaml
2021-08-11 18:45:34,213 INFO util.FileUtils$Companion [Thread-7] Thumbnail created: DSCF1078.JPG.jpg
2021-08-11 18:45:34,227 INFO util.FileUtils$Companion [Thread-7] YAML metadata created: DSCF1079.JPG.yaml
2021-08-11 18:45:34,839 INFO util.FileUtils$Companion [Thread-7] Thumbnail created: DSCF1079.JPG.jpg
2021-08-11 18:51:27,007 INFO org.springframework.boot.StartupInfoLogger [restartedMain] Starting ShashinApplicationKt using Java 16.0.2 on LAPTOP-KQMN93J1 with PID 19920 (C:\Users\micha\IdeaProjects\shashin\target\classes started by micha in C:\Users\micha\IdeaProjects\shashin)
2021-08-11 18:51:27,017 INFO org.springframework.boot.SpringApplication [restartedMain] No active profile set, falling back to default profiles: default
2021-08-11 18:51:27,140 INFO org.springframework.boot.logging.DeferredLog [restartedMain] Devtools property defaults active! Set 'spring.devtools.add-properties' to 'false' to disable
2021-08-11 18:51:27,141 INFO org.springframework.boot.logging.DeferredLog [restartedMain] For additional web related logging consider setting the 'logging.level.web' property to 'DEBUG'
2021-08-11 18:51:29,607 INFO org.springframework.boot.web.embedded.tomcat.TomcatWebServer [restartedMain] Tomcat initialized with port(s): 8080 (http)
2021-08-11 18:51:29,624 INFO org.apache.juli.logging.DirectJDKLog [restartedMain] Initializing ProtocolHandler ["http-nio-8080"]
2021-08-11 18:51:29,626 INFO org.apache.juli.logging.DirectJDKLog [restartedMain] Starting service [Tomcat]
2021-08-11 18:51:29,626 INFO org.apache.juli.logging.DirectJDKLog [restartedMain] Starting Servlet engine: [Apache Tomcat/9.0.50]
2021-08-11 18:51:29,772 INFO org.apache.juli.logging.DirectJDKLog [restartedMain] Initializing Spring embedded WebApplicationContext
2021-08-11 18:51:29,772 INFO org.springframework.boot.web.servlet.context.ServletWebServerApplicationContext [restartedMain] Root WebApplicationContext: initialization completed in 2628 ms
2021-08-11 18:51:30,412 INFO org.springframework.boot.autoconfigure.web.servlet.WelcomePageHandlerMapping [restartedMain] Adding welcome page: class path resource [static/index.html]
2021-08-11 18:51:30,733 INFO org.springframework.boot.devtools.autoconfigure.OptionalLiveReloadServer [restartedMain] LiveReload server is running on port 35729
2021-08-11 18:51:30,766 INFO org.apache.juli.logging.DirectJDKLog [restartedMain] Starting ProtocolHandler ["http-nio-8080"]
2021-08-11 18:51:30,841 INFO org.springframework.boot.web.embedded.tomcat.TomcatWebServer [restartedMain] Tomcat started on port(s): 8080 (http) with context path ''
2021-08-11 18:51:30,864 INFO org.springframework.boot.StartupInfoLogger [restartedMain] Started ShashinApplicationKt in 5.029 seconds (JVM running for 6.763)
2021-08-11 18:51:36,072 INFO org.apache.juli.logging.DirectJDKLog [http-nio-8080-exec-1] Initializing Spring DispatcherServlet 'dispatcherServlet'
2021-08-11 18:51:36,075 INFO org.springframework.web.servlet.FrameworkServlet [http-nio-8080-exec-1] Initializing Servlet 'dispatcherServlet'
2021-08-11 18:51:36,077 INFO org.springframework.web.servlet.FrameworkServlet [http-nio-8080-exec-1] Completed initialization in 2 ms
2021-08-11 18:51:36,313 INFO util.FileUtils$Companion [Thread-7] Thread created: Thread-7.shashinscan
2021-08-11 18:51:36,422 INFO util.FileUtils$Companion [Thread-7] YAML metadata created: DSCF1061.JPG.yaml
2021-08-11 18:51:37,404 INFO util.FileUtils$Companion [Thread-7] Thumbnail created: DSCF1061.JPG.jpg
2021-08-11 18:51:37,448 INFO util.FileUtils$Companion [Thread-7] YAML metadata created: DSCF1062.JPG.yaml
2021-08-11 18:51:38,174 INFO util.FileUtils$Companion [Thread-7] Thumbnail created: DSCF1062.JPG.jpg
2021-08-11 18:51:38,199 INFO util.FileUtils$Companion [Thread-7] YAML metadata created: DSCF1063.JPG.yaml
2021-08-11 18:51:38,815 INFO util.FileUtils$Companion [Thread-7] Thumbnail created: DSCF1063.JPG.jpg
2021-08-11 18:51:38,857 INFO util.FileUtils$Companion [Thread-7] YAML metadata created: DSCF1080.JPG.yaml
2021-08-11 18:51:39,455 INFO util.FileUtils$Companion [Thread-7] Thumbnail created: DSCF1080.JPG.jpg
2021-08-11 18:51:39,472 INFO util.FileUtils$Companion [Thread-7] YAML metadata created: DSCF1074.JPG.yaml
2021-08-11 18:51:40,112 INFO util.FileUtils$Companion [Thread-7] Thumbnail created: DSCF1074.JPG.jpg
2021-08-11 18:51:40,132 INFO util.FileUtils$Companion [Thread-7] YAML metadata created: DSCF1075.JPG.yaml
2021-08-11 18:51:40,767 INFO util.FileUtils$Companion [Thread-7] Thumbnail created: DSCF1075.JPG.jpg
2021-08-11 18:51:40,787 INFO util.FileUtils$Companion [Thread-7] YAML metadata created: DSCF1076.JPG.yaml
2021-08-11 18:51:41,397 INFO util.FileUtils$Companion [Thread-7] Thumbnail created: DSCF1076.JPG.jpg
2021-08-11 18:51:41,417 INFO util.FileUtils$Companion [Thread-7] YAML metadata created: DSCF1077.JPG.yaml
2021-08-11 18:51:42,075 INFO util.FileUtils$Companion [Thread-7] Thumbnail created: DSCF1077.JPG.jpg
2021-08-11 18:51:42,098 INFO util.FileUtils$Companion [Thread-7] YAML metadata created: DSCF1078.JPG.yaml
2021-08-11 18:51:42,675 INFO util.FileUtils$Companion [Thread-7] Thumbnail created: DSCF1078.JPG.jpg
2021-08-11 18:51:42,693 INFO util.FileUtils$Companion [Thread-7] YAML metadata created: DSCF1079.JPG.yaml
2021-08-11 18:51:43,324 INFO util.FileUtils$Companion [Thread-7] Thumbnail created: DSCF1079.JPG.jpg
2021-08-11 20:08:02,765 INFO org.springframework.boot.StartupInfoLogger [restartedMain] Starting ShashinApplicationKt using Java 16.0.2 on LAPTOP-KQMN93J1 with PID 18624 (C:\Users\micha\IdeaProjects\shashin\target\classes started by micha in C:\Users\micha\IdeaProjects\shashin)
2021-08-11 20:08:02,772 INFO org.springframework.boot.SpringApplication [restartedMain] No active profile set, falling back to default profiles: default
2021-08-11 20:08:02,863 INFO org.springframework.boot.logging.DeferredLog [restartedMain] Devtools property defaults active! Set 'spring.devtools.add-properties' to 'false' to disable
2021-08-11 20:08:02,864 INFO org.springframework.boot.logging.DeferredLog [restartedMain] For additional web related logging consider setting the 'logging.level.web' property to 'DEBUG'
2021-08-11 20:08:04,537 INFO org.springframework.boot.web.embedded.tomcat.TomcatWebServer [restartedMain] Tomcat initialized with port(s): 8080 (http)
2021-08-11 20:08:04,550 INFO org.apache.juli.logging.DirectJDKLog [restartedMain] Initializing ProtocolHandler ["http-nio-8080"]
2021-08-11 20:08:04,551 INFO org.apache.juli.logging.DirectJDKLog [restartedMain] Starting service [Tomcat]
2021-08-11 20:08:04,551 INFO org.apache.juli.logging.DirectJDKLog [restartedMain] Starting Servlet engine: [Apache Tomcat/9.0.50]
2021-08-11 20:08:04,658 INFO org.apache.juli.logging.DirectJDKLog [restartedMain] Initializing Spring embedded WebApplicationContext
2021-08-11 20:08:04,658 INFO org.springframework.boot.web.servlet.context.ServletWebServerApplicationContext [restartedMain] Root WebApplicationContext: initialization completed in 1793 ms
2021-08-11 20:08:04,981 INFO org.springframework.boot.autoconfigure.web.servlet.WelcomePageHandlerMapping [restartedMain] Adding welcome page: class path resource [static/index.html]
2021-08-11 20:08:05,193 INFO org.springframework.boot.devtools.autoconfigure.OptionalLiveReloadServer [restartedMain] LiveReload server is running on port 35729
2021-08-11 20:08:05,219 INFO org.apache.juli.logging.DirectJDKLog [restartedMain] Starting ProtocolHandler ["http-nio-8080"]
2021-08-11 20:08:05,293 INFO org.springframework.boot.web.embedded.tomcat.TomcatWebServer [restartedMain] Tomcat started on port(s): 8080 (http) with context path ''
2021-08-11 20:08:05,311 INFO org.springframework.boot.StartupInfoLogger [restartedMain] Started ShashinApplicationKt in 3.326 seconds (JVM running for 4.564)
2021-08-11 20:08:06,876 INFO org.apache.juli.logging.DirectJDKLog [http-nio-8080-exec-1] Initializing Spring DispatcherServlet 'dispatcherServlet'
2021-08-11 20:08:06,876 INFO org.springframework.web.servlet.FrameworkServlet [http-nio-8080-exec-1] Initializing Servlet 'dispatcherServlet'
2021-08-11 20:08:06,877 INFO org.springframework.web.servlet.FrameworkServlet [http-nio-8080-exec-1] Completed initialization in 0 ms
2021-08-11 20:08:07,037 INFO util.FileUtils$Companion [Thread-7] Thread created: Thread-7.shashinscan
2021-08-11 20:08:07,748 INFO util.FileUtils$Companion [Thread-7] Thumbnail created: DSCF1061.JPG.jpg
2021-08-11 20:08:07,828 INFO util.FileUtils$Companion [Thread-7] YAML metadata created: DSCF1061.JPG.yaml
2021-08-11 20:08:08,371 INFO util.FileUtils$Companion [Thread-7] Thumbnail created: DSCF1062.JPG.jpg
2021-08-11 20:08:08,388 INFO util.FileUtils$Companion [Thread-7] YAML metadata created: DSCF1062.JPG.yaml
2021-08-11 20:08:08,875 INFO util.FileUtils$Companion [Thread-7] Thumbnail created: DSCF1063.JPG.jpg
2021-08-11 20:08:08,890 INFO util.FileUtils$Companion [Thread-7] YAML metadata created: DSCF1063.JPG.yaml
2021-08-11 20:08:09,517 INFO util.FileUtils$Companion [Thread-7] Thumbnail created: DSCF1080.JPG.jpg
2021-08-11 20:08:09,534 INFO util.FileUtils$Companion [Thread-7] YAML metadata created: DSCF1080.JPG.yaml
2021-08-11 20:08:10,078 INFO util.FileUtils$Companion [Thread-7] Thumbnail created: DSCF1074.JPG.jpg
2021-08-11 20:08:10,094 INFO util.FileUtils$Companion [Thread-7] YAML metadata created: DSCF1074.JPG.yaml
2021-08-11 20:08:10,991 INFO util.FileUtils$Companion [Thread-7] Thumbnail created: DSCF1075.JPG.jpg
2021-08-11 20:08:11,046 INFO util.FileUtils$Companion [Thread-7] YAML metadata created: DSCF1075.JPG.yaml
2021-08-11 20:08:12,324 INFO util.FileUtils$Companion [Thread-7] Thumbnail created: DSCF1076.JPG.jpg
2021-08-11 20:08:12,350 INFO util.FileUtils$Companion [Thread-7] YAML metadata created: DSCF1076.JPG.yaml
2021-08-11 20:08:13,118 INFO util.FileUtils$Companion [Thread-7] Thumbnail created: DSCF1077.JPG.jpg
2021-08-11 20:08:13,137 INFO util.FileUtils$Companion [Thread-7] YAML metadata created: DSCF1077.JPG.yaml
2021-08-11 20:08:13,884 INFO util.FileUtils$Companion [Thread-7] Thumbnail created: DSCF1078.JPG.jpg
2021-08-11 20:08:13,908 INFO util.FileUtils$Companion [Thread-7] YAML metadata created: DSCF1078.JPG.yaml
2021-08-11 20:08:14,470 INFO util.FileUtils$Companion [Thread-7] Thumbnail created: DSCF1079.JPG.jpg
2021-08-11 20:08:14,485 INFO util.FileUtils$Companion [Thread-7] YAML metadata created: DSCF1079.JPG.yaml
2021-08-11 20:41:03,523 INFO org.springframework.boot.StartupInfoLogger [restartedMain] Starting ShashinApplicationKt using Java 16.0.2 on LAPTOP-KQMN93J1 with PID 13780 (C:\Users\micha\IdeaProjects\shashin\target\classes started by micha in C:\Users\micha\IdeaProjects\shashin)
2021-08-11 20:41:03,529 INFO org.springframework.boot.SpringApplication [restartedMain] No active profile set, falling back to default profiles: default
2021-08-11 20:41:03,614 INFO org.springframework.boot.logging.DeferredLog [restartedMain] Devtools property defaults active! Set 'spring.devtools.add-properties' to 'false' to disable
2021-08-11 20:41:03,615 INFO org.springframework.boot.logging.DeferredLog [restartedMain] For additional web related logging consider setting the 'logging.level.web' property to 'DEBUG'
2021-08-11 20:41:05,085 INFO org.springframework.boot.web.embedded.tomcat.TomcatWebServer [restartedMain] Tomcat initialized with port(s): 8080 (http)
2021-08-11 20:41:05,098 INFO org.apache.juli.logging.DirectJDKLog [restartedMain] Initializing ProtocolHandler ["http-nio-8080"]
2021-08-11 20:41:05,100 INFO org.apache.juli.logging.DirectJDKLog [restartedMain] Starting service [Tomcat]
2021-08-11 20:41:05,100 INFO org.apache.juli.logging.DirectJDKLog [restartedMain] Starting Servlet engine: [Apache Tomcat/9.0.50]
2021-08-11 20:41:05,226 INFO org.apache.juli.logging.DirectJDKLog [restartedMain] Initializing Spring embedded WebApplicationContext
2021-08-11 20:41:05,227 INFO org.springframework.boot.web.servlet.context.ServletWebServerApplicationContext [restartedMain] Root WebApplicationContext: initialization completed in 1609 ms
2021-08-11 20:41:05,586 INFO org.springframework.boot.autoconfigure.web.servlet.WelcomePageHandlerMapping [restartedMain] Adding welcome page: class path resource [static/index.html]
2021-08-11 20:41:05,748 INFO org.springframework.boot.devtools.autoconfigure.OptionalLiveReloadServer [restartedMain] LiveReload server is running on port 35729
2021-08-11 20:41:05,767 INFO org.apache.juli.logging.DirectJDKLog [restartedMain] Starting ProtocolHandler ["http-nio-8080"]
2021-08-11 20:41:05,827 INFO org.springframework.boot.web.embedded.tomcat.TomcatWebServer [restartedMain] Tomcat started on port(s): 8080 (http) with context path ''
2021-08-11 20:41:05,842 INFO org.springframework.boot.StartupInfoLogger [restartedMain] Started ShashinApplicationKt in 3.087 seconds (JVM running for 4.225)
2021-08-11 20:42:15,953 INFO org.springframework.boot.StartupInfoLogger [restartedMain] Starting ShashinApplicationKt using Java 16.0.2 on LAPTOP-KQMN93J1 with PID 15492 (C:\Users\micha\IdeaProjects\shashin\target\classes started by micha in C:\Users\micha\IdeaProjects\shashin)
2021-08-11 20:42:15,958 INFO org.springframework.boot.SpringApplication [restartedMain] No active profile set, falling back to default profiles: default
2021-08-11 20:42:16,038 INFO org.springframework.boot.logging.DeferredLog [restartedMain] Devtools property defaults active! Set 'spring.devtools.add-properties' to 'false' to disable
2021-08-11 20:42:16,039 INFO org.springframework.boot.logging.DeferredLog [restartedMain] For additional web related logging consider setting the 'logging.level.web' property to 'DEBUG'
2021-08-11 20:42:17,479 INFO org.springframework.boot.web.embedded.tomcat.TomcatWebServer [restartedMain] Tomcat initialized with port(s): 8080 (http)
2021-08-11 20:42:17,490 INFO org.apache.juli.logging.DirectJDKLog [restartedMain] Initializing ProtocolHandler ["http-nio-8080"]
2021-08-11 20:42:17,491 INFO org.apache.juli.logging.DirectJDKLog [restartedMain] Starting service [Tomcat]
2021-08-11 20:42:17,491 INFO org.apache.juli.logging.DirectJDKLog [restartedMain] Starting Servlet engine: [Apache Tomcat/9.0.50]
2021-08-11 20:42:17,592 INFO org.apache.juli.logging.DirectJDKLog [restartedMain] Initializing Spring embedded WebApplicationContext
2021-08-11 20:42:17,593 INFO org.springframework.boot.web.servlet.context.ServletWebServerApplicationContext [restartedMain] Root WebApplicationContext: initialization completed in 1552 ms
2021-08-11 20:42:17,855 INFO org.springframework.boot.autoconfigure.web.servlet.WelcomePageHandlerMapping [restartedMain] Adding welcome page: class path resource [static/index.html]
2021-08-11 20:42:17,992 INFO org.springframework.boot.devtools.autoconfigure.OptionalLiveReloadServer [restartedMain] LiveReload server is running on port 35729
2021-08-11 20:42:18,012 INFO org.apache.juli.logging.DirectJDKLog [restartedMain] Starting ProtocolHandler ["http-nio-8080"]
2021-08-11 20:42:18,052 INFO org.springframework.boot.web.embedded.tomcat.TomcatWebServer [restartedMain] Tomcat started on port(s): 8080 (http) with context path ''
2021-08-11 20:42:18,066 INFO org.springframework.boot.StartupInfoLogger [restartedMain] Started ShashinApplicationKt in 2.798 seconds (JVM running for 3.849)
2021-08-11 20:44:01,213 INFO org.springframework.boot.StartupInfoLogger [restartedMain] Starting ShashinApplicationKt using Java 16.0.2 on LAPTOP-KQMN93J1 with PID 17060 (C:\Users\micha\IdeaProjects\shashin\target\classes started by micha in C:\Users\micha\IdeaProjects\shashin)
2021-08-11 20:44:01,216 INFO org.springframework.boot.SpringApplication [restartedMain] No active profile set, falling back to default profiles: default
2021-08-11 20:44:01,297 INFO org.springframework.boot.logging.DeferredLog [restartedMain] Devtools property defaults active! Set 'spring.devtools.add-properties' to 'false' to disable
2021-08-11 20:44:01,297 INFO org.springframework.boot.logging.DeferredLog [restartedMain] For additional web related logging consider setting the 'logging.level.web' property to 'DEBUG'
2021-08-11 20:44:02,642 INFO org.springframework.boot.web.embedded.tomcat.TomcatWebServer [restartedMain] Tomcat initialized with port(s): 8080 (http)
2021-08-11 20:44:02,652 INFO org.apache.juli.logging.DirectJDKLog [restartedMain] Initializing ProtocolHandler ["http-nio-8080"]
2021-08-11 20:44:02,653 INFO org.apache.juli.logging.DirectJDKLog [restartedMain] Starting service [Tomcat]
2021-08-11 20:44:02,654 INFO org.apache.juli.logging.DirectJDKLog [restartedMain] Starting Servlet engine: [Apache Tomcat/9.0.50]
2021-08-11 20:44:02,762 INFO org.apache.juli.logging.DirectJDKLog [restartedMain] Initializing Spring embedded WebApplicationContext
2021-08-11 20:44:02,762 INFO org.springframework.boot.web.servlet.context.ServletWebServerApplicationContext [restartedMain] Root WebApplicationContext: initialization completed in 1464 ms
2021-08-11 20:44:03,040 INFO org.springframework.boot.autoconfigure.web.servlet.WelcomePageHandlerMapping [restartedMain] Adding welcome page: class path resource [static/index.html]
2021-08-11 20:44:03,182 INFO org.springframework.boot.devtools.autoconfigure.OptionalLiveReloadServer [restartedMain] LiveReload server is running on port 35729
2021-08-11 20:44:03,201 INFO org.apache.juli.logging.DirectJDKLog [restartedMain] Starting ProtocolHandler ["http-nio-8080"]
2021-08-11 20:44:03,252 INFO org.springframework.boot.web.embedded.tomcat.TomcatWebServer [restartedMain] Tomcat started on port(s): 8080 (http) with context path ''
2021-08-11 20:44:03,266 INFO org.springframework.boot.StartupInfoLogger [restartedMain] Started ShashinApplicationKt in 2.635 seconds (JVM running for 3.606)
2021-08-11 20:46:38,869 INFO org.springframework.boot.StartupInfoLogger [restartedMain] Starting ShashinApplicationKt using Java 16.0.2 on LAPTOP-KQMN93J1 with PID 6332 (C:\Users\micha\IdeaProjects\shashin\target\classes started by micha in C:\Users\micha\IdeaProjects\shashin)
2021-08-11 20:46:38,874 INFO org.springframework.boot.SpringApplication [restartedMain] No active profile set, falling back to default profiles: default
2021-08-11 20:46:38,959 INFO org.springframework.boot.logging.DeferredLog [restartedMain] Devtools property defaults active! Set 'spring.devtools.add-properties' to 'false' to disable
2021-08-11 20:46:38,960 INFO org.springframework.boot.logging.DeferredLog [restartedMain] For additional web related logging consider setting the 'logging.level.web' property to 'DEBUG'
2021-08-11 20:46:40,362 INFO org.springframework.boot.web.embedded.tomcat.TomcatWebServer [restartedMain] Tomcat initialized with port(s): 8080 (http)
2021-08-11 20:46:40,372 INFO org.apache.juli.logging.DirectJDKLog [restartedMain] Initializing ProtocolHandler ["http-nio-8080"]
2021-08-11 20:46:40,372 INFO org.apache.juli.logging.DirectJDKLog [restartedMain] Starting service [Tomcat]
2021-08-11 20:46:40,373 INFO org.apache.juli.logging.DirectJDKLog [restartedMain] Starting Servlet engine: [Apache Tomcat/9.0.50]
2021-08-11 20:46:40,468 INFO org.apache.juli.logging.DirectJDKLog [restartedMain] Initializing Spring embedded WebApplicationContext
2021-08-11 20:46:40,468 INFO org.springframework.boot.web.servlet.context.ServletWebServerApplicationContext [restartedMain] Root WebApplicationContext: initialization completed in 1507 ms
2021-08-11 20:46:40,726 INFO org.springframework.boot.autoconfigure.web.servlet.WelcomePageHandlerMapping [restartedMain] Adding welcome page: class path resource [static/index.html]
2021-08-11 20:46:40,859 INFO org.springframework.boot.devtools.autoconfigure.OptionalLiveReloadServer [restartedMain] LiveReload server is running on port 35729
2021-08-11 20:46:40,877 INFO org.apache.juli.logging.DirectJDKLog [restartedMain] Starting ProtocolHandler ["http-nio-8080"]
2021-08-11 20:46:40,929 INFO org.springframework.boot.web.embedded.tomcat.TomcatWebServer [restartedMain] Tomcat started on port(s): 8080 (http) with context path ''
2021-08-11 20:46:40,942 INFO org.springframework.boot.StartupInfoLogger [restartedMain] Started ShashinApplicationKt in 2.686 seconds (JVM running for 3.577)
2021-08-11 20:47:40,006 INFO org.apache.juli.logging.DirectJDKLog [http-nio-8080-exec-1] Initializing Spring DispatcherServlet 'dispatcherServlet'
2021-08-11 20:47:40,006 INFO org.springframework.web.servlet.FrameworkServlet [http-nio-8080-exec-1] Initializing Servlet 'dispatcherServlet'
2021-08-11 20:47:40,007 INFO org.springframework.web.servlet.FrameworkServlet [http-nio-8080-exec-1] Completed initialization in 1 ms
2021-08-11 20:47:40,135 INFO util.FileUtils$Companion [Thread-7] Thread created: Thread-7.shashinscan
2021-08-11 20:47:40,699 INFO util.FileUtils$Companion [Thread-7] Thumbnail already exists: DSCF1061.JPG.jpg
2021-08-11 20:47:40,792 INFO util.FileUtils$Companion [Thread-7] YAML metadata already exists: DSCF1061.JPG.yaml
2021-08-11 20:47:41,295 INFO util.FileUtils$Companion [Thread-7] Thumbnail already exists: DSCF1062.JPG.jpg
2021-08-11 20:47:41,307 INFO util.FileUtils$Companion [Thread-7] YAML metadata already exists: DSCF1062.JPG.yaml
2021-08-11 20:47:41,749 INFO util.FileUtils$Companion [Thread-7] Thumbnail already exists: DSCF1063.JPG.jpg
2021-08-11 20:47:41,764 INFO util.FileUtils$Companion [Thread-7] YAML metadata already exists: DSCF1063.JPG.yaml
2021-08-11 20:47:42,157 INFO util.FileUtils$Companion [Thread-7] Thumbnail already exists: DSCF1080.JPG.jpg
2021-08-11 20:47:42,169 INFO util.FileUtils$Companion [Thread-7] YAML metadata already exists: DSCF1080.JPG.yaml
2021-08-11 20:47:42,594 INFO util.FileUtils$Companion [Thread-7] Thumbnail already exists: DSCF1074.JPG.jpg
2021-08-11 20:47:42,605 INFO util.FileUtils$Companion [Thread-7] YAML metadata already exists: DSCF1074.JPG.yaml
2021-08-11 20:47:43,063 INFO util.FileUtils$Companion [Thread-7] Thumbnail already exists: DSCF1075.JPG.jpg
2021-08-11 20:47:43,075 INFO util.FileUtils$Companion [Thread-7] YAML metadata already exists: DSCF1075.JPG.yaml
2021-08-11 20:47:43,440 INFO util.FileUtils$Companion [Thread-7] Thumbnail already exists: DSCF1076.JPG.jpg
2021-08-11 20:47:43,449 INFO util.FileUtils$Companion [Thread-7] YAML metadata already exists: DSCF1076.JPG.yaml
2021-08-11 20:47:43,826 INFO util.FileUtils$Companion [Thread-7] Thumbnail already exists: DSCF1077.JPG.jpg
2021-08-11 20:47:43,840 INFO util.FileUtils$Companion [Thread-7] YAML metadata already exists: DSCF1077.JPG.yaml
2021-08-11 20:47:44,221 INFO util.FileUtils$Companion [Thread-7] Thumbnail already exists: DSCF1078.JPG.jpg
2021-08-11 20:47:44,232 INFO util.FileUtils$Companion [Thread-7] YAML metadata already exists: DSCF1078.JPG.yaml
2021-08-11 20:47:44,581 INFO util.FileUtils$Companion [Thread-7] Thumbnail already exists: DSCF1079.JPG.jpg
2021-08-11 20:47:44,591 INFO util.FileUtils$Companion [Thread-7] YAML metadata already exists: DSCF1079.JPG.yaml
2021-08-11 20:47:44,616 INFO util.FileUtils$Companion [Thread-7] Thumbnail created: DSCF1061.JPG.jpg.jpg
2021-08-11 20:47:44,629 INFO util.FileUtils$Companion [Thread-7] YAML metadata created: DSCF1061.JPG.jpg.yaml
2021-08-11 20:47:44,643 INFO util.FileUtils$Companion [Thread-7] Thumbnail created: DSCF1062.JPG.jpg.jpg
2021-08-11 20:47:44,653 INFO util.FileUtils$Companion [Thread-7] YAML metadata created: DSCF1062.JPG.jpg.yaml
2021-08-11 20:47:44,671 INFO util.FileUtils$Companion [Thread-7] Thumbnail created: DSCF1063.JPG.jpg.jpg
2021-08-11 20:47:44,684 INFO util.FileUtils$Companion [Thread-7] YAML metadata created: DSCF1063.JPG.jpg.yaml
2021-08-11 20:47:44,703 INFO util.FileUtils$Companion [Thread-7] Thumbnail created: DSCF1080.JPG.jpg.jpg
2021-08-11 20:47:44,711 INFO util.FileUtils$Companion [Thread-7] YAML metadata created: DSCF1080.JPG.jpg.yaml
2021-08-11 20:47:44,727 INFO util.FileUtils$Companion [Thread-7] Thumbnail created: DSCF1074.JPG.jpg.jpg
2021-08-11 20:47:44,737 INFO util.FileUtils$Companion [Thread-7] YAML metadata created: DSCF1074.JPG.jpg.yaml
2021-08-11 20:47:44,752 INFO util.FileUtils$Companion [Thread-7] Thumbnail created: DSCF1075.JPG.jpg.jpg
2021-08-11 20:47:44,762 INFO util.FileUtils$Companion [Thread-7] YAML metadata created: DSCF1075.JPG.jpg.yaml
2021-08-11 20:47:44,780 INFO util.FileUtils$Companion [Thread-7] Thumbnail created: DSCF1076.JPG.jpg.jpg
2021-08-11 20:47:44,788 INFO util.FileUtils$Companion [Thread-7] YAML metadata created: DSCF1076.JPG.jpg.yaml
2021-08-11 20:47:44,802 INFO util.FileUtils$Companion [Thread-7] Thumbnail created: DSCF1077.JPG.jpg.jpg
2021-08-11 20:47:44,814 INFO util.FileUtils$Companion [Thread-7] YAML metadata created: DSCF1077.JPG.jpg.yaml
2021-08-11 20:47:44,828 INFO util.FileUtils$Companion [Thread-7] Thumbnail created: DSCF1078.JPG.jpg.jpg
2021-08-11 20:47:44,838 INFO util.FileUtils$Companion [Thread-7] YAML metadata created: DSCF1078.JPG.jpg.yaml
2021-08-11 20:47:44,852 INFO util.FileUtils$Companion [Thread-7] Thumbnail created: DSCF1079.JPG.jpg.jpg
2021-08-11 20:47:44,862 INFO util.FileUtils$Companion [Thread-7] YAML metadata created: DSCF1079.JPG.jpg.yaml
2021-08-11 20:53:45,449 INFO org.springframework.boot.StartupInfoLogger [restartedMain] Starting ShashinApplicationKt using Java 16.0.2 on LAPTOP-KQMN93J1 with PID 14388 (C:\Users\micha\IdeaProjects\shashin\target\classes started by micha in C:\Users\micha\IdeaProjects\shashin)
2021-08-11 20:53:45,452 INFO org.springframework.boot.SpringApplication [restartedMain] No active profile set, falling back to default profiles: default
2021-08-11 20:53:45,530 INFO org.springframework.boot.logging.DeferredLog [restartedMain] Devtools property defaults active! Set 'spring.devtools.add-properties' to 'false' to disable
2021-08-11 20:53:45,531 INFO org.springframework.boot.logging.DeferredLog [restartedMain] For additional web related logging consider setting the 'logging.level.web' property to 'DEBUG'
2021-08-11 20:53:46,818 INFO org.springframework.boot.web.embedded.tomcat.TomcatWebServer [restartedMain] Tomcat initialized with port(s): 8080 (http)
2021-08-11 20:53:46,829 INFO org.apache.juli.logging.DirectJDKLog [restartedMain] Initializing ProtocolHandler ["http-nio-8080"]
2021-08-11 20:53:46,830 INFO org.apache.juli.logging.DirectJDKLog [restartedMain] Starting service [Tomcat]
2021-08-11 20:53:46,830 INFO org.apache.juli.logging.DirectJDKLog [restartedMain] Starting Servlet engine: [Apache Tomcat/9.0.50]
2021-08-11 20:53:46,933 INFO org.apache.juli.logging.DirectJDKLog [restartedMain] Initializing Spring embedded WebApplicationContext
2021-08-11 20:53:46,934 INFO org.springframework.boot.web.servlet.context.ServletWebServerApplicationContext [restartedMain] Root WebApplicationContext: initialization completed in 1402 ms
2021-08-11 20:53:47,171 INFO org.springframework.boot.autoconfigure.web.servlet.WelcomePageHandlerMapping [restartedMain] Adding welcome page: class path resource [static/index.html]
2021-08-11 20:53:47,295 INFO org.springframework.boot.devtools.autoconfigure.OptionalLiveReloadServer [restartedMain] LiveReload server is running on port 35729
2021-08-11 20:53:47,320 INFO org.apache.juli.logging.DirectJDKLog [restartedMain] Starting ProtocolHandler ["http-nio-8080"]
2021-08-11 20:53:47,364 INFO org.springframework.boot.web.embedded.tomcat.TomcatWebServer [restartedMain] Tomcat started on port(s): 8080 (http) with context path ''
2021-08-11 20:53:47,382 INFO org.springframework.boot.StartupInfoLogger [restartedMain] Started ShashinApplicationKt in 2.482 seconds (JVM running for 3.463)
2021-08-11 21:05:35,631 INFO org.springframework.boot.StartupInfoLogger [restartedMain] Starting ShashinApplicationKt using Java 16.0.2 on LAPTOP-KQMN93J1 with PID 15980 (C:\Users\micha\IdeaProjects\shashin\target\classes started by micha in C:\Users\micha\IdeaProjects\shashin)
2021-08-11 21:05:35,635 INFO org.springframework.boot.SpringApplication [restartedMain] No active profile set, falling back to default profiles: default
2021-08-11 21:05:35,718 INFO org.springframework.boot.logging.DeferredLog [restartedMain] Devtools property defaults active! Set 'spring.devtools.add-properties' to 'false' to disable
2021-08-11 21:05:35,719 INFO org.springframework.boot.logging.DeferredLog [restartedMain] For additional web related logging consider setting the 'logging.level.web' property to 'DEBUG'
2021-08-11 21:05:37,069 INFO org.springframework.boot.web.embedded.tomcat.TomcatWebServer [restartedMain] Tomcat initialized with port(s): 8080 (http)
2021-08-11 21:05:37,079 INFO org.apache.juli.logging.DirectJDKLog [restartedMain] Initializing ProtocolHandler ["http-nio-8080"]
2021-08-11 21:05:37,080 INFO org.apache.juli.logging.DirectJDKLog [restartedMain] Starting service [Tomcat]
2021-08-11 21:05:37,080 INFO org.apache.juli.logging.DirectJDKLog [restartedMain] Starting Servlet engine: [Apache Tomcat/9.0.50]
2021-08-11 21:05:37,180 INFO org.apache.juli.logging.DirectJDKLog [restartedMain] Initializing Spring embedded WebApplicationContext
2021-08-11 21:05:37,180 INFO org.springframework.boot.web.servlet.context.ServletWebServerApplicationContext [restartedMain] Root WebApplicationContext: initialization completed in 1460 ms
2021-08-11 21:05:37,434 INFO org.springframework.boot.autoconfigure.web.servlet.WelcomePageHandlerMapping [restartedMain] Adding welcome page: class path resource [static/index.html]
2021-08-11 21:05:37,564 INFO org.springframework.boot.devtools.autoconfigure.OptionalLiveReloadServer [restartedMain] LiveReload server is running on port 35729
2021-08-11 21:05:37,584 INFO org.apache.juli.logging.DirectJDKLog [restartedMain] Starting ProtocolHandler ["http-nio-8080"]
2021-08-11 21:05:37,627 INFO org.springframework.boot.web.embedded.tomcat.TomcatWebServer [restartedMain] Tomcat started on port(s): 8080 (http) with context path ''
2021-08-11 21:05:37,640 INFO org.springframework.boot.StartupInfoLogger [restartedMain] Started ShashinApplicationKt in 2.684 seconds (JVM running for 3.846)
2021-08-11 21:06:44,447 INFO org.springframework.boot.StartupInfoLogger [restartedMain] Starting ShashinApplicationKt using Java 16.0.2 on LAPTOP-KQMN93J1 with PID 14996 (C:\Users\micha\IdeaProjects\shashin\target\classes started by micha in C:\Users\micha\IdeaProjects\shashin)
2021-08-11 21:06:44,451 INFO org.springframework.boot.SpringApplication [restartedMain] No active profile set, falling back to default profiles: default
2021-08-11 21:06:44,526 INFO org.springframework.boot.logging.DeferredLog [restartedMain] Devtools property defaults active! Set 'spring.devtools.add-properties' to 'false' to disable
2021-08-11 21:06:44,527 INFO org.springframework.boot.logging.DeferredLog [restartedMain] For additional web related logging consider setting the 'logging.level.web' property to 'DEBUG'
2021-08-11 21:06:45,783 INFO org.springframework.boot.web.embedded.tomcat.TomcatWebServer [restartedMain] Tomcat initialized with port(s): 8080 (http)
2021-08-11 21:06:45,792 INFO org.apache.juli.logging.DirectJDKLog [restartedMain] Initializing ProtocolHandler ["http-nio-8080"]
2021-08-11 21:06:45,793 INFO org.apache.juli.logging.DirectJDKLog [restartedMain] Starting service [Tomcat]
2021-08-11 21:06:45,793 INFO org.apache.juli.logging.DirectJDKLog [restartedMain] Starting Servlet engine: [Apache Tomcat/9.0.50]
2021-08-11 21:06:45,885 INFO org.apache.juli.logging.DirectJDKLog [restartedMain] Initializing Spring embedded WebApplicationContext
2021-08-11 21:06:45,885 INFO org.springframework.boot.web.servlet.context.ServletWebServerApplicationContext [restartedMain] Root WebApplicationContext: initialization completed in 1357 ms
2021-08-11 21:06:46,136 INFO org.springframework.boot.autoconfigure.web.servlet.WelcomePageHandlerMapping [restartedMain] Adding welcome page: class path resource [static/index.html]
2021-08-11 21:06:46,268 INFO org.springframework.boot.devtools.autoconfigure.OptionalLiveReloadServer [restartedMain] LiveReload server is running on port 35729
2021-08-11 21:06:46,288 INFO org.apache.juli.logging.DirectJDKLog [restartedMain] Starting ProtocolHandler ["http-nio-8080"]
2021-08-11 21:06:46,327 INFO org.springframework.boot.web.embedded.tomcat.TomcatWebServer [restartedMain] Tomcat started on port(s): 8080 (http) with context path ''
2021-08-11 21:06:46,342 INFO org.springframework.boot.StartupInfoLogger [restartedMain] Started ShashinApplicationKt in 2.433 seconds (JVM running for 3.424)
2021-08-11 21:08:41,911 INFO org.springframework.boot.StartupInfoLogger [restartedMain] Starting ShashinApplicationKt using Java 16.0.2 on LAPTOP-KQMN93J1 with PID 2760 (C:\Users\micha\IdeaProjects\shashin\target\classes started by micha in C:\Users\micha\IdeaProjects\shashin)
2021-08-11 21:08:41,914 INFO org.springframework.boot.SpringApplication [restartedMain] No active profile set, falling back to default profiles: default
2021-08-11 21:08:41,982 INFO org.springframework.boot.logging.DeferredLog [restartedMain] Devtools property defaults active! Set 'spring.devtools.add-properties' to 'false' to disable
2021-08-11 21:08:41,983 INFO org.springframework.boot.logging.DeferredLog [restartedMain] For additional web related logging consider setting the 'logging.level.web' property to 'DEBUG'
2021-08-11 21:08:43,343 INFO org.springframework.boot.web.embedded.tomcat.TomcatWebServer [restartedMain] Tomcat initialized with port(s): 8080 (http)
2021-08-11 21:08:43,352 INFO org.apache.juli.logging.DirectJDKLog [restartedMain] Initializing ProtocolHandler ["http-nio-8080"]
2021-08-11 21:08:43,353 INFO org.apache.juli.logging.DirectJDKLog [restartedMain] Starting service [Tomcat]
2021-08-11 21:08:43,353 INFO org.apache.juli.logging.DirectJDKLog [restartedMain] Starting Servlet engine: [Apache Tomcat/9.0.50]
2021-08-11 21:08:43,447 INFO org.apache.juli.logging.DirectJDKLog [restartedMain] Initializing Spring embedded WebApplicationContext
2021-08-11 21:08:43,448 INFO org.springframework.boot.web.servlet.context.ServletWebServerApplicationContext [restartedMain] Root WebApplicationContext: initialization completed in 1465 ms
2021-08-11 21:08:43,725 INFO org.springframework.boot.autoconfigure.web.servlet.WelcomePageHandlerMapping [restartedMain] Adding welcome page: class path resource [static/index.html]
2021-08-11 21:08:43,864 INFO org.springframework.boot.devtools.autoconfigure.OptionalLiveReloadServer [restartedMain] LiveReload server is running on port 35729
2021-08-11 21:08:43,886 INFO org.apache.juli.logging.DirectJDKLog [restartedMain] Starting ProtocolHandler ["http-nio-8080"]
2021-08-11 21:08:43,934 INFO org.springframework.boot.web.embedded.tomcat.TomcatWebServer [restartedMain] Tomcat started on port(s): 8080 (http) with context path ''
2021-08-11 21:08:43,949 INFO org.springframework.boot.StartupInfoLogger [restartedMain] Started ShashinApplicationKt in 2.575 seconds (JVM running for 3.461)
2021-08-11 21:17:16,016 INFO org.springframework.boot.StartupInfoLogger [restartedMain] Starting ShashinApplicationKt using Java 16.0.2 on LAPTOP-KQMN93J1 with PID 13240 (C:\Users\micha\IdeaProjects\shashin\target\classes started by micha in C:\Users\micha\IdeaProjects\shashin)
2021-08-11 21:17:16,021 INFO org.springframework.boot.SpringApplication [restartedMain] No active profile set, falling back to default profiles: default
2021-08-11 21:17:16,110 INFO org.springframework.boot.logging.DeferredLog [restartedMain] Devtools property defaults active! Set 'spring.devtools.add-properties' to 'false' to disable
2021-08-11 21:17:16,111 INFO org.springframework.boot.logging.DeferredLog [restartedMain] For additional web related logging consider setting the 'logging.level.web' property to 'DEBUG'
2021-08-11 21:17:17,467 INFO org.springframework.boot.web.embedded.tomcat.TomcatWebServer [restartedMain] Tomcat initialized with port(s): 8080 (http)
2021-08-11 21:17:17,480 INFO org.apache.juli.logging.DirectJDKLog [restartedMain] Initializing ProtocolHandler ["http-nio-8080"]
2021-08-11 21:17:17,480 INFO org.apache.juli.logging.DirectJDKLog [restartedMain] Starting service [Tomcat]
2021-08-11 21:17:17,481 INFO org.apache.juli.logging.DirectJDKLog [restartedMain] Starting Servlet engine: [Apache Tomcat/9.0.50]
2021-08-11 21:17:17,582 INFO org.apache.juli.logging.DirectJDKLog [restartedMain] Initializing Spring embedded WebApplicationContext
2021-08-11 21:17:17,583 INFO org.springframework.boot.web.servlet.context.ServletWebServerApplicationContext [restartedMain] Root WebApplicationContext: initialization completed in 1470 ms
2021-08-11 21:17:17,848 INFO org.springframework.boot.autoconfigure.web.servlet.WelcomePageHandlerMapping [restartedMain] Adding welcome page: class path resource [static/index.html]
2021-08-11 21:17:17,977 INFO org.springframework.boot.devtools.autoconfigure.OptionalLiveReloadServer [restartedMain] LiveReload server is running on port 35729
2021-08-11 21:17:17,996 INFO org.apache.juli.logging.DirectJDKLog [restartedMain] Starting ProtocolHandler ["http-nio-8080"]
2021-08-11 21:17:18,036 INFO org.springframework.boot.web.embedded.tomcat.TomcatWebServer [restartedMain] Tomcat started on port(s): 8080 (http) with context path ''
2021-08-11 21:17:18,050 INFO org.springframework.boot.StartupInfoLogger [restartedMain] Started ShashinApplicationKt in 2.738 seconds (JVM running for 3.967)
2021-08-11 21:17:28,321 INFO org.apache.juli.logging.DirectJDKLog [http-nio-8080-exec-1] Initializing Spring DispatcherServlet 'dispatcherServlet'
2021-08-11 21:17:28,322 INFO org.springframework.web.servlet.FrameworkServlet [http-nio-8080-exec-1] Initializing Servlet 'dispatcherServlet'
2021-08-11 21:17:28,323 INFO org.springframework.web.servlet.FrameworkServlet [http-nio-8080-exec-1] Completed initialization in 1 ms
2021-08-11 21:20:14,787 INFO org.springframework.boot.StartupInfoLogger [restartedMain] Starting ShashinApplicationKt using Java 16.0.2 on LAPTOP-KQMN93J1 with PID 2280 (C:\Users\micha\IdeaProjects\shashin\target\classes started by micha in C:\Users\micha\IdeaProjects\shashin)
2021-08-11 21:20:14,791 INFO org.springframework.boot.SpringApplication [restartedMain] No active profile set, falling back to default profiles: default
2021-08-11 21:20:14,863 INFO org.springframework.boot.logging.DeferredLog [restartedMain] Devtools property defaults active! Set 'spring.devtools.add-properties' to 'false' to disable
2021-08-11 21:20:14,864 INFO org.springframework.boot.logging.DeferredLog [restartedMain] For additional web related logging consider setting the 'logging.level.web' property to 'DEBUG'
2021-08-11 21:20:16,285 INFO org.springframework.boot.web.embedded.tomcat.TomcatWebServer [restartedMain] Tomcat initialized with port(s): 8080 (http)
2021-08-11 21:20:16,297 INFO org.apache.juli.logging.DirectJDKLog [restartedMain] Initializing ProtocolHandler ["http-nio-8080"]
2021-08-11 21:20:16,298 INFO org.apache.juli.logging.DirectJDKLog [restartedMain] Starting service [Tomcat]
2021-08-11 21:20:16,298 INFO org.apache.juli.logging.DirectJDKLog [restartedMain] Starting Servlet engine: [Apache Tomcat/9.0.50]
2021-08-11 21:20:16,392 INFO org.apache.juli.logging.DirectJDKLog [restartedMain] Initializing Spring embedded WebApplicationContext
2021-08-11 21:20:16,393 INFO org.springframework.boot.web.servlet.context.ServletWebServerApplicationContext [restartedMain] Root WebApplicationContext: initialization completed in 1528 ms
2021-08-11 21:20:16,658 INFO org.springframework.boot.autoconfigure.web.servlet.WelcomePageHandlerMapping [restartedMain] Adding welcome page: class path resource [static/index.html]
2021-08-11 21:20:16,781 INFO org.springframework.boot.devtools.autoconfigure.OptionalLiveReloadServer [restartedMain] LiveReload server is running on port 35729
2021-08-11 21:20:16,801 INFO org.apache.juli.logging.DirectJDKLog [restartedMain] Starting ProtocolHandler ["http-nio-8080"]
2021-08-11 21:20:16,839 INFO org.springframework.boot.web.embedded.tomcat.TomcatWebServer [restartedMain] Tomcat started on port(s): 8080 (http) with context path ''
2021-08-11 21:20:16,853 INFO org.springframework.boot.StartupInfoLogger [restartedMain] Started ShashinApplicationKt in 2.705 seconds (JVM running for 3.769)
2021-08-11 21:36:13,130 INFO org.springframework.boot.StartupInfoLogger [restartedMain] Starting ShashinApplicationKt using Java 16.0.2 on LAPTOP-KQMN93J1 with PID 10364 (C:\Users\micha\IdeaProjects\shashin\target\classes started by micha in C:\Users\micha\IdeaProjects\shashin)
2021-08-11 21:36:13,136 INFO org.springframework.boot.SpringApplication [restartedMain] No active profile set, falling back to default profiles: default
2021-08-11 21:36:13,224 INFO org.springframework.boot.logging.DeferredLog [restartedMain] Devtools property defaults active! Set 'spring.devtools.add-properties' to 'false' to disable
2021-08-11 21:36:13,225 INFO org.springframework.boot.logging.DeferredLog [restartedMain] For additional web related logging consider setting the 'logging.level.web' property to 'DEBUG'
2021-08-11 21:36:14,715 INFO org.springframework.boot.web.embedded.tomcat.TomcatWebServer [restartedMain] Tomcat initialized with port(s): 8080 (http)
2021-08-11 21:36:14,726 INFO org.apache.juli.logging.DirectJDKLog [restartedMain] Initializing ProtocolHandler ["http-nio-8080"]
2021-08-11 21:36:14,726 INFO org.apache.juli.logging.DirectJDKLog [restartedMain] Starting service [Tomcat]
2021-08-11 21:36:14,726 INFO org.apache.juli.logging.DirectJDKLog [restartedMain] Starting Servlet engine: [Apache Tomcat/9.0.50]
2021-08-11 21:36:14,851 INFO org.apache.juli.logging.DirectJDKLog [restartedMain] Initializing Spring embedded WebApplicationContext
2021-08-11 21:36:14,851 INFO org.springframework.boot.web.servlet.context.ServletWebServerApplicationContext [restartedMain] Root WebApplicationContext: initialization completed in 1625 ms
2021-08-11 21:36:15,337 INFO org.springframework.boot.autoconfigure.web.servlet.WelcomePageHandlerMapping [restartedMain] Adding welcome page: class path resource [static/index.html]
2021-08-11 21:36:15,522 INFO org.springframework.boot.devtools.autoconfigure.OptionalLiveReloadServer [restartedMain] LiveReload server is running on port 35729
2021-08-11 21:36:15,545 INFO org.apache.juli.logging.DirectJDKLog [restartedMain] Starting ProtocolHandler ["http-nio-8080"]
2021-08-11 21:36:15,588 INFO org.springframework.boot.web.embedded.tomcat.TomcatWebServer [restartedMain] Tomcat started on port(s): 8080 (http) with context path ''
2021-08-11 21:36:15,610 INFO org.springframework.boot.StartupInfoLogger [restartedMain] Started ShashinApplicationKt in 3.118 seconds (JVM running for 4.254)
2021-08-11 21:38:30,706 INFO org.springframework.boot.StartupInfoLogger [restartedMain] Starting ShashinApplicationKt using Java 16.0.2 on LAPTOP-KQMN93J1 with PID 2320 (C:\Users\micha\IdeaProjects\shashin\target\classes started by micha in C:\Users\micha\IdeaProjects\shashin)
2021-08-11 21:38:30,711 INFO org.springframework.boot.SpringApplication [restartedMain] No active profile set, falling back to default profiles: default
2021-08-11 21:38:30,801 INFO org.springframework.boot.logging.DeferredLog [restartedMain] Devtools property defaults active! Set 'spring.devtools.add-properties' to 'false' to disable
2021-08-11 21:38:30,802 INFO org.springframework.boot.logging.DeferredLog [restartedMain] For additional web related logging consider setting the 'logging.level.web' property to 'DEBUG'
2021-08-11 21:38:32,320 INFO org.springframework.boot.web.embedded.tomcat.TomcatWebServer [restartedMain] Tomcat initialized with port(s): 8080 (http)
2021-08-11 21:38:32,332 INFO org.apache.juli.logging.DirectJDKLog [restartedMain] Initializing ProtocolHandler ["http-nio-8080"]
2021-08-11 21:38:32,332 INFO org.apache.juli.logging.DirectJDKLog [restartedMain] Starting service [Tomcat]
2021-08-11 21:38:32,332 INFO org.apache.juli.logging.DirectJDKLog [restartedMain] Starting Servlet engine: [Apache Tomcat/9.0.50]
2021-08-11 21:38:32,429 INFO org.apache.juli.logging.DirectJDKLog [restartedMain] Initializing Spring embedded WebApplicationContext
2021-08-11 21:38:32,429 INFO org.springframework.boot.web.servlet.context.ServletWebServerApplicationContext [restartedMain] Root WebApplicationContext: initialization completed in 1626 ms
2021-08-11 21:38:32,708 INFO org.springframework.boot.autoconfigure.web.servlet.WelcomePageHandlerMapping [restartedMain] Adding welcome page: class path resource [static/index.html]
2021-08-11 21:38:32,856 INFO org.springframework.boot.devtools.autoconfigure.OptionalLiveReloadServer [restartedMain] LiveReload server is running on port 35729
2021-08-11 21:38:32,880 INFO org.apache.juli.logging.DirectJDKLog [restartedMain] Starting ProtocolHandler ["http-nio-8080"]
2021-08-11 21:38:32,920 INFO org.springframework.boot.web.embedded.tomcat.TomcatWebServer [restartedMain] Tomcat started on port(s): 8080 (http) with context path ''
2021-08-11 21:38:32,937 INFO org.springframework.boot.StartupInfoLogger [restartedMain] Started ShashinApplicationKt in 3.4 seconds (JVM running for 4.447)
2021-08-11 21:38:45,521 INFO org.springframework.boot.StartupInfoLogger [restartedMain] Starting ShashinApplicationKt using Java 16.0.2 on LAPTOP-KQMN93J1 with PID 19496 (C:\Users\micha\IdeaProjects\shashin\target\classes started by micha in C:\Users\micha\IdeaProjects\shashin)
2021-08-11 21:38:45,526 INFO org.springframework.boot.SpringApplication [restartedMain] No active profile set, falling back to default profiles: default
2021-08-11 21:38:45,604 INFO org.springframework.boot.logging.DeferredLog [restartedMain] Devtools property defaults active! Set 'spring.devtools.add-properties' to 'false' to disable
2021-08-11 21:38:45,604 INFO org.springframework.boot.logging.DeferredLog [restartedMain] For additional web related logging consider setting the 'logging.level.web' property to 'DEBUG'
2021-08-11 21:38:47,016 INFO org.springframework.boot.web.embedded.tomcat.TomcatWebServer [restartedMain] Tomcat initialized with port(s): 8080 (http)
2021-08-11 21:38:47,027 INFO org.apache.juli.logging.DirectJDKLog [restartedMain] Initializing ProtocolHandler ["http-nio-8080"]
2021-08-11 21:38:47,027 INFO org.apache.juli.logging.DirectJDKLog [restartedMain] Starting service [Tomcat]
2021-08-11 21:38:47,028 INFO org.apache.juli.logging.DirectJDKLog [restartedMain] Starting Servlet engine: [Apache Tomcat/9.0.50]
2021-08-11 21:38:47,116 INFO org.apache.juli.logging.DirectJDKLog [restartedMain] Initializing Spring embedded WebApplicationContext
2021-08-11 21:38:47,116 INFO org.springframework.boot.web.servlet.context.ServletWebServerApplicationContext [restartedMain] Root WebApplicationContext: initialization completed in 1511 ms
2021-08-11 21:38:47,375 INFO org.springframework.boot.autoconfigure.web.servlet.WelcomePageHandlerMapping [restartedMain] Adding welcome page: class path resource [static/index.html]
2021-08-11 21:38:47,528 INFO org.springframework.boot.devtools.autoconfigure.OptionalLiveReloadServer [restartedMain] LiveReload server is running on port 35729
2021-08-11 21:38:47,548 INFO org.apache.juli.logging.DirectJDKLog [restartedMain] Starting ProtocolHandler ["http-nio-8080"]
2021-08-11 21:38:47,589 INFO org.springframework.boot.web.embedded.tomcat.TomcatWebServer [restartedMain] Tomcat started on port(s): 8080 (http) with context path ''
2021-08-11 21:38:47,605 INFO org.springframework.boot.StartupInfoLogger [restartedMain] Started ShashinApplicationKt in 2.728 seconds (JVM running for 3.776)
2021-08-11 21:39:12,765 ERROR org.springframework.boot.diagnostics.LoggingFailureAnalysisReporter [restartedMain] 

***************************
APPLICATION FAILED TO START
***************************

Description:

Failed to bind properties under 'logging.level.root' to org.springframework.boot.logging.LogLevel:

    Property: logging.level.root
    Value: asdf
    Origin: class path resource [application.properties] - 1:20
    Reason: failed to convert java.lang.String to org.springframework.boot.logging.LogLevel (caused by java.lang.IllegalArgumentException: No enum constant org.springframework.boot.logging.LogLevel.asdf)

Action:

Update your application's configuration. The following values are valid:

    DEBUG
    ERROR
    FATAL
    INFO
    OFF
    TRACE
    WARN

2021-08-11 21:39:27,586 INFO org.springframework.boot.StartupInfoLogger [restartedMain] Starting ShashinApplicationKt using Java 16.0.2 on LAPTOP-KQMN93J1 with PID 2176 (C:\Users\micha\IdeaProjects\shashin\target\classes started by micha in C:\Users\micha\IdeaProjects\shashin)
2021-08-11 21:39:27,590 INFO org.springframework.boot.SpringApplication [restartedMain] No active profile set, falling back to default profiles: default
2021-08-11 21:39:27,667 INFO org.springframework.boot.logging.DeferredLog [restartedMain] Devtools property defaults active! Set 'spring.devtools.add-properties' to 'false' to disable
2021-08-11 21:39:27,668 INFO org.springframework.boot.logging.DeferredLog [restartedMain] For additional web related logging consider setting the 'logging.level.web' property to 'DEBUG'
2021-08-11 21:39:29,194 INFO org.springframework.boot.web.embedded.tomcat.TomcatWebServer [restartedMain] Tomcat initialized with port(s): 8080 (http)
2021-08-11 21:39:29,205 INFO org.apache.juli.logging.DirectJDKLog [restartedMain] Initializing ProtocolHandler ["http-nio-8080"]
2021-08-11 21:39:29,206 INFO org.apache.juli.logging.DirectJDKLog [restartedMain] Starting service [Tomcat]
2021-08-11 21:39:29,207 INFO org.apache.juli.logging.DirectJDKLog [restartedMain] Starting Servlet engine: [Apache Tomcat/9.0.50]
2021-08-11 21:39:29,351 INFO org.apache.juli.logging.DirectJDKLog [restartedMain] Initializing Spring embedded WebApplicationContext
2021-08-11 21:39:29,351 INFO org.springframework.boot.web.servlet.context.ServletWebServerApplicationContext [restartedMain] Root WebApplicationContext: initialization completed in 1682 ms
2021-08-11 21:39:29,827 INFO org.springframework.boot.autoconfigure.web.servlet.WelcomePageHandlerMapping [restartedMain] Adding welcome page: class path resource [static/index.html]
2021-08-11 21:39:30,030 INFO org.springframework.boot.devtools.autoconfigure.OptionalLiveReloadServer [restartedMain] LiveReload server is running on port 35729
2021-08-11 21:39:30,062 INFO org.apache.juli.logging.DirectJDKLog [restartedMain] Starting ProtocolHandler ["http-nio-8080"]
2021-08-11 21:39:30,114 INFO org.springframework.boot.web.embedded.tomcat.TomcatWebServer [restartedMain] Tomcat started on port(s): 8080 (http) with context path ''
2021-08-11 21:39:30,128 INFO org.springframework.boot.StartupInfoLogger [restartedMain] Started ShashinApplicationKt in 3.086 seconds (JVM running for 4.0)
2021-08-11 21:41:00,194 INFO org.springframework.boot.StartupInfoLogger [restartedMain] Starting ShashinApplicationKt using Java 16.0.2 on LAPTOP-KQMN93J1 with PID 18044 (C:\Users\micha\IdeaProjects\shashin\target\classes started by micha in C:\Users\micha\IdeaProjects\shashin)
2021-08-11 21:41:00,198 INFO org.springframework.boot.SpringApplication [restartedMain] No active profile set, falling back to default profiles: default
2021-08-11 21:41:00,290 INFO org.springframework.boot.logging.DeferredLog [restartedMain] Devtools property defaults active! Set 'spring.devtools.add-properties' to 'false' to disable
2021-08-11 21:41:00,291 INFO org.springframework.boot.logging.DeferredLog [restartedMain] For additional web related logging consider setting the 'logging.level.web' property to 'DEBUG'
2021-08-11 21:41:01,891 INFO org.springframework.boot.web.embedded.tomcat.TomcatWebServer [restartedMain] Tomcat initialized with port(s): 8080 (http)
2021-08-11 21:41:01,901 INFO org.apache.juli.logging.DirectJDKLog [restartedMain] Initializing ProtocolHandler ["http-nio-8080"]
2021-08-11 21:41:01,902 INFO org.apache.juli.logging.DirectJDKLog [restartedMain] Starting service [Tomcat]
2021-08-11 21:41:01,902 INFO org.apache.juli.logging.DirectJDKLog [restartedMain] Starting Servlet engine: [Apache Tomcat/9.0.50]
2021-08-11 21:41:02,004 INFO org.apache.juli.logging.DirectJDKLog [restartedMain] Initializing Spring embedded WebApplicationContext
2021-08-11 21:41:02,005 INFO org.springframework.boot.web.servlet.context.ServletWebServerApplicationContext [restartedMain] Root WebApplicationContext: initialization completed in 1713 ms
2021-08-11 21:41:02,314 INFO org.springframework.boot.autoconfigure.web.servlet.WelcomePageHandlerMapping [restartedMain] Adding welcome page: class path resource [static/index.html]
2021-08-11 21:41:02,481 INFO org.springframework.boot.devtools.autoconfigure.OptionalLiveReloadServer [restartedMain] LiveReload server is running on port 35729
2021-08-11 21:41:02,503 INFO org.apache.juli.logging.DirectJDKLog [restartedMain] Starting ProtocolHandler ["http-nio-8080"]
2021-08-11 21:41:02,548 INFO org.springframework.boot.web.embedded.tomcat.TomcatWebServer [restartedMain] Tomcat started on port(s): 8080 (http) with context path ''
2021-08-11 21:41:02,563 INFO org.springframework.boot.StartupInfoLogger [restartedMain] Started ShashinApplicationKt in 2.954 seconds (JVM running for 3.909)
2021-08-11 21:41:35,334 INFO org.springframework.boot.StartupInfoLogger [restartedMain] Starting ShashinApplicationKt using Java 16.0.2 on LAPTOP-KQMN93J1 with PID 7912 (C:\Users\micha\IdeaProjects\shashin\target\classes started by micha in C:\Users\micha\IdeaProjects\shashin)
2021-08-11 21:41:35,339 INFO org.springframework.boot.SpringApplication [restartedMain] No active profile set, falling back to default profiles: default
2021-08-11 21:41:35,414 INFO org.springframework.boot.logging.DeferredLog [restartedMain] Devtools property defaults active! Set 'spring.devtools.add-properties' to 'false' to disable
2021-08-11 21:41:35,415 INFO org.springframework.boot.logging.DeferredLog [restartedMain] For additional web related logging consider setting the 'logging.level.web' property to 'DEBUG'
2021-08-11 21:41:36,823 INFO org.springframework.boot.web.embedded.tomcat.TomcatWebServer [restartedMain] Tomcat initialized with port(s): 8080 (http)
2021-08-11 21:41:36,832 INFO org.apache.juli.logging.DirectJDKLog [restartedMain] Initializing ProtocolHandler ["http-nio-8080"]
2021-08-11 21:41:36,833 INFO org.apache.juli.logging.DirectJDKLog [restartedMain] Starting service [Tomcat]
2021-08-11 21:41:36,833 INFO org.apache.juli.logging.DirectJDKLog [restartedMain] Starting Servlet engine: [Apache Tomcat/9.0.50]
2021-08-11 21:41:36,929 INFO org.apache.juli.logging.DirectJDKLog [restartedMain] Initializing Spring embedded WebApplicationContext
2021-08-11 21:41:36,930 INFO org.springframework.boot.web.servlet.context.ServletWebServerApplicationContext [restartedMain] Root WebApplicationContext: initialization completed in 1514 ms
2021-08-11 21:41:37,192 INFO org.springframework.boot.autoconfigure.web.servlet.WelcomePageHandlerMapping [restartedMain] Adding welcome page: class path resource [static/index.html]
2021-08-11 21:41:37,350 INFO org.springframework.boot.devtools.autoconfigure.OptionalLiveReloadServer [restartedMain] LiveReload server is running on port 35729
2021-08-11 21:41:37,370 INFO org.apache.juli.logging.DirectJDKLog [restartedMain] Starting ProtocolHandler ["http-nio-8080"]
2021-08-11 21:41:37,411 INFO org.springframework.boot.web.embedded.tomcat.TomcatWebServer [restartedMain] Tomcat started on port(s): 8080 (http) with context path ''
2021-08-11 21:41:37,428 INFO org.springframework.boot.StartupInfoLogger [restartedMain] Started ShashinApplicationKt in 2.634 seconds (JVM running for 3.522)
2021-08-11 21:42:41,029 INFO org.springframework.boot.StartupInfoLogger [restartedMain] Starting ShashinApplicationKt using Java 16.0.2 on LAPTOP-KQMN93J1 with PID 13120 (C:\Users\micha\IdeaProjects\shashin\target\classes started by micha in C:\Users\micha\IdeaProjects\shashin)
2021-08-11 21:42:41,033 INFO org.springframework.boot.SpringApplication [restartedMain] No active profile set, falling back to default profiles: default
2021-08-11 21:42:41,105 INFO org.springframework.boot.logging.DeferredLog [restartedMain] Devtools property defaults active! Set 'spring.devtools.add-properties' to 'false' to disable
2021-08-11 21:42:41,106 INFO org.springframework.boot.logging.DeferredLog [restartedMain] For additional web related logging consider setting the 'logging.level.web' property to 'DEBUG'
2021-08-11 21:42:42,497 INFO org.springframework.boot.web.embedded.tomcat.TomcatWebServer [restartedMain] Tomcat initialized with port(s): 8080 (http)
2021-08-11 21:42:42,506 INFO org.apache.juli.logging.DirectJDKLog [restartedMain] Initializing ProtocolHandler ["http-nio-8080"]
2021-08-11 21:42:42,507 INFO org.apache.juli.logging.DirectJDKLog [restartedMain] Starting service [Tomcat]
2021-08-11 21:42:42,507 INFO org.apache.juli.logging.DirectJDKLog [restartedMain] Starting Servlet engine: [Apache Tomcat/9.0.50]
2021-08-11 21:42:42,596 INFO org.apache.juli.logging.DirectJDKLog [restartedMain] Initializing Spring embedded WebApplicationContext
2021-08-11 21:42:42,597 INFO org.springframework.boot.web.servlet.context.ServletWebServerApplicationContext [restartedMain] Root WebApplicationContext: initialization completed in 1490 ms
2021-08-11 21:42:42,940 INFO org.springframework.boot.autoconfigure.web.servlet.WelcomePageHandlerMapping [restartedMain] Adding welcome page: class path resource [static/index.html]
2021-08-11 21:42:43,122 INFO org.springframework.boot.devtools.autoconfigure.OptionalLiveReloadServer [restartedMain] LiveReload server is running on port 35729
2021-08-11 21:42:43,141 INFO org.apache.juli.logging.DirectJDKLog [restartedMain] Starting ProtocolHandler ["http-nio-8080"]
2021-08-11 21:42:43,191 INFO org.springframework.boot.web.embedded.tomcat.TomcatWebServer [restartedMain] Tomcat started on port(s): 8080 (http) with context path ''
2021-08-11 21:42:43,206 INFO org.springframework.boot.StartupInfoLogger [restartedMain] Started ShashinApplicationKt in 2.703 seconds (JVM running for 3.641)
2021-08-11 21:45:24,555 INFO org.springframework.boot.StartupInfoLogger [restartedMain] Starting ShashinApplicationKt using Java 16.0.2 on LAPTOP-KQMN93J1 with PID 16056 (C:\Users\micha\IdeaProjects\shashin\target\classes started by micha in C:\Users\micha\IdeaProjects\shashin)
2021-08-11 21:45:24,559 INFO org.springframework.boot.SpringApplication [restartedMain] No active profile set, falling back to default profiles: default
2021-08-11 21:45:24,628 INFO org.springframework.boot.logging.DeferredLog [restartedMain] Devtools property defaults active! Set 'spring.devtools.add-properties' to 'false' to disable
2021-08-11 21:45:24,629 INFO org.springframework.boot.logging.DeferredLog [restartedMain] For additional web related logging consider setting the 'logging.level.web' property to 'DEBUG'
2021-08-11 21:45:26,030 INFO org.springframework.boot.web.embedded.tomcat.TomcatWebServer [restartedMain] Tomcat initialized with port(s): 8080 (http)
2021-08-11 21:45:26,039 INFO org.apache.juli.logging.DirectJDKLog [restartedMain] Initializing ProtocolHandler ["http-nio-8080"]
2021-08-11 21:45:26,039 INFO org.apache.juli.logging.DirectJDKLog [restartedMain] Starting service [Tomcat]
2021-08-11 21:45:26,040 INFO org.apache.juli.logging.DirectJDKLog [restartedMain] Starting Servlet engine: [Apache Tomcat/9.0.50]
2021-08-11 21:45:26,134 INFO org.apache.juli.logging.DirectJDKLog [restartedMain] Initializing Spring embedded WebApplicationContext
2021-08-11 21:45:26,134 INFO org.springframework.boot.web.servlet.context.ServletWebServerApplicationContext [restartedMain] Root WebApplicationContext: initialization completed in 1504 ms
2021-08-11 21:45:26,395 INFO org.springframework.boot.autoconfigure.web.servlet.WelcomePageHandlerMapping [restartedMain] Adding welcome page: class path resource [static/index.html]
2021-08-11 21:45:26,543 INFO org.springframework.boot.devtools.autoconfigure.OptionalLiveReloadServer [restartedMain] LiveReload server is running on port 35729
2021-08-11 21:45:26,562 INFO org.apache.juli.logging.DirectJDKLog [restartedMain] Starting ProtocolHandler ["http-nio-8080"]
2021-08-11 21:45:26,603 INFO org.springframework.boot.web.embedded.tomcat.TomcatWebServer [restartedMain] Tomcat started on port(s): 8080 (http) with context path ''
2021-08-11 21:45:26,617 INFO org.springframework.boot.StartupInfoLogger [restartedMain] Started ShashinApplicationKt in 2.595 seconds (JVM running for 3.503)
2021-08-11 21:51:45,236 INFO org.springframework.boot.StartupInfoLogger [restartedMain] Starting ShashinApplicationKt using Java 16.0.2 on LAPTOP-KQMN93J1 with PID 14160 (C:\Users\micha\IdeaProjects\shashin\target\classes started by micha in C:\Users\micha\IdeaProjects\shashin)
2021-08-11 21:51:45,240 INFO org.springframework.boot.SpringApplication [restartedMain] No active profile set, falling back to default profiles: default
2021-08-11 21:51:45,320 INFO org.springframework.boot.logging.DeferredLog [restartedMain] Devtools property defaults active! Set 'spring.devtools.add-properties' to 'false' to disable
2021-08-11 21:51:45,320 INFO org.springframework.boot.logging.DeferredLog [restartedMain] For additional web related logging consider setting the 'logging.level.web' property to 'DEBUG'
2021-08-11 21:51:46,899 INFO org.springframework.boot.web.embedded.tomcat.TomcatWebServer [restartedMain] Tomcat initialized with port(s): 8080 (http)
2021-08-11 21:51:46,910 INFO org.apache.juli.logging.DirectJDKLog [restartedMain] Initializing ProtocolHandler ["http-nio-8080"]
2021-08-11 21:51:46,911 INFO org.apache.juli.logging.DirectJDKLog [restartedMain] Starting service [Tomcat]
2021-08-11 21:51:46,911 INFO org.apache.juli.logging.DirectJDKLog [restartedMain] Starting Servlet engine: [Apache Tomcat/9.0.50]
2021-08-11 21:51:47,017 INFO org.apache.juli.logging.DirectJDKLog [restartedMain] Initializing Spring embedded WebApplicationContext
2021-08-11 21:51:47,017 INFO org.springframework.boot.web.servlet.context.ServletWebServerApplicationContext [restartedMain] Root WebApplicationContext: initialization completed in 1696 ms
2021-08-11 21:51:47,290 INFO org.springframework.boot.autoconfigure.web.servlet.WelcomePageHandlerMapping [restartedMain] Adding welcome page: class path resource [static/index.html]
2021-08-11 21:51:47,509 INFO org.springframework.boot.devtools.autoconfigure.OptionalLiveReloadServer [restartedMain] LiveReload server is running on port 35729
2021-08-11 21:51:47,535 INFO org.apache.juli.logging.DirectJDKLog [restartedMain] Starting ProtocolHandler ["http-nio-8080"]
2021-08-11 21:51:47,591 INFO org.springframework.boot.web.embedded.tomcat.TomcatWebServer [restartedMain] Tomcat started on port(s): 8080 (http) with context path ''
2021-08-11 21:51:47,608 INFO org.springframework.boot.StartupInfoLogger [restartedMain] Started ShashinApplicationKt in 3.026 seconds (JVM running for 4.084)
2021-08-11 21:55:00,410 INFO org.springframework.boot.StartupInfoLogger [restartedMain] Starting ShashinApplicationKt using Java 16.0.2 on LAPTOP-KQMN93J1 with PID 536 (C:\Users\micha\IdeaProjects\shashin\target\classes started by micha in C:\Users\micha\IdeaProjects\shashin)
2021-08-11 21:55:00,414 INFO org.springframework.boot.SpringApplication [restartedMain] No active profile set, falling back to default profiles: default
2021-08-11 21:55:00,497 INFO org.springframework.boot.logging.DeferredLog [restartedMain] Devtools property defaults active! Set 'spring.devtools.add-properties' to 'false' to disable
2021-08-11 21:55:00,497 INFO org.springframework.boot.logging.DeferredLog [restartedMain] For additional web related logging consider setting the 'logging.level.web' property to 'DEBUG'
2021-08-11 21:55:01,952 INFO org.springframework.boot.web.embedded.tomcat.TomcatWebServer [restartedMain] Tomcat initialized with port(s): 8080 (http)
2021-08-11 21:55:01,966 INFO org.apache.juli.logging.DirectJDKLog [restartedMain] Initializing ProtocolHandler ["http-nio-8080"]
2021-08-11 21:55:01,967 INFO org.apache.juli.logging.DirectJDKLog [restartedMain] Starting service [Tomcat]
2021-08-11 21:55:01,967 INFO org.apache.juli.logging.DirectJDKLog [restartedMain] Starting Servlet engine: [Apache Tomcat/9.0.50]
2021-08-11 21:55:02,076 INFO org.apache.juli.logging.DirectJDKLog [restartedMain] Initializing Spring embedded WebApplicationContext
2021-08-11 21:55:02,076 INFO org.springframework.boot.web.servlet.context.ServletWebServerApplicationContext [restartedMain] Root WebApplicationContext: initialization completed in 1578 ms
2021-08-11 21:55:02,337 INFO org.springframework.boot.autoconfigure.web.servlet.WelcomePageHandlerMapping [restartedMain] Adding welcome page: class path resource [static/index.html]
2021-08-11 21:55:02,553 INFO org.springframework.boot.devtools.autoconfigure.OptionalLiveReloadServer [restartedMain] LiveReload server is running on port 35729
2021-08-11 21:55:02,581 INFO org.apache.juli.logging.DirectJDKLog [restartedMain] Starting ProtocolHandler ["http-nio-8080"]
2021-08-11 21:55:02,627 INFO org.springframework.boot.web.embedded.tomcat.TomcatWebServer [restartedMain] Tomcat started on port(s): 8080 (http) with context path ''
2021-08-11 21:55:02,641 INFO org.springframework.boot.StartupInfoLogger [restartedMain] Started ShashinApplicationKt in 2.884 seconds (JVM running for 3.921)
